3B7,00,00,00,00,00,00,00,08
3B7,00,00,00,00,00,00,00,08
3B7,00,00,00,00,00,00,00,08
3B7,00,00,00,00,00,00,00,08
3B7,00,00,00,00,00,00,00,08
3B7,00,00,00,00,00,00,00,08
3B7,00,00,00,00,00,00,00,08
3B7,00,00,00,00,00,00,00,08
3B7,00,00,00,00,00,00,00,08
3B7,00,00,00,00,00,00,00,08
3B7,00,00,00,00,00,00,00,08
3B7,00,00,00,00,00,00,00,08
3B7,00,00,00,00,00,00,00,08
3B7,00,00,00,00,00,00,00,08
3B7,00,00,00,00,00,00,00,08
3B7,00,00,00,00,00,00,00,08
3B7,00,00,00,00,00,00,00,08
3B7,00,00,00,00,00,00,00,08
3B7,00,00,00,00,00,00,00,08
3B7,00,00,00,00,00,00,00,08
3B7,00,00,00,00,00,00,00,08
3B7,00,00,00,00,00,00,00,08
3B7,00,00,00,00,00,00,00,08
3B7,00,00,00,00,00,00,00,08
3B7,00,00,00,00,00,00,00,08
3B7,00,00,00,00,00,00,00,08
3B7,00,00,00,00,00,00,00,08
3B7,00,00,00,00,00,00,00,08
3B7,00,00,00,00,00,00,00,08
3B7,00,00,00,00,00,00,00,08
3B7,00,00,00,00,00,00,00,08
3B7,00,00,00,00,00,00,00,08
3B7,00,00,00,00,00,00,00,08
3B7,00,00,00,00,00,00,00,08
3B7,00,00,00,00,00,00,00,08
3B7,00,00,00,00,00,00,00,08
3B7,00,00,00,00,00,00,00,08
3B7,00,00,00,00,00,00,00,08
3B7,00,00,00,00,00,00,00,08
3B7,00,00,00,00,00,00,00,08
3B7,00,00,00,00,00,00,00,08
3B7,00,00,00,00,00,00,00,08
3B7,00,00,00,00,00,00,00,08
3B7,00,00,00,00,00,00,00,08
3B7,00,00,00,00,00,00,00,08
3B7,00,00,00,00,00,00,00,08
3B7,00,00,00,00,00,00,00,08
3B7,00,00,00,00,00,00,00,08
3B7,00,00,00,00,00,00,00,08
3B7,00,00,00,00,00,00,00,08
3B7,00,00,00,00,00,00,00,08
3B7,00,00,00,00,00,00,00,08
3B7,00,00,00,00,00,00,00,08
3B7,00,00,00,00,00,00,00,08
3B7,00,00,00,00,00,00,00,08
3B7,00,00,00,00,00,00,00,08
3B7,00,00,00,00,00,00,00,08
3B7,00,00,00,00,00,00,00,08
3B7,00,00,00,00,00,00,00,08
3B7,00,00,00,00,00,00,00,08
3B7,00,00,00,00,00,00,00,08
3B7,00,00,00,00,00,00,00,08
3B7,00,00,00,00,00,00,00,08
3B7,00,00,00,00,00,00,00,08
3B7,00,00,00,00,00,00,00,08
3B7,00,00,00,00,00,00,00,08
3B7,00,00,00,00,00,00,00,08
3B7,00,00,00,00,00,00,00,08
3B7,00,00,00,00,00,00,00,08
3B7,00,00,00,00,00,00,00,08
3B7,00,00,00,00,00,00,00,08
3B7,00,00,00,00,00,00,00,08
3B7,00,00,00,00,00,00,00,08
3B7,00,00,00,00,00,00,00,08
3B7,00,00,00,00,00,00,00,08
3B7,00,00,00,00,00,00,00,08
3B7,00,00,00,00,00,00,00,08
3B7,00,00,00,00,00,00,00,08
3B7,00,00,00,00,00,00,00,08
3B7,00,00,00,00,00,00,00,08
3B7,00,00,00,00,00,00,00,08
3B7,00,00,00,00,00,00,00,08
3B7,00,00,00,00,00,00,00,08
3B7,00,00,00,00,00,00,00,08
3B7,00,00,00,00,00,00,00,08
3B7,00,00,00,00,00,00,00,08
3B7,00,00,00,00,00,00,00,08
3B7,00,00,00,00,00,00,00,08
3B7,00,00,00,00,00,00,00,08
3B7,00,00,00,00,00,00,00,08
3B7,00,00,00,00,00,00,00,08
3B7,00,00,00,00,00,00,00,08
3B7,00,00,00,00,00,00,00,08
3B7,00,00,00,00,00,00,00,08
3B7,00,00,00,00,00,00,00,08
3B7,00,00,00,00,00,00,00,08
3B7,00,00,00,00,00,00,00,08
3B7,00,00,00,00,00,00,00,08
3B7,00,00,00,00,00,00,00,08
3B7,00,00,00,00,00,00,00,08
3B7,00,00,00,00,00,00,00,08
3B7,00,00,00,00,00,00,00,08
3B7,00,00,00,00,00,00,00,08
3B7,00,00,00,00,00,00,00,08
3B7,00,00,00,00,00,00,00,08
3B7,00,00,00,00,00,00,00,08
3B7,00,00,00,00,00,00,00,08
3B7,00,00,00,00,00,00,00,08
3B7,00,00,00,00,00,00,00,08
3B7,00,00,00,00,00,00,00,08
3B7,00,00,00,00,00,00,00,08
3B7,00,00,00,00,00,00,00,08
3B7,00,00,00,00,00,00,00,08
3B7,00,00,00,00,00,00,00,08
3B7,00,00,00,00,00,00,00,08
3B7,00,00,00,00,00,00,00,08
3B7,00,00,00,00,00,00,00,08
3B7,00,00,00,00,00,00,00,08
3B7,00,00,00,00,00,00,00,08
3B7,00,00,00,00,00,00,00,08
3B7,00,00,00,00,00,00,00,08
3B7,00,00,00,00,00,00,00,08
3B7,00,00,00,00,00,00,00,08
3B7,00,00,00,00,00,00,00,08
3B7,00,00,00,00,00,00,00,08
3B7,00,00,00,00,00,00,00,08
3B7,00,00,00,00,00,00,00,08
3B7,00,00,00,00,00,00,00,08
3B7,00,00,00,00,00,00,00,08
3B7,00,00,00,00,00,00,00,08
3B7,00,00,00,00,00,00,00,08
3B7,00,00,00,00,00,00,00,08
3B7,00,00,00,00,00,00,00,08
3B7,00,00,00,00,00,00,00,08
3B7,00,00,00,00,00,00,00,08
3B7,00,00,00,00,00,00,00,08
3B7,00,00,00,00,00,00,00,08
3B7,00,00,00,00,00,00,00,08
3B7,00,00,00,00,00,00,00,08
3B7,00,00,00,00,00,00,00,08
3B7,00,00,00,00,00,00,00,08
3B7,00,00,00,00,00,00,00,08
3B7,00,00,00,00,00,00,00,08
3B7,00,00,00,00,00,00,00,08
3B7,00,00,00,00,00,00,00,08
3B7,00,00,00,00,00,00,00,08
3B7,00,00,00,00,00,00,00,08
3B7,00,00,00,00,00,00,00,08
3B7,00,00,00,00,00,00,00,08
3B7,00,00,00,00,00,00,00,08
3B7,00,00,00,00,00,00,00,08
3B7,00,00,00,00,00,00,00,08
3B7,00,00,00,00,00,00,00,08
3B7,00,00,00,00,00,00,00,08
3B7,00,00,00,00,00,00,00,08
3B7,00,00,00,00,00,00,00,08
3B7,00,00,00,00,00,00,00,08
3B7,00,00,00,00,00,00,00,08
3B7,00,00,00,00,00,00,00,08
3B7,00,00,00,00,00,00,00,08
3B7,00,00,00,00,00,00,00,08
3B7,00,00,00,00,00,00,00,08
3B7,00,00,00,00,00,00,00,08
3B7,00,00,00,00,00,00,00,08
3B7,00,00,00,00,00,00,00,08
3B7,00,00,00,00,00,00,00,08
3B7,00,00,00,00,00,00,00,08
3B7,00,00,00,00,00,00,00,08
3B7,00,00,00,00,00,00,00,08
3B7,00,00,00,00,00,00,00,08
3B7,00,00,00,00,00,00,00,08
3B7,00,00,00,00,00,00,00,08
3B7,00,00,00,00,00,00,00,08
3B7,00,00,00,00,00,00,00,08
3B7,00,00,00,00,00,00,00,08
3B7,00,00,00,00,00,00,00,08
3B7,00,00,00,00,00,00,00,08
3B7,00,00,00,00,00,00,00,08
3B7,00,00,00,00,00,00,00,08
3B7,00,00,00,00,00,00,00,08
3B7,00,00,00,00,00,00,00,08
3B7,00,00,00,00,00,00,00,08
3B7,00,00,00,00,00,00,00,08
3B7,00,00,00,00,00,00,00,08
3B7,00,00,00,00,00,00,00,08
3B7,00,00,00,00,00,00,00,08
3B7,00,00,00,00,00,00,00,08
3B7,00,00,00,00,00,00,00,08
3B7,00,00,00,00,00,00,00,08
3B7,00,00,00,00,00,00,00,08
3B7,00,00,00,00,00,00,00,08
3B7,00,00,00,00,00,00,00,08
3B7,00,00,00,00,00,00,00,08
3B7,00,00,00,00,00,00,00,08
3B7,00,00,00,00,00,00,00,08
3B7,00,00,00,00,00,00,00,08
3B7,00,00,00,00,00,00,00,08
3B7,00,00,00,00,00,00,00,08
3B7,00,00,00,00,00,00,00,08
3B7,00,00,00,00,00,00,00,08
3B7,00,00,00,00,00,00,00,08
3B7,00,00,00,00,00,00,00,08
3B7,00,00,00,00,00,00,00,08
3B7,00,00,00,00,00,00,00,08
3B7,00,00,00,00,00,00,00,08
3B7,00,00,00,00,00,00,00,08
3B7,00,00,00,00,00,00,00,08
3B7,00,00,00,00,00,00,00,08
3B7,00,00,00,00,00,00,00,08
3B7,00,00,00,00,00,00,00,08
3B7,00,00,00,00,00,00,00,08
3B7,00,00,00,00,00,00,00,08
3B7,00,00,00,00,00,00,00,08
3B7,00,00,00,00,00,00,00,08
3B7,00,00,00,00,00,00,00,08
3B7,00,00,00,00,00,00,00,08
3B7,00,00,00,00,00,00,00,08
3B7,00,00,00,00,00,00,00,08
3B7,00,00,00,00,00,00,00,08
3B7,00,00,00,00,00,00,00,08
3B7,00,00,00,00,00,00,00,08
3B7,00,00,00,00,00,00,00,08
3B7,00,00,00,00,00,00,00,08
3B7,00,00,00,00,00,00,00,08
3B7,00,00,00,00,00,00,00,08
3B7,00,00,00,00,00,00,00,08
3B7,00,00,00,00,00,00,00,08
3B7,00,00,00,00,00,00,00,08
3B7,00,00,00,00,00,00,00,08
3B7,00,00,00,00,00,00,00,08
3B7,00,00,00,00,00,00,00,08
3B7,00,00,00,00,00,00,00,08
3B7,00,00,00,00,00,00,00,08
3B7,00,00,00,00,00,00,00,08
3B7,00,00,00,00,00,00,00,08
3B7,00,00,00,00,00,00,00,08
3B7,00,00,00,00,00,00,00,08
3B7,00,00,00,00,00,00,00,08
3B7,00,00,00,00,00,00,00,08
3B7,00,00,00,00,00,00,00,08
3B7,00,00,00,00,00,00,00,08
3B7,00,00,00,00,00,00,00,08
3B7,00,00,00,00,00,00,00,08
3B7,00,00,00,00,00,00,00,08
3B7,00,00,00,00,00,00,00,08
3B7,00,00,00,00,00,00,00,08
3B7,00,00,00,00,00,00,00,08
3B7,00,00,00,00,00,00,00,08
3B7,00,00,00,00,00,00,00,08
3B7,00,00,00,00,00,00,00,08
3B7,00,00,00,00,00,00,00,08
3B7,00,00,00,00,00,00,00,08
3B7,00,00,00,00,00,00,00,08
3B7,00,00,00,00,00,00,00,08
3B7,00,00,00,00,00,00,00,08
3B7,00,00,00,00,00,00,00,08
3B7,00,00,00,00,00,00,00,08
3B7,00,00,00,00,00,00,00,08
3B7,00,00,00,00,00,00,00,08
3B7,00,00,00,00,00,00,00,08
3B7,00,00,00,00,00,00,00,08
3B7,00,00,00,00,00,00,00,08
3B7,00,00,00,00,00,00,00,08
3B7,00,00,00,00,00,00,00,08
3B7,00,00,00,00,00,00,00,08
3B7,00,00,00,00,00,00,00,08
3B7,00,00,00,00,00,00,00,08
3B7,00,00,00,00,00,00,00,08
3B7,00,00,00,00,00,00,00,08
3B7,00,00,00,00,00,00,00,08
3B7,00,00,00,00,00,00,00,08
3B7,00,00,00,00,00,00,00,08
3B7,00,00,00,00,00,00,00,08
3B7,00,00,00,00,00,00,00,08
3B7,00,00,00,00,00,00,00,08
3B7,00,00,00,00,00,00,00,08
3B7,00,00,00,00,00,00,00,08
3B7,00,00,00,00,00,00,00,08
3B7,00,00,00,00,00,00,00,08
3B7,00,00,00,00,00,00,00,08
3B7,00,00,00,00,00,00,00,08
3B7,00,00,00,00,00,00,00,08
3B7,00,00,00,00,00,00,00,08
3B7,00,00,00,00,00,00,00,08
3B7,00,00,00,00,00,00,00,08
3B7,00,00,00,00,00,00,00,08
3B7,00,00,00,00,00,00,00,08
3B7,00,00,00,00,00,00,00,08
3B7,00,00,00,00,00,00,00,08
3B7,00,00,00,00,00,00,00,08
3B7,00,00,00,00,00,00,00,08
3B7,00,00,00,00,00,00,00,08
3B7,00,00,00,00,00,00,00,08
3B7,00,00,00,00,00,00,00,08
3B7,00,00,00,00,00,00,00,08
3B7,00,00,00,00,00,00,00,08
3B7,00,00,00,00,00,00,00,08
3B7,00,00,00,00,00,00,00,08
3B7,00,00,00,00,00,00,00,08
3B7,00,00,00,00,00,00,00,08
3B7,00,00,00,00,00,00,00,08
3B7,00,00,00,00,00,00,00,08
3B7,00,00,00,00,00,00,00,08
3B7,00,00,00,00,00,00,00,08
3B7,00,00,00,00,00,00,00,08
3B7,00,00,00,00,00,00,00,08
3B7,00,00,00,00,00,00,00,08
3B7,00,00,00,00,00,00,00,08
3B7,00,00,00,00,00,00,00,08
3B7,00,00,00,00,00,00,00,08
3B7,00,00,00,00,00,00,00,08
3B7,00,00,00,00,00,00,00,08
3B7,00,00,00,00,00,00,00,08
3B7,00,00,00,00,00,00,00,08
3B7,00,00,00,00,00,00,00,08
3B7,00,00,00,00,00,00,00,08
3B7,00,00,00,00,00,00,00,08
3B7,00,00,00,00,00,00,00,08
3B7,00,00,00,00,00,00,00,08
3B7,00,00,00,00,00,00,00,08
3B7,00,00,00,00,00,00,00,08
3B7,00,00,00,00,00,00,00,08
3B7,00,00,00,00,00,00,00,08
3B7,00,00,00,00,00,00,00,08
3B7,00,00,00,00,00,00,00,08
3B7,00,00,00,00,00,00,00,08
3B7,00,00,00,00,00,00,00,08
3B7,00,00,00,00,00,00,00,08
3B7,00,00,00,00,00,00,00,08
3B7,00,00,00,00,00,00,00,08
3B7,00,00,00,00,00,00,00,08
3B7,00,00,00,00,00,00,00,08
3B7,00,00,00,00,00,00,00,08
3B7,00,00,00,00,00,00,00,08
3B7,00,00,00,00,00,00,00,08
3B7,00,00,00,00,00,00,00,08
3B7,00,00,00,00,00,00,00,08
3B7,00,00,00,00,00,00,00,08
3B7,00,00,00,00,00,00,00,08
3B7,00,00,00,00,00,00,00,08
3B7,00,00,00,00,00,00,00,08
3B7,00,00,00,00,00,00,00,08
3B7,00,00,00,00,00,00,00,08
3B7,00,00,00,00,00,00,00,08
3B7,00,00,00,00,00,00,00,08
3B7,00,00,00,00,00,00,00,08
3B7,00,00,00,00,00,00,00,08
3B7,00,00,00,00,00,00,00,08
3B7,00,00,00,00,00,00,00,08
3B7,00,00,00,00,00,00,00,08
3B7,00,00,00,00,00,00,00,08
3B7,00,00,00,00,00,00,00,08
3B7,00,00,00,00,00,00,00,08
3B7,00,00,00,00,00,00,00,08
3B7,00,00,00,00,00,00,00,08
3B7,00,00,00,00,00,00,00,08
3B7,00,00,00,00,00,00,00,08
3B7,00,00,00,00,00,00,00,08
3B7,00,00,00,00,00,00,00,08
3B7,00,00,00,00,00,00,00,08
3B7,00,00,00,00,00,00,00,08
3B7,00,00,00,00,00,00,00,08
3B7,00,00,00,00,00,00,00,08
3B7,00,00,00,00,00,00,00,08
3B7,00,00,00,00,00,00,00,08
3B7,00,00,00,00,00,00,00,08
3B7,00,00,00,00,00,00,00,08
3B7,00,00,00,00,00,00,00,08
3B7,00,00,00,00,00,00,00,08
3B7,00,00,00,00,00,00,00,08
3B7,00,00,00,00,00,00,00,08
3B7,00,00,00,00,00,00,00,08
3B7,00,00,00,00,00,00,00,08
3B7,00,00,00,00,00,00,00,08
3B7,00,00,00,00,00,00,00,08
3B7,00,00,00,00,00,00,00,08
3B7,00,00,00,00,00,00,00,08
3B7,00,00,00,00,00,00,00,08
3B7,00,00,00,00,00,00,00,08
3B7,00,00,00,00,00,00,00,08
3B7,00,00,00,00,00,00,00,08
3B7,00,00,00,00,00,00,00,08
3B7,00,00,00,00,00,00,00,08
3B7,00,00,00,00,00,00,00,08
3B7,00,00,00,00,00,00,00,08
3B7,00,00,00,00,00,00,00,08
3B7,00,00,00,00,00,00,00,08
3B7,00,00,00,00,00,00,00,08
3B7,00,00,00,00,00,00,00,08
3B7,00,00,00,00,00,00,00,08
3B7,00,00,00,00,00,00,00,08
3B7,00,00,00,00,00,00,00,08
3B7,00,00,00,00,00,00,00,08
3B7,00,00,00,00,00,00,00,08
3B7,00,00,00,00,00,00,00,08
3B7,00,00,00,00,00,00,00,08
3B7,00,00,00,00,00,00,00,08
3B7,00,00,00,00,00,00,00,08
3B7,00,00,00,00,00,00,00,08
3B7,00,00,00,00,00,00,00,08
3B7,00,00,00,00,00,00,00,08
3B7,00,00,00,00,00,00,00,08
3B7,00,00,00,00,00,00,00,08
3B7,00,00,00,00,00,00,00,08
3B7,00,00,00,00,00,00,00,08
3B7,00,00,00,00,00,00,00,08
3B7,00,00,00,00,00,00,00,08
3B7,00,00,00,00,00,00,00,08
3B7,00,00,00,00,00,00,00,08
3B7,00,00,00,00,00,00,00,08
3B7,00,00,00,00,00,00,00,08
3B7,00,00,00,00,00,00,00,08
3B7,00,00,00,00,00,00,00,08
3B7,00,00,00,00,00,00,00,08
3B7,00,00,00,00,00,00,00,08
3B7,00,00,00,00,00,00,00,08
3B7,00,00,00,00,00,00,00,08
3B7,00,00,00,00,00,00,00,08
3B7,00,00,00,00,00,00,00,08
3B7,00,00,00,00,00,00,00,08
3B7,00,00,00,00,00,00,00,08
3B7,00,00,00,00,00,00,00,08
3B7,00,00,00,00,00,00,00,08
3B7,00,00,00,00,00,00,00,08
3B7,00,00,00,00,00,00,00,08
3B7,00,00,00,00,00,00,00,08
3B7,00,00,00,00,00,00,00,08
3B7,00,00,00,00,00,00,00,08
3B7,00,00,00,00,00,00,00,08
3B7,00,00,00,00,00,00,00,08
3B7,00,00,00,00,00,00,00,08
3B7,00,00,00,00,00,00,00,08
3B7,00,00,00,00,00,00,00,08
3B7,00,00,00,00,00,00,00,08
3B7,00,00,00,00,00,00,00,08
3B7,00,00,00,00,00,00,00,08
3B7,00,00,00,00,00,00,00,08
3B7,00,00,00,00,00,00,00,08
3B7,00,00,00,00,00,00,00,08
3B7,00,00,00,00,00,00,00,08
3B7,00,00,00,00,00,00,00,08
3B7,00,00,00,00,00,00,00,08
3B7,00,00,00,00,00,00,00,08
3B7,00,00,00,00,00,00,00,08
3B7,00,00,00,00,00,00,00,08
3B7,00,00,00,00,00,00,00,08
3B7,00,00,00,00,00,00,00,08
3B7,00,00,00,00,00,00,00,08
3B7,00,00,00,00,00,00,00,08
3B7,00,00,00,00,00,00,00,08
3B7,00,00,00,00,00,00,00,08
3B7,00,00,00,00,00,00,00,08
3B7,00,00,00,00,00,00,00,08
3B7,00,00,00,00,00,00,00,08
3B7,00,00,00,00,00,00,00,08
3B7,00,00,00,00,00,00,00,08
3B7,00,00,00,00,00,00,00,08
3B7,00,00,00,00,00,00,00,08
3B7,00,00,00,00,00,00,00,08
3B7,00,00,00,00,00,00,00,08
3B7,00,00,00,00,00,00,00,08
3B7,00,00,00,00,00,00,00,08
3B7,00,00,00,00,00,00,00,08
3B7,00,00,00,00,00,00,00,08
3B7,00,00,00,00,00,00,00,08
3B7,00,00,00,00,00,00,00,08
3B7,00,00,00,00,00,00,00,08
3B7,00,00,00,00,00,00,00,08
3B7,00,00,00,00,00,00,00,08
3B7,00,00,00,00,00,00,00,08
3B7,00,00,00,00,00,00,00,08
3B7,00,00,00,00,00,00,00,08
3B7,00,00,00,00,00,00,00,08
3B7,00,00,00,00,00,00,00,08
3B7,00,00,00,00,00,00,00,08
3B7,00,00,00,00,00,00,00,08
3B7,00,00,00,00,00,00,00,08
3B7,00,00,00,00,00,00,00,08
3B7,00,00,00,00,00,00,00,08
3B7,00,00,00,00,00,00,00,08
3B7,00,00,00,00,00,00,00,08
3B7,00,00,00,00,00,00,00,08
3B7,00,00,00,00,00,00,00,08
3B7,00,00,00,00,00,00,00,08
3B7,00,00,00,00,00,00,00,08
3B7,00,00,00,00,00,00,00,08
3B7,00,00,00,00,00,00,00,08
3B7,00,00,00,00,00,00,00,08
3B7,00,00,00,00,00,00,00,08
3B7,00,00,00,00,00,00,00,08
3B7,00,00,00,00,00,00,00,08
3B7,00,00,00,00,00,00,00,08
3B7,00,00,00,00,00,00,00,08
3B7,00,00,00,00,00,00,00,08
3B7,00,00,00,00,00,00,00,08
3B7,00,00,00,00,00,00,00,08
3B7,00,00,00,00,00,00,00,08
3B7,00,00,00,00,00,00,00,08
3B7,00,00,00,00,00,00,00,08
3B7,00,00,00,00,00,00,00,08
3B7,00,00,00,00,00,00,00,08
3B7,00,00,00,00,00,00,00,08
3B7,00,00,00,00,00,00,00,08
3B7,00,00,00,00,00,00,00,08
3B7,00,00,00,00,00,00,00,08
3B7,00,00,00,00,00,00,00,08
3B7,00,00,00,00,00,00,00,08
3B7,00,00,00,00,00,00,00,08
3B7,00,00,00,00,00,00,00,08
3B7,00,00,00,00,00,00,00,08
3B7,00,00,00,00,00,00,00,08
3B7,00,00,00,00,00,00,00,08
3B7,00,00,00,00,00,00,00,08
3B7,00,00,00,00,00,00,00,08
3B7,00,00,00,00,00,00,00,08
3B7,00,00,00,00,00,00,00,08
3B7,00,00,00,00,00,00,00,08
3B7,00,00,00,00,00,00,00,08
3B7,00,00,00,00,00,00,00,08
3B7,00,00,00,00,00,00,00,08
3B7,00,00,00,00,00,00,00,08
3B7,00,00,00,00,00,00,00,08
3B7,00,00,00,00,00,00,00,08
3B7,00,00,00,00,00,00,00,08
3B7,00,00,00,00,00,00,00,08
3B7,00,00,00,00,00,00,00,08
3B7,00,00,00,00,00,00,00,08
3B7,00,00,00,00,00,00,00,08
3B7,00,00,00,00,00,00,00,08
3B7,00,00,00,00,00,00,00,08
3B7,00,00,00,00,00,00,00,08
3B7,00,00,00,00,00,00,00,08
3B7,00,00,00,00,00,00,00,08
3B7,00,00,00,00,00,00,00,08
3B7,00,00,00,00,00,00,00,08
3B7,00,00,00,00,00,00,00,08
3B7,00,00,00,00,00,00,00,08
3B7,00,00,00,00,00,00,00,08
3B7,00,00,00,00,00,00,00,08
3B7,00,00,00,00,00,00,00,08
3B7,00,00,00,00,00,00,00,08
3B7,00,00,00,00,00,00,00,08
3B7,00,00,00,00,00,00,00,08
3B7,00,00,00,00,00,00,00,08
3B7,00,00,00,00,00,00,00,08
3B7,00,00,00,00,00,00,00,08
3B7,00,00,00,00,00,00,00,08
3B7,00,00,00,00,00,00,00,08
3B7,00,00,00,00,00,00,00,08
3B7,00,00,00,00,00,00,00,08
3B7,00,00,00,00,00,00,00,08
3B7,00,00,00,00,00,00,00,08
3B7,00,00,00,00,00,00,00,08
3B7,00,00,00,00,00,00,00,08
3B7,00,00,00,00,00,00,00,08
3B7,00,00,00,00,00,00,00,08
3B7,00,00,00,00,00,00,00,08
3B7,00,00,00,00,00,00,00,08
3B7,00,00,00,00,00,00,00,08
3B7,00,00,00,00,00,00,00,08
3B7,00,00,00,00,00,00,00,08
3B7,00,00,00,00,00,00,00,08
3B7,00,00,00,00,00,00,00,08
3B7,00,00,00,00,00,00,00,08
3B7,00,00,00,00,00,00,00,08
3B7,00,00,00,00,00,00,00,08
3B7,00,00,00,00,00,00,00,08
3B7,00,00,00,00,00,00,00,08
3B7,00,00,00,00,00,00,00,08
3B7,00,00,00,00,00,00,00,08
3B7,00,00,00,00,00,00,00,08
3B7,00,00,00,00,00,00,00,08
3B7,00,00,00,00,00,00,00,08
3B7,00,00,00,00,00,00,00,08
3B7,00,00,00,00,00,00,00,08
3B7,00,00,00,00,00,00,00,08
3B7,00,00,00,00,00,00,00,08
3B7,00,00,00,00,00,00,00,08
3B7,00,00,00,00,00,00,00,08
3B7,00,00,00,00,00,00,00,08
3B7,00,00,00,00,00,00,00,08
3B7,00,00,00,00,00,00,00,08
3B7,00,00,00,00,00,00,00,08
3B7,00,00,00,00,00,00,00,08
3B7,00,00,00,00,00,00,00,08
3B7,00,00,00,00,00,00,00,08
3B7,00,00,00,00,00,00,00,08
3B7,00,00,00,00,00,00,00,08
3B7,00,00,00,00,00,00,00,08
3B7,00,00,00,00,00,00,00,08
3B7,00,00,00,00,00,00,00,08
3B7,00,00,00,00,00,00,00,08
3B7,00,00,00,00,00,00,00,08
3B7,00,00,00,00,00,00,00,08
3B7,00,00,00,00,00,00,00,08
3B7,00,00,00,00,00,00,00,08
3B7,00,00,00,00,00,00,00,08
3B7,00,00,00,00,00,00,00,08
3B7,00,00,00,00,00,00,00,08
3B7,00,00,00,00,00,00,00,08
3B7,00,00,00,00,00,00,00,08
3B7,00,00,00,00,00,00,00,08
3B7,00,00,00,00,00,00,00,08
3B7,00,00,00,00,00,00,00,08
3B7,00,00,00,00,00,00,00,08
3B7,00,00,00,00,00,00,00,08
3B7,00,00,00,00,00,00,00,08
3B7,00,00,00,00,00,00,00,08
3B7,00,00,00,00,00,00,00,08
3B7,00,00,00,00,00,00,00,08
3B7,00,00,00,00,00,00,00,08
3B7,00,00,00,00,00,00,00,08
3B7,00,00,00,00,00,00,00,08
3B7,00,00,00,00,00,00,00,08
3B7,00,00,00,00,00,00,00,08
3B7,00,00,00,00,00,00,00,08
3B7,00,00,00,00,00,00,00,08
3B7,00,00,00,00,00,00,00,08
3B7,00,00,00,00,00,00,00,08
3B7,00,00,00,00,00,00,00,08
3B7,00,00,00,00,00,00,00,08
3B7,00,00,00,00,00,00,00,08
3B7,00,00,00,00,00,00,00,08
3B7,00,00,00,00,00,00,00,08
3B7,00,00,00,00,00,00,00,08
3B7,00,00,00,00,00,00,00,08
3B7,00,00,00,00,00,00,00,08
3B7,00,00,00,00,00,00,00,08
3B7,00,00,00,00,00,00,00,08
3B7,00,00,00,00,00,00,00,08
3B7,00,00,00,00,00,00,00,08
3B7,00,00,00,00,00,00,00,08
3B7,00,00,00,00,00,00,00,08
3B7,00,00,00,00,00,00,00,08
3B7,00,00,00,00,00,00,00,08
3B7,00,00,00,00,00,00,00,08
3B7,00,00,00,00,00,00,00,08
3B7,00,00,00,00,00,00,00,08
3B7,00,00,00,00,00,00,00,08
3B7,00,00,00,00,00,00,00,08
3B7,00,00,00,00,00,00,00,08
3B7,00,00,00,00,00,00,00,08
3B7,00,00,00,00,00,00,00,08
3B7,00,00,00,00,00,00,00,08
3B7,00,00,00,00,00,00,00,08
3B7,00,00,00,00,00,00,00,08
3B7,00,00,00,00,00,00,00,08
3B7,00,00,00,00,00,00,00,08
3B7,00,00,00,00,00,00,00,08
3B7,00,00,00,00,00,00,00,08
3B7,00,00,00,00,00,00,00,08
3B7,00,00,00,00,00,00,00,08
3B7,00,00,00,00,00,00,00,08
3B7,00,00,00,00,00,00,00,08
3B7,00,00,00,00,00,00,00,08
3B7,00,00,00,00,00,00,00,08
3B7,00,00,00,00,00,00,00,08
3B7,00,00,00,00,00,00,00,08
3B7,00,00,00,00,00,00,00,08
3B7,00,00,00,00,00,00,00,08
3B7,00,00,00,00,00,00,00,08
3B7,00,00,00,00,00,00,00,08
3B7,00,00,00,00,00,00,00,08
3B7,00,00,00,00,00,00,00,08
3B7,00,00,00,00,00,00,00,08
3B7,00,00,00,00,00,00,00,08
3B7,00,00,00,00,00,00,00,08
3B7,00,00,00,00,00,00,00,08
3B7,00,00,00,00,00,00,00,08
3B7,00,00,00,00,00,00,00,08
3B7,00,00,00,00,00,00,00,08
3B7,00,00,00,00,00,00,00,08
3B7,00,00,00,00,00,00,00,08
3B7,00,00,00,00,00,00,00,08
3B7,00,00,00,00,00,00,00,08
3B7,00,00,00,00,00,00,00,08
3B7,00,00,00,00,00,00,00,08
3B7,00,00,00,00,00,00,00,08
3B7,00,00,00,00,00,00,00,08
3B7,00,00,00,00,00,00,00,08
3B7,00,00,00,00,00,00,00,08
3B7,00,00,00,00,00,00,00,08
3B7,00,00,00,00,00,00,00,08
3B7,00,00,00,00,00,00,00,08
3B7,00,00,00,00,00,00,00,08
3B7,00,00,00,00,00,00,00,08
3B7,00,00,00,00,00,00,00,08
3B7,00,00,00,00,00,00,00,08
3B7,00,00,00,00,00,00,00,08
3B7,00,00,00,00,00,00,00,08
3B7,00,00,00,00,00,00,00,08
3B7,00,00,00,00,00,00,00,08
3B7,00,00,00,00,00,00,00,08
3B7,00,00,00,00,00,00,00,08
3B7,00,00,00,00,00,00,00,08
3B7,00,00,00,00,00,00,00,08
3B7,00,00,00,00,00,00,00,08
3B7,00,00,00,00,00,00,00,08
3B7,00,00,00,00,00,00,00,08
3B7,00,00,00,00,00,00,00,08
3B7,00,00,00,00,00,00,00,08
3B7,00,00,00,00,00,00,00,08
3B7,00,00,00,00,00,00,00,08
3B7,00,00,00,00,00,00,00,08
3B7,00,00,00,00,00,00,00,08
3B7,00,00,00,00,00,00,00,08
3B7,00,00,00,00,00,00,00,08
3B7,00,00,00,00,00,00,00,08
3B7,00,00,00,00,00,00,00,08
3B7,00,00,00,00,00,00,00,08
3B7,00,00,00,00,00,00,00,08
3B7,00,00,00,00,00,00,00,08
3B7,00,00,00,00,00,00,00,08
3B7,00,00,00,00,00,00,00,08
3B7,00,00,00,00,00,00,00,08
3B7,00,00,00,00,00,00,00,08
3B7,00,00,00,00,00,00,00,08
3B7,00,00,00,00,00,00,00,08
3B7,00,00,00,00,00,00,00,08
3B7,00,00,00,00,00,00,00,08
3B7,00,00,00,00,00,00,00,08
3B7,00,00,00,00,00,00,00,08
3B7,00,00,00,00,00,00,00,08
3B7,00,00,00,00,00,00,00,08
3B7,00,00,00,00,00,00,00,08
3B7,00,00,00,00,00,00,00,08
3B7,00,00,00,00,00,00,00,08
3B7,00,00,00,00,00,00,00,08
3B7,00,00,00,00,00,00,00,08
3B7,00,00,00,00,00,00,00,08
3B7,00,00,00,00,00,00,00,08
3B7,00,00,00,00,00,00,00,08
3B7,00,00,00,00,00,00,00,08
3B7,00,00,00,00,00,00,00,08
3B7,00,00,00,00,00,00,00,08
3B7,00,00,00,00,00,00,00,08
3B7,00,00,00,00,00,00,00,08
3B7,00,00,00,00,00,00,00,08
3B7,00,00,00,00,00,00,00,08
3B7,00,00,00,00,00,00,00,08
3B7,00,00,00,00,00,00,00,08
3B7,00,00,00,00,00,00,00,08
3B7,00,00,00,00,00,00,00,08
3B7,00,00,00,00,00,00,00,08
3B7,00,00,00,00,00,00,00,08
3B7,00,00,00,00,00,00,00,08
3B7,00,00,00,00,00,00,00,08
3B7,00,00,00,00,00,00,00,08
3B7,00,00,00,00,00,00,00,08
3B7,00,00,00,00,00,00,00,08
3B7,00,00,00,00,00,00,00,08
3B7,00,00,00,00,00,00,00,08
3B7,00,00,00,00,00,00,00,08
3B7,00,00,00,00,00,00,00,08
3B7,00,00,00,00,00,00,00,08
3B7,00,00,00,00,00,00,00,08
3B7,00,00,00,00,00,00,00,08
3B7,00,00,00,00,00,00,00,08
3B7,00,00,00,00,00,00,00,08
3B7,00,00,00,00,00,00,00,08
3B7,00,00,00,00,00,00,00,08
3B7,00,00,00,00,00,00,00,08
3B7,00,00,00,00,00,00,00,08
3B7,00,00,00,00,00,00,00,08
3B7,00,00,00,00,00,00,00,08
3B7,00,00,00,00,00,00,00,08
3B7,00,00,00,00,00,00,00,08
3B7,00,00,00,00,00,00,00,08
3B7,00,00,00,00,00,00,00,08
3B7,00,00,00,00,00,00,00,08
3B7,00,00,00,00,00,00,00,08
3B7,00,00,00,00,00,00,00,08
3B7,00,00,00,00,00,00,00,08
3B7,00,00,00,00,00,00,00,08
3B7,00,00,00,00,00,00,00,08
3B7,00,00,00,00,00,00,00,08
3B7,00,00,00,00,00,00,00,08
3B7,00,00,00,00,00,00,00,08
3B7,00,00,00,00,00,00,00,08
3B7,00,00,00,00,00,00,00,08
3B7,00,00,00,00,00,00,00,08
3B7,00,00,00,00,00,00,00,08
3B7,00,00,00,00,00,00,00,08
3B7,00,00,00,00,00,00,00,08
3B7,00,00,00,00,00,00,00,08
3B7,00,00,00,00,00,00,00,08
3B7,00,00,00,00,00,00,00,08
3B7,00,00,00,00,00,00,00,08
3B7,00,00,00,00,00,00,00,08
3B7,00,00,00,00,00,00,00,08
3B7,00,00,00,00,00,00,00,08
3B7,00,00,00,00,00,00,00,08
3B7,00,00,00,00,00,00,00,08
3B7,00,00,00,00,00,00,00,08
3B7,00,00,00,00,00,00,00,08
3B7,00,00,00,00,00,00,00,08
3B7,00,00,00,00,00,00,00,08
3B7,00,00,00,00,00,00,00,08
3B7,00,00,00,00,00,00,00,08
3B7,00,00,00,00,00,00,00,08
3B7,00,00,00,00,00,00,00,08
3B7,00,00,00,00,00,00,00,08
3B7,00,00,00,00,00,00,00,08
3B7,00,00,00,00,00,00,00,08
3B7,00,00,00,00,00,00,00,08
3B7,00,00,00,00,00,00,00,08
3B7,00,00,00,00,00,00,00,08
3B7,00,00,00,00,00,00,00,08
3B7,00,00,00,00,00,00,00,08
3B7,00,00,00,00,00,00,00,08
3B7,00,00,00,00,00,00,00,08
3B7,00,00,00,00,00,00,00,08
3B7,00,00,00,00,00,00,00,08
3B7,00,00,00,00,00,00,00,08
3B7,00,00,00,00,00,00,00,08
3B7,00,00,00,00,00,00,00,08
3B7,00,00,00,00,00,00,00,08
3B7,00,00,00,00,00,00,00,08
3B7,00,00,00,00,00,00,00,08
3B7,00,00,00,00,00,00,00,08
3B7,00,00,00,00,00,00,00,08
3B7,00,00,00,00,00,00,00,08
3B7,00,00,00,00,00,00,00,08
3B7,00,00,00,00,00,00,00,08
3B7,00,00,00,00,00,00,00,08
3B7,00,00,00,00,00,00,00,08
3B7,00,00,00,00,00,00,00,08
3B7,00,00,00,00,00,00,00,08
3B7,00,00,00,00,00,00,00,08
3B7,00,00,00,00,00,00,00,08
3B7,00,00,00,00,00,00,00,08
3B7,00,00,00,00,00,00,00,08
3B7,00,00,00,00,00,00,00,08
3B7,00,00,00,00,00,00,00,08
3B7,00,00,00,00,00,00,00,08
3B7,00,00,00,00,00,00,00,08
3B7,00,00,00,00,00,00,00,08
3B7,00,00,00,00,00,00,00,08
3B7,00,00,00,00,00,00,00,08
3B7,00,00,00,00,00,00,00,08
3B7,00,00,00,00,00,00,00,08
3B7,00,00,00,00,00,00,00,08
3B7,00,00,00,00,00,00,00,08
3B7,00,00,00,00,00,00,00,08
3B7,00,00,00,00,00,00,00,08
3B7,00,00,00,00,00,00,00,08
3B7,00,00,00,00,00,00,00,08
3B7,00,00,00,00,00,00,00,08
3B7,00,00,00,00,00,00,00,08
3B7,00,00,00,00,00,00,00,08
3B7,00,00,00,00,00,00,00,08
3B7,00,00,00,00,00,00,00,08
3B7,00,00,00,00,00,00,00,08
3B7,00,00,00,00,00,00,00,08
3B7,00,00,00,00,00,00,00,08
3B7,00,00,00,00,00,00,00,08
3B7,00,00,00,00,00,00,00,08
3B7,00,00,00,00,00,00,00,08
3B7,00,00,00,00,00,00,00,08
3B7,00,00,00,00,00,00,00,08
3B7,00,00,00,00,00,00,00,08
3B7,00,00,00,00,00,00,00,08
3B7,00,00,00,00,00,00,00,08
3B7,00,00,00,00,00,00,00,08
3B7,00,00,00,00,00,00,00,08
3B7,00,00,00,00,00,00,00,08
3B7,00,00,00,00,00,00,00,08
3B7,00,00,00,00,00,00,00,08
3B7,00,00,00,00,00,00,00,08
3B7,00,00,00,00,00,00,00,08
3B7,00,00,00,00,00,00,00,08
3B7,00,00,00,00,00,00,00,08
3B7,00,00,00,00,00,00,00,08
3B7,00,00,00,00,00,00,00,08
3B7,00,00,00,00,00,00,00,08
3B7,00,00,00,00,00,00,00,08
3B7,00,00,00,00,00,00,00,08
3B7,00,00,00,00,00,00,00,08
3B7,00,00,00,00,00,00,00,08
3B7,00,00,00,00,00,00,00,08
3B7,00,00,00,00,00,00,00,08
3B7,00,00,00,00,00,00,00,08
3B7,00,00,00,00,00,00,00,08
3B7,00,00,00,00,00,00,00,08
3B7,00,00,00,00,00,00,00,08
3B7,00,00,00,00,00,00,00,08
3B7,00,00,00,00,00,00,00,08
3B7,00,00,00,00,00,00,00,08
3B7,00,00,00,00,00,00,00,08
3B7,00,00,00,00,00,00,00,08
3B7,00,00,00,00,00,00,00,08
3B7,00,00,00,00,00,00,00,08
3B7,00,00,00,00,00,00,00,08
3B7,00,00,00,00,00,00,00,08
3B7,00,00,00,00,00,00,00,08
3B7,00,00,00,00,00,00,00,08
3B7,00,00,00,00,00,00,00,08
3B7,00,00,00,00,00,00,00,08
3B7,00,00,00,00,00,00,00,08
3B7,00,00,00,00,00,00,00,08
3B7,00,00,00,00,00,00,00,08
3B7,00,00,00,00,00,00,00,08
3B7,00,00,00,00,00,00,00,08
3B7,00,00,00,00,00,00,00,08
3B7,00,00,00,00,00,00,00,08
3B7,00,00,00,00,00,00,00,08
3B7,00,00,00,00,00,00,00,08
3B7,00,00,00,00,00,00,00,08
3B7,00,00,00,00,00,00,00,08
3B7,00,00,00,00,00,00,00,08
3B7,00,00,00,00,00,00,00,08
3B7,00,00,00,00,00,00,00,08
3B7,00,00,00,00,00,00,00,08
3B7,00,00,00,00,00,00,00,08
3B7,00,00,00,00,00,00,00,08
3B7,00,00,00,00,00,00,00,08
3B7,00,00,00,00,00,00,00,08
3B7,00,00,00,00,00,00,00,08
3B7,00,00,00,00,00,00,00,08
3B7,00,00,00,00,00,00,00,08
3B7,00,00,00,00,00,00,00,08
3B7,00,00,00,00,00,00,00,08
3B7,00,00,00,00,00,00,00,08
3B7,00,00,00,00,00,00,00,08
3B7,00,00,00,00,00,00,00,08
3B7,00,00,00,00,00,00,00,08
3B7,00,00,00,00,00,00,00,08
3B7,00,00,00,00,00,00,00,08
3B7,00,00,00,00,00,00,00,08
3B7,00,00,00,00,00,00,00,08
3B7,00,00,00,00,00,00,00,08
3B7,00,00,00,00,00,00,00,08
3B7,00,00,00,00,00,00,00,08
3B7,00,00,00,00,00,00,00,08
3B7,00,00,00,00,00,00,00,08
3B7,00,00,00,00,00,00,00,08
3B7,00,00,00,00,00,00,00,08
3B7,00,00,00,00,00,00,00,08
3B7,00,00,00,00,00,00,00,08
3B7,00,00,00,00,00,00,00,08
3B7,00,00,00,00,00,00,00,08
3B7,00,00,00,00,00,00,00,08
3B7,00,00,00,00,00,00,00,08
3B7,00,00,00,00,00,00,00,08
3B7,00,00,00,00,00,00,00,08
3B7,00,00,00,00,00,00,00,08
3B7,00,00,00,00,00,00,00,08
3B7,00,00,00,00,00,00,00,08
3B7,00,00,00,00,00,00,00,08
3B7,00,00,00,00,00,00,00,08
3B7,00,00,00,00,00,00,00,08
3B7,00,00,00,00,00,00,00,08
3B7,00,00,00,00,00,00,00,08
3B7,00,00,00,00,00,00,00,08
3B7,00,00,00,00,00,00,00,08
3B7,00,00,00,00,00,00,00,08
3B7,00,00,00,00,00,00,00,08
3B7,00,00,00,00,00,00,00,08
3B7,00,00,00,00,00,00,00,08
3B7,00,00,00,00,00,00,00,08
3B7,00,00,00,00,00,00,00,08
3B7,00,00,00,00,00,00,00,08
3B7,00,00,00,00,00,00,00,08
3B7,00,00,00,00,00,00,00,08
3B7,00,00,00,00,00,00,00,08
3B7,00,00,00,00,00,00,00,08
3B7,00,00,00,00,00,00,00,08
3B7,00,00,00,00,00,00,00,08
3B7,00,00,00,00,00,00,00,08
3B7,00,00,00,00,00,00,00,08
3B7,00,00,00,00,00,00,00,08
3B7,00,00,00,00,00,00,00,08
3B7,00,00,00,00,00,00,00,08
3B7,00,00,00,00,00,00,00,08
3B7,00,00,00,00,00,00,00,08
3B7,00,00,00,00,00,00,00,08
3B7,00,00,00,00,00,00,00,08
3B7,00,00,00,00,00,00,00,08
3B7,00,00,00,00,00,00,00,08
3B7,00,00,00,00,00,00,00,08
3B7,00,00,00,00,00,00,00,08
3B7,00,00,00,00,00,00,00,08
3B7,00,00,00,00,00,00,00,08
3B7,00,00,00,00,00,00,00,08
3B7,00,00,00,00,00,00,00,08
3B7,00,00,00,00,00,00,00,08
3B7,00,00,00,00,00,00,00,08
3B7,00,00,00,00,00,00,00,08
3B7,00,00,00,00,00,00,00,08
3B7,00,00,00,00,00,00,00,08
3B7,00,00,00,00,00,00,00,08
3B7,00,00,00,00,00,00,00,08
3B7,00,00,00,00,00,00,00,08
3B7,00,00,00,00,00,00,00,08
3B7,00,00,00,00,00,00,00,08
3B7,00,00,00,00,00,00,00,08
3B7,00,00,00,00,00,00,00,08
3B7,00,00,00,00,00,00,00,08
3B7,00,00,00,00,00,00,00,08
3B7,00,00,00,00,00,00,00,08
3B7,00,00,00,00,00,00,00,08
3B7,00,00,00,00,00,00,00,08
3B7,00,00,00,00,00,00,00,08
3B7,00,00,00,00,00,00,00,08
3B7,00,00,00,00,00,00,00,08
3B7,00,00,00,00,00,00,00,08
3B7,00,00,00,00,00,00,00,08
3B7,00,00,00,00,00,00,00,08
3B7,00,00,00,00,00,00,00,08
3B7,00,00,00,00,00,00,00,08
3B7,00,00,00,00,00,00,00,08
3B7,00,00,00,00,00,00,00,08
3B7,00,00,00,00,00,00,00,08
3B7,00,00,00,00,00,00,00,08
3B7,00,00,00,00,00,00,00,08
3B7,00,00,00,00,00,00,00,08
3B7,00,00,00,00,00,00,00,08
3B7,00,00,00,00,00,00,00,08
3B7,00,00,00,00,00,00,00,08
3B7,00,00,00,00,00,00,00,08
3B7,00,00,00,00,00,00,00,08
3B7,00,00,00,00,00,00,00,08
3B7,00,00,00,00,00,00,00,08
3B7,00,00,00,00,00,00,00,08
3B7,00,00,00,00,00,00,00,08
3B7,00,00,00,00,00,00,00,08
3B7,00,00,00,00,00,00,00,08
3B7,00,00,00,00,00,00,00,08
3B7,00,00,00,00,00,00,00,08
3B7,00,00,00,00,00,00,00,08
3B7,00,00,00,00,00,00,00,08
3B7,00,00,00,00,00,00,00,08
3B7,00,00,00,00,00,00,00,08
3B7,00,00,00,00,00,00,00,08
3B7,00,00,00,00,00,00,00,08
3B7,00,00,00,00,00,00,00,08
3B7,00,00,00,00,00,00,00,08
3B7,00,00,00,00,00,00,00,08
3B7,00,00,00,00,00,00,00,08
3B7,00,00,00,00,00,00,00,08
3B7,00,00,00,00,00,00,00,08
3B7,00,00,00,00,00,00,00,08
3B7,00,00,00,00,00,00,00,08
3B7,00,00,00,00,00,00,00,08
3B7,00,00,00,00,00,00,00,08
3B7,00,00,00,00,00,00,00,08
3B7,00,00,00,00,00,00,00,08
3B7,00,00,00,00,00,00,00,08
3B7,00,00,00,00,00,00,00,08
3B7,00,00,00,00,00,00,00,08
3B7,00,00,00,00,00,00,00,08
3B7,00,00,00,00,00,00,00,08
3B7,00,00,00,00,00,00,00,08
3B7,00,00,00,00,00,00,00,08
3B7,00,00,00,00,00,00,00,08
3B7,00,00,00,00,00,00,00,08
3B7,00,00,00,00,00,00,00,08
3B7,00,00,00,00,00,00,00,08
3B7,00,00,00,00,00,00,00,08
3B7,00,00,00,00,00,00,00,08
3B7,00,00,00,00,00,00,00,08
3B7,00,00,00,00,00,00,00,08
3B7,00,00,00,00,00,00,00,08
3B7,00,00,00,00,00,00,00,08
3B7,00,00,00,00,00,00,00,08
3B7,00,00,00,00,00,00,00,08
3B7,00,00,00,00,00,00,00,08
3B7,00,00,00,00,00,00,00,08
3B7,00,00,00,00,00,00,00,08
3B7,00,00,00,00,00,00,00,08
3B7,00,00,00,00,00,00,00,08
3B7,00,00,00,00,00,00,00,08
3B7,00,00,00,00,00,00,00,08
3B7,00,00,00,00,00,00,00,08
3B7,00,00,00,00,00,00,00,08
3B7,00,00,00,00,00,00,00,08
3B7,00,00,00,00,00,00,00,08
3B7,00,00,00,00,00,00,00,08
3B7,00,00,00,00,00,00,00,08
3B7,00,00,00,00,00,00,00,08
3B7,00,00,00,00,00,00,00,08
3B7,00,00,00,00,00,00,00,08
3B7,00,00,00,00,00,00,00,08
3B7,00,00,00,00,00,00,00,08
3B7,00,00,00,00,00,00,00,08
3B7,00,00,00,00,00,00,00,08
3B7,00,00,00,00,00,00,00,08
3B7,00,00,00,00,00,00,00,08
3B7,00,00,00,00,00,00,00,08
3B7,00,00,00,00,00,00,00,08
3B7,00,00,00,00,00,00,00,08
3B7,00,00,00,00,00,00,00,08
3B7,00,00,00,00,00,00,00,08
3B7,00,00,00,00,00,00,00,08
3B7,00,00,00,00,00,00,00,08
3B7,00,00,00,00,00,00,00,08
3B7,00,00,00,00,00,00,00,08
3B7,00,00,00,00,00,00,00,08
3B7,00,00,00,00,00,00,00,08
3B7,00,00,00,00,00,00,00,08
3B7,00,00,00,00,00,00,00,08
3B7,00,00,00,00,00,00,00,08
3B7,00,00,00,00,00,00,00,08
3B7,00,00,00,00,00,00,00,08
3B7,00,00,00,00,00,00,00,08
3B7,00,00,00,00,00,00,00,08
3B7,00,00,00,00,00,00,00,08
3B7,00,00,00,00,00,00,00,08
3B7,00,00,00,00,00,00,00,08
3B7,00,00,00,00,00,00,00,08
3B7,00,00,00,00,00,00,00,08
3B7,00,00,00,00,00,00,00,08
3B7,00,00,00,00,00,00,00,08
3B7,00,00,00,00,00,00,00,08
3B7,00,00,00,00,00,00,00,08
3B7,00,00,00,00,00,00,00,08
3B7,00,00,00,00,00,00,00,08
3B7,00,00,00,00,00,00,00,08
3B7,00,00,00,00,00,00,00,08
3B7,00,00,00,00,00,00,00,08
3B7,00,00,00,00,00,00,00,08
3B7,00,00,00,00,00,00,00,08
3B7,00,00,00,00,00,00,00,08
3B7,00,00,00,00,00,00,00,08
3B7,00,00,00,00,00,00,00,08
3B7,00,00,00,00,00,00,00,08
3B7,00,00,00,00,00,00,00,08
3B7,00,00,00,00,00,00,00,08
3B7,00,00,00,00,00,00,00,08
3B7,00,00,00,00,00,00,00,08
3B7,00,00,00,00,00,00,00,08
3B7,00,00,00,00,00,00,00,08
3B7,00,00,00,00,00,00,00,08
3B7,00,00,00,00,00,00,00,08
3B7,00,00,00,00,00,00,00,08
3B7,00,00,00,00,00,00,00,08
3B7,00,00,00,00,00,00,00,08
3B7,00,00,00,00,00,00,00,08
3B7,00,00,00,00,00,00,00,08
3B7,00,00,00,00,00,00,00,08
3B7,00,00,00,00,00,00,00,08
3B7,00,00,00,00,00,00,00,08
3B7,00,00,00,00,00,00,00,08
3B7,00,00,00,00,00,00,00,08
3B7,00,00,00,00,00,00,00,08
3B7,00,00,00,00,00,00,00,08
3B7,00,00,00,00,00,00,00,08
3B7,00,00,00,00,00,00,00,08
3B7,00,00,00,00,00,00,00,08
3B7,00,00,00,00,00,00,00,08
3B7,00,00,00,00,00,00,00,08
3B7,00,00,00,00,00,00,00,08
3B7,00,00,00,00,00,00,00,08
3B7,00,00,00,00,00,00,00,08
3B7,00,00,00,00,00,00,00,08
3B7,00,00,00,00,00,00,00,08
3B7,00,00,00,00,00,00,00,08
3B7,00,00,00,00,00,00,00,08
3B7,00,00,00,00,00,00,00,08
3B7,00,00,00,00,00,00,00,08
3B7,00,00,00,00,00,00,00,08
3B7,00,00,00,00,00,00,00,08
3B7,00,00,00,00,00,00,00,08
3B7,00,00,00,00,00,00,00,08
3B7,00,00,00,00,00,00,00,08
3B7,00,00,00,00,00,00,00,08
3B7,00,00,00,00,00,00,00,08
3B7,00,00,00,00,00,00,00,08
3B7,00,00,00,00,00,00,00,08
3B7,00,00,00,00,00,00,00,08
3B7,00,00,00,00,00,00,00,08
3B7,00,00,00,00,00,00,00,08
3B7,00,00,00,00,00,00,00,08
3B7,00,00,00,00,00,00,00,08
3B7,00,00,00,00,00,00,00,08
3B7,00,00,00,00,00,00,00,08
3B7,00,00,00,00,00,00,00,08
3B7,00,00,00,00,00,00,00,08
3B7,00,00,00,00,00,00,00,08
3B7,00,00,00,00,00,00,00,08
3B7,00,00,00,00,00,00,00,08
3B7,00,00,00,00,00,00,00,08
3B7,00,00,00,00,00,00,00,08
3B7,00,00,00,00,00,00,00,08
3B7,00,00,00,00,00,00,00,08
3B7,00,00,00,00,00,00,00,08
3B7,00,00,00,00,00,00,00,08
3B7,00,00,00,00,00,00,00,08
3B7,00,00,00,00,00,00,00,08
3B7,00,00,00,00,00,00,00,08
3B7,00,00,00,00,00,00,00,08
3B7,00,00,00,00,00,00,00,08
3B7,00,00,00,00,00,00,00,08
3B7,00,00,00,00,00,00,00,08
3B7,00,00,00,00,00,00,00,08
3B7,00,00,00,00,00,00,00,08
3B7,00,00,00,00,00,00,00,08
3B7,00,00,00,00,00,00,00,08
3B7,00,00,00,00,00,00,00,08
3B7,00,00,00,00,00,00,00,08
3B7,00,00,00,00,00,00,00,08
3B7,00,00,00,00,00,00,00,08
3B7,00,00,00,00,00,00,00,08
3B7,00,00,00,00,00,00,00,08
3B7,00,00,00,00,00,00,00,08
3B7,00,00,00,00,00,00,00,08
3B7,00,00,00,00,00,00,00,08
3B7,00,00,00,00,00,00,00,08
3B7,00,00,00,00,00,00,00,08
3B7,00,00,00,00,00,00,00,08
3B7,00,00,00,00,00,00,00,08
3B7,00,00,00,00,00,00,00,08
3B7,00,00,00,00,00,00,00,08
3B7,00,00,00,00,00,00,00,08
3B7,00,00,00,00,00,00,00,08
3B7,00,00,00,00,00,00,00,08
3B7,00,00,00,00,00,00,00,08
3B7,00,00,00,00,00,00,00,08
3B7,00,00,00,00,00,00,00,08
3B7,00,00,00,00,00,00,00,08
3B7,00,00,00,00,00,00,00,08
3B7,00,00,00,00,00,00,00,08
3B7,00,00,00,00,00,00,00,08
3B7,00,00,00,00,00,00,00,08
3B7,00,00,00,00,00,00,00,08
3B7,00,00,00,00,00,00,00,08
3B7,00,00,00,00,00,00,00,08
3B7,00,00,00,00,00,00,00,08
3B7,00,00,00,00,00,00,00,08
3B7,00,00,00,00,00,00,00,08
3B7,00,00,00,00,00,00,00,08
3B7,00,00,00,00,00,00,00,08
3B7,00,00,00,00,00,00,00,08
3B7,00,00,00,00,00,00,00,08
3B7,00,00,00,00,00,00,00,08
3B7,00,00,00,00,00,00,00,08
3B7,00,00,00,00,00,00,00,08
3B7,00,00,00,00,00,00,00,08
3B7,00,00,00,00,00,00,00,08
3B7,00,00,00,00,00,00,00,08
3B7,00,00,00,00,00,00,00,08
3B7,00,00,00,00,00,00,00,08
3B7,00,00,00,00,00,00,00,08
3B7,00,00,00,00,00,00,00,08
3B7,00,00,00,00,00,00,00,08
3B7,00,00,00,00,00,00,00,08
3B7,00,00,00,00,00,00,00,08
3B7,00,00,00,00,00,00,00,08
3B7,00,00,00,00,00,00,00,08
3B7,00,00,00,00,00,00,00,08
3B7,00,00,00,00,00,00,00,08
3B7,00,00,00,00,00,00,00,08
3B7,00,00,00,00,00,00,00,08
3B7,00,00,00,00,00,00,00,08
3B7,00,00,00,00,00,00,00,08
3B7,00,00,00,00,00,00,00,08
3B7,00,00,00,00,00,00,00,08
3B7,00,00,00,00,00,00,00,08
3B7,00,00,00,00,00,00,00,08
3B7,00,00,00,00,00,00,00,08
3B7,00,00,00,00,00,00,00,08
3B7,00,00,00,00,00,00,00,08
3B7,00,00,00,00,00,00,00,08
3B7,00,00,00,00,00,00,00,08
3B7,00,00,00,00,00,00,00,08
3B7,00,00,00,00,00,00,00,08
3B7,00,00,00,00,00,00,00,08
3B7,00,00,00,00,00,00,00,08
3B7,00,00,00,00,00,00,00,08
3B7,00,00,00,00,00,00,00,08
3B7,00,00,00,00,00,00,00,08
3B7,00,00,00,00,00,00,00,08
3B7,00,00,00,00,00,00,00,08
3B7,00,00,00,00,00,00,00,08
3B7,00,00,00,00,00,00,00,08
3B7,00,00,00,00,00,00,00,08
3B7,00,00,00,00,00,00,00,08
3B7,00,00,00,00,00,00,00,08
3B7,00,00,00,00,00,00,00,08
3B7,00,00,00,00,00,00,00,08
3B7,00,00,00,00,00,00,00,08
3B7,00,00,00,00,00,00,00,08
3B7,00,00,00,00,00,00,00,08
3B7,00,00,00,00,00,00,00,08
3B7,00,00,00,00,00,00,00,08
3B7,00,00,00,00,00,00,00,08
3B7,00,00,00,00,00,00,00,08
3B7,00,00,00,00,00,00,00,08
3B7,00,00,00,00,00,00,00,08
3B7,00,00,00,00,00,00,00,08
3B7,00,00,00,00,00,00,00,08
3B7,00,00,00,00,00,00,00,08
3B7,00,00,00,00,00,00,00,08
3B7,00,00,00,00,00,00,00,08
3B7,00,00,00,00,00,00,00,08
3B7,00,00,00,00,00,00,00,08
3B7,00,00,00,00,00,00,00,08
3B7,00,00,00,00,00,00,00,08
3B7,00,00,00,00,00,00,00,08
3B7,00,00,00,00,00,00,00,08
3B7,00,00,00,00,00,00,00,08
3B7,00,00,00,00,00,00,00,08
3B7,00,00,00,00,00,00,00,08
3B7,00,00,00,00,00,00,00,08
3B7,00,00,00,00,00,00,00,08
3B7,00,00,00,00,00,00,00,08
3B7,00,00,00,00,00,00,00,08
3B7,00,00,00,00,00,00,00,08
3B7,00,00,00,00,00,00,00,08
3B7,00,00,00,00,00,00,00,08
3B7,00,00,00,00,00,00,00,08
3B7,00,00,00,00,00,00,00,08
3B7,00,00,00,00,00,00,00,08
3B7,00,00,00,00,00,00,00,08
3B7,00,00,00,00,00,00,00,08
3B7,00,00,00,00,00,00,00,08
3B7,00,00,00,00,00,00,00,08
3B7,00,00,00,00,00,00,00,08
3B7,00,00,00,00,00,00,00,08
3B7,00,00,00,00,00,00,00,08
3B7,00,00,00,00,00,00,00,08
3B7,00,00,00,00,00,00,00,08
3B7,00,00,00,00,00,00,00,08
3B7,00,00,00,00,00,00,00,08
3B7,00,00,00,00,00,00,00,08
3B7,00,00,00,00,00,00,00,08
3B7,00,00,00,00,00,00,00,08
3B7,00,00,00,00,00,00,00,08
3B7,00,00,00,00,00,00,00,08
3B7,00,00,00,00,00,00,00,08
3B7,00,00,00,00,00,00,00,08
3B7,00,00,00,00,00,00,00,08
3B7,00,00,00,00,00,00,00,08
3B7,00,00,00,00,00,00,00,08
3B7,00,00,00,00,00,00,00,08
3B7,00,00,00,00,00,00,00,08
3B7,00,00,00,00,00,00,00,08
3B7,00,00,00,00,00,00,00,08
3B7,00,00,00,00,00,00,00,08
3B7,00,00,00,00,00,00,00,08
3B7,00,00,00,00,00,00,00,08
3B7,00,00,00,00,00,00,00,08
3B7,00,00,00,00,00,00,00,08
3B7,00,00,00,00,00,00,00,08
3B7,00,00,00,00,00,00,00,08
3B7,00,00,00,00,00,00,00,08
3B7,00,00,00,00,00,00,00,08
3B7,00,00,00,00,00,00,00,08
3B7,00,00,00,00,00,00,00,08
3B7,00,00,00,00,00,00,00,08
3B7,00,00,00,00,00,00,00,08
3B7,00,00,00,00,00,00,00,08
3B7,00,00,00,00,00,00,00,08
3B7,00,00,00,00,00,00,00,08
3B7,00,00,00,00,00,00,00,08
3B7,00,00,00,00,00,00,00,08
3B7,00,00,00,00,00,00,00,08
3B7,00,00,00,00,00,00,00,08
3B7,00,00,00,00,00,00,00,08
3B7,00,00,00,00,00,00,00,08
3B7,00,00,00,00,00,00,00,08
3B7,00,00,00,00,00,00,00,08
3B7,00,00,00,00,00,00,00,08
3B7,00,00,00,00,00,00,00,08
3B7,00,00,00,00,00,00,00,08
3B7,00,00,00,00,00,00,00,08
3B7,00,00,00,00,00,00,00,08
3B7,00,00,00,00,00,00,00,08
3B7,00,00,00,00,00,00,00,08
3B7,00,00,00,00,00,00,00,08
3B7,00,00,00,00,00,00,00,08
3B7,00,00,00,00,00,00,00,08
3B7,00,00,00,00,00,00,00,08
3B7,00,00,00,00,00,00,00,08
3B7,00,00,00,00,00,00,00,08
3B7,00,00,00,00,00,00,00,08
3B7,00,00,00,00,00,00,00,08
3B7,00,00,00,00,00,00,00,08
3B7,00,00,00,00,00,00,00,08
3B7,00,00,00,00,00,00,00,08
3B7,00,00,00,00,00,00,00,08
3B7,00,00,00,00,00,00,00,08
3B7,00,00,00,00,00,00,00,08
3B7,00,00,00,00,00,00,00,08
3B7,00,00,00,00,00,00,00,08
3B7,00,00,00,00,00,00,00,08
3B7,00,00,00,00,00,00,00,08
3B7,00,00,00,00,00,00,00,08
3B7,00,00,00,00,00,00,00,08
3B7,00,00,00,00,00,00,00,08
3B7,00,00,00,00,00,00,00,08
3B7,00,00,00,00,00,00,00,08
3B7,00,00,00,00,00,00,00,08
3B7,00,00,00,00,00,00,00,08
3B7,00,00,00,00,00,00,00,08
3B7,00,00,00,00,00,00,00,08
3B7,00,00,00,00,00,00,00,08
3B7,00,00,00,00,00,00,00,08
3B7,00,00,00,00,00,00,00,08
3B7,00,00,00,00,00,00,00,08
3B7,00,00,00,00,00,00,00,08
3B7,00,00,00,00,00,00,00,08
3B7,00,00,00,00,00,00,00,08
3B7,00,00,00,00,00,00,00,08
3B7,00,00,00,00,00,00,00,08
3B7,00,00,00,00,00,00,00,08
3B7,00,00,00,00,00,00,00,08
3B7,00,00,00,00,00,00,00,08
3B7,00,00,00,00,00,00,00,08
3B7,00,00,00,00,00,00,00,08
3B7,00,00,00,00,00,00,00,08
3B7,00,00,00,00,00,00,00,08
3B7,00,00,00,00,00,00,00,08
3B7,00,00,00,00,00,00,00,08
3B7,00,00,00,00,00,00,00,08
3B7,00,00,00,00,00,00,00,08
3B7,00,00,00,00,00,00,00,08
3B7,00,00,00,00,00,00,00,08
3B7,00,00,00,00,00,00,00,08
3B7,00,00,00,00,00,00,00,08
3B7,00,00,00,00,00,00,00,08
3B7,00,00,00,00,00,00,00,08
3B7,00,00,00,00,00,00,00,08
3B7,00,00,00,00,00,00,00,08
3B7,00,00,00,00,00,00,00,08
3B7,00,00,00,00,00,00,00,08
3B7,00,00,00,00,00,00,00,08
3B7,00,00,00,00,00,00,00,08
3B7,00,00,00,00,00,00,00,08
3B7,00,00,00,00,00,00,00,08
3B7,00,00,00,00,00,00,00,08
3B7,00,00,00,00,00,00,00,08
3B7,00,00,00,00,00,00,00,08
3B7,00,00,00,00,00,00,00,08
3B7,00,00,00,00,00,00,00,08
3B7,00,00,00,00,00,00,00,08
3B7,00,00,00,00,00,00,00,08
3B7,00,00,00,00,00,00,00,08
3B7,00,00,00,00,00,00,00,08
3B7,00,00,00,00,00,00,00,08
3B7,00,00,00,00,00,00,00,08
3B7,00,00,00,00,00,00,00,08
3B7,00,00,00,00,00,00,00,08
3B7,00,00,00,00,00,00,00,08
3B7,00,00,00,00,00,00,00,08
3B7,00,00,00,00,00,00,00,08
3B7,00,00,00,00,00,00,00,08
3B7,00,00,00,00,00,00,00,08
3B7,00,00,00,00,00,00,00,08
3B7,00,00,00,00,00,00,00,08
3B7,00,00,00,00,00,00,00,08
3B7,00,00,00,00,00,00,00,08
3B7,00,00,00,00,00,00,00,08
3B7,00,00,00,00,00,00,00,08
3B7,00,00,00,00,00,00,00,08
3B7,00,00,00,00,00,00,00,08
3B7,00,00,00,00,00,00,00,08
3B7,00,00,00,00,00,00,00,08
3B7,00,00,00,00,00,00,00,08
3B7,00,00,00,00,00,00,00,08
3B7,00,00,00,00,00,00,00,08
3B7,00,00,00,00,00,00,00,08
3B7,00,00,00,00,00,00,00,08
3B7,00,00,00,00,00,00,00,08
3B7,00,00,00,00,00,00,00,08
3B7,00,00,00,00,00,00,00,08
3B7,00,00,00,00,00,00,00,08
3B7,00,00,00,00,00,00,00,08
3B7,00,00,00,00,00,00,00,08
3B7,00,00,00,00,00,00,00,08
3B7,00,00,00,00,00,00,00,08
3B7,00,00,00,00,00,00,00,08
3B7,00,00,00,00,00,00,00,08
3B7,00,00,00,00,00,00,00,08
3B7,00,00,00,00,00,00,00,08
3B7,00,00,00,00,00,00,00,08
3B7,00,00,00,00,00,00,00,08
3B7,00,00,00,00,00,00,00,08
3B7,00,00,00,00,00,00,00,08
3B7,00,00,00,00,00,00,00,08
3B7,00,00,00,00,00,00,00,08
3B7,00,00,00,00,00,00,00,08
3B7,00,00,00,00,00,00,00,08
3B7,00,00,00,00,00,00,00,08
3B7,00,00,00,00,00,00,00,08
3B7,00,00,00,00,00,00,00,08
3B7,00,00,00,00,00,00,00,08
3B7,00,00,00,00,00,00,00,08
3B7,00,00,00,00,00,00,00,08
3B7,00,00,00,00,00,00,00,08
3B7,00,00,00,00,00,00,00,08
3B7,00,00,00,00,00,00,00,08
3B7,00,00,00,00,00,00,00,08
3B7,00,00,00,00,00,00,00,08
3B7,00,00,00,00,00,00,00,08
3B7,00,00,00,00,00,00,00,08
3B7,00,00,00,00,00,00,00,08
3B7,00,00,00,00,00,00,00,08
3B7,00,00,00,00,00,00,00,08
3B7,00,00,00,00,00,00,00,08
3B7,00,00,00,00,00,00,00,08
3B7,00,00,00,00,00,00,00,08
3B7,00,00,00,00,00,00,00,08
3B7,00,00,00,00,00,00,00,08
3B7,00,00,00,00,00,00,00,08
3B7,00,00,00,00,00,00,00,08
3B7,00,00,00,00,00,00,00,08
3B7,00,00,00,00,00,00,00,08
3B7,00,00,00,00,00,00,00,08
3B7,00,00,00,00,00,00,00,08
3B7,00,00,00,00,00,00,00,08
3B7,00,00,00,00,00,00,00,08
3B7,00,00,00,00,00,00,00,08
3B7,00,00,00,00,00,00,00,08
3B7,00,00,00,00,00,00,00,08
3B7,00,00,00,00,00,00,00,08
3B7,00,00,00,00,00,00,00,08
3B7,00,00,00,00,00,00,00,08
3B7,00,00,00,00,00,00,00,08
3B7,00,00,00,00,00,00,00,08
3B7,00,00,00,00,00,00,00,08
3B7,00,00,00,00,00,00,00,08
3B7,00,00,00,00,00,00,00,08
3B7,00,00,00,00,00,00,00,08
3B7,00,00,00,00,00,00,00,08
3B7,00,00,00,00,00,00,00,08
3B7,00,00,00,00,00,00,00,08
3B7,00,00,00,00,00,00,00,08
3B7,00,00,00,00,00,00,00,08
3B7,00,00,00,00,00,00,00,08
3B7,00,00,00,00,00,00,00,08
3B7,00,00,00,00,00,00,00,08
3B7,00,00,00,00,00,00,00,08
3B7,00,00,00,00,00,00,00,08
3B7,00,00,00,00,00,00,00,08
3B7,00,00,00,00,00,00,00,08
3B7,00,00,00,00,00,00,00,08
3B7,00,00,00,00,00,00,00,08
3B7,00,00,00,00,00,00,00,08
3B7,00,00,00,00,00,00,00,08
3B7,00,00,00,00,00,00,00,08
3B7,00,00,00,00,00,00,00,08
3B7,00,00,00,00,00,00,00,08
3B7,00,00,00,00,00,00,00,08
3B7,00,00,00,00,00,00,00,08
3B7,00,00,00,00,00,00,00,08
3B7,00,00,00,00,00,00,00,08
3B7,00,00,00,00,00,00,00,08
3B7,00,00,00,00,00,00,00,08
3B7,00,00,00,00,00,00,00,08
3B7,00,00,00,00,00,00,00,08
3B7,00,00,00,00,00,00,00,08
3B7,00,00,00,00,00,00,00,08
3B7,00,00,00,00,00,00,00,08
3B7,00,00,00,00,00,00,00,08
3B7,00,00,00,00,00,00,00,08
3B7,00,00,00,00,00,00,00,08
3B7,00,00,00,00,00,00,00,08
3B7,00,00,00,00,00,00,00,08
3B7,00,00,00,00,00,00,00,08
3B7,00,00,00,00,00,00,00,08
3B7,00,00,00,00,00,00,00,08
3B7,00,00,00,00,00,00,00,08
3B7,00,00,00,00,00,00,00,08
3B7,00,00,00,00,00,00,00,08
3B7,00,00,00,00,00,00,00,08
3B7,00,00,00,00,00,00,00,08
3B7,00,00,00,00,00,00,00,08
3B7,00,00,00,00,00,00,00,08
3B7,00,00,00,00,00,00,00,08
3B7,00,00,00,00,00,00,00,08
3B7,00,00,00,00,00,00,00,08
3B7,00,00,00,00,00,00,00,08
3B7,00,00,00,00,00,00,00,08
3B7,00,00,00,00,00,00,00,08
3B7,00,00,00,00,00,00,00,08
3B7,00,00,00,00,00,00,00,08
3B7,00,00,00,00,00,00,00,08
3B7,00,00,00,00,00,00,00,08
3B7,00,00,00,00,00,00,00,08
3B7,00,00,00,00,00,00,00,08
3B7,00,00,00,00,00,00,00,08
3B7,00,00,00,00,00,00,00,08
3B7,00,00,00,00,00,00,00,08
3B7,00,00,00,00,00,00,00,08
3B7,00,00,00,00,00,00,00,08
3B7,00,00,00,00,00,00,00,08
3B7,00,00,00,00,00,00,00,08
3B7,00,00,00,00,00,00,00,08
3B7,00,00,00,00,00,00,00,08
3B7,00,00,00,00,00,00,00,08
3B7,00,00,00,00,00,00,00,08
3B7,00,00,00,00,00,00,00,08
3B7,00,00,00,00,00,00,00,08
3B7,00,00,00,00,00,00,00,08
3B7,00,00,00,00,00,00,00,08
3B7,00,00,00,00,00,00,00,08
3B7,00,00,00,00,00,00,00,08
3B7,00,00,00,00,00,00,00,08
3B7,00,00,00,00,00,00,00,08
3B7,00,00,00,00,00,00,00,08
3B7,00,00,00,00,00,00,00,08
3B7,00,00,00,00,00,00,00,08
3B7,00,00,00,00,00,00,00,08
3B7,00,00,00,00,00,00,00,08
3B7,00,00,00,00,00,00,00,08
3B7,00,00,00,00,00,00,00,08
3B7,00,00,00,00,00,00,00,08
3B7,00,00,00,00,00,00,00,08
3B7,00,00,00,00,00,00,00,08
3B7,00,00,00,00,00,00,00,08
3B7,00,00,00,00,00,00,00,08
3B7,00,00,00,00,00,00,00,08
3B7,00,00,00,00,00,00,00,08
3B7,00,00,00,00,00,00,00,08
3B7,00,00,00,00,00,00,00,08
3B7,00,00,00,00,00,00,00,08
3B7,00,00,00,00,00,00,00,08
3B7,00,00,00,00,00,00,00,08
3B7,00,00,00,00,00,00,00,08
3B7,00,00,00,00,00,00,00,08
3B7,00,00,00,00,00,00,00,08
3B7,00,00,00,00,00,00,00,08
3B7,00,00,00,00,00,00,00,08
3B7,00,00,00,00,00,00,00,08
3B7,00,00,00,00,00,00,00,08
3B7,00,00,00,00,00,00,00,08
3B7,00,00,00,00,00,00,00,08
3B7,00,00,00,00,00,00,00,08
3B7,00,00,00,00,00,00,00,08
3B7,00,00,00,00,00,00,00,08
3B7,00,00,00,00,00,00,00,08
3B7,00,00,00,00,00,00,00,08
3B7,00,00,00,00,00,00,00,08
3B7,00,00,00,00,00,00,00,08
3B7,00,00,00,00,00,00,00,08
3B7,00,00,00,00,00,00,00,08
3B7,00,00,00,00,00,00,00,08
3B7,00,00,00,00,00,00,00,08
3B7,00,00,00,00,00,00,00,08
3B7,00,00,00,00,00,00,00,08
3B7,00,00,00,00,00,00,00,08
3B7,00,00,00,00,00,00,00,08
3B7,00,00,00,00,00,00,00,08
3B7,00,00,00,00,00,00,00,08
3B7,00,00,00,00,00,00,00,08
3B7,00,00,00,00,00,00,00,08
3B7,00,00,00,00,00,00,00,08
3B7,00,00,00,00,00,00,00,08
3B7,00,00,00,00,00,00,00,08
3B7,00,00,00,00,00,00,00,08
3B7,00,00,00,00,00,00,00,08
3B7,00,00,00,00,00,00,00,08
3B7,00,00,00,00,00,00,00,08
3B7,00,00,00,00,00,00,00,08
3B7,00,00,00,00,00,00,00,08
3B7,00,00,00,00,00,00,00,08
3B7,00,00,00,00,00,00,00,08
3B7,00,00,00,00,00,00,00,08
3B7,00,00,00,00,00,00,00,08
3B7,00,00,00,00,00,00,00,08
3B7,00,00,00,00,00,00,00,08
3B7,00,00,00,00,00,00,00,08
3B7,00,00,00,00,00,00,00,08
3B7,00,00,00,00,00,00,00,08
3B7,00,00,00,00,00,00,00,08
3B7,00,00,00,00,00,00,00,08
3B7,00,00,00,00,00,00,00,08
3B7,00,00,00,00,00,00,00,08
3B7,00,00,00,00,00,00,00,08
3B7,00,00,00,00,00,00,00,08
3B7,00,00,00,00,00,00,00,08
3B7,00,00,00,00,00,00,00,08
3B7,00,00,00,00,00,00,00,08
3B7,00,00,00,00,00,00,00,08
3B7,00,00,00,00,00,00,00,08
3B7,00,00,00,00,00,00,00,08
3B7,00,00,00,00,00,00,00,08
3B7,00,00,00,00,00,00,00,08
3B7,00,00,00,00,00,00,00,08
3B7,00,00,00,00,00,00,00,08
3B7,00,00,00,00,00,00,00,08
3B7,00,00,00,00,00,00,00,08
3B7,00,00,00,00,00,00,00,08
3B7,00,00,00,00,00,00,00,08
3B7,00,00,00,00,00,00,00,08
3B7,00,00,00,00,00,00,00,08
3B7,00,00,00,00,00,00,00,08
3B7,00,00,00,00,00,00,00,08
3B7,00,00,00,00,00,00,00,08
3B7,00,00,00,00,00,00,00,08
3B7,00,00,00,00,00,00,00,08
3B7,00,00,00,00,00,00,00,08
3B7,00,00,00,00,00,00,00,08
3B7,00,00,00,00,00,00,00,08
3B7,00,00,00,00,00,00,00,08
3B7,00,00,00,00,00,00,00,08
3B7,00,00,00,00,00,00,00,08
3B7,00,00,00,00,00,00,00,08
3B7,00,00,00,00,00,00,00,08
3B7,00,00,00,00,00,00,00,08
3B7,00,00,00,00,00,00,00,08
3B7,00,00,00,00,00,00,00,08
3B7,00,00,00,00,00,00,00,08
3B7,00,00,00,00,00,00,00,08
3B7,00,00,00,00,00,00,00,08
3B7,00,00,00,00,00,00,00,08
3B7,00,00,00,00,00,00,00,08
3B7,00,00,00,00,00,00,00,08
3B7,00,00,00,00,00,00,00,08
3B7,00,00,00,00,00,00,00,08
3B7,00,00,00,00,00,00,00,08
3B7,00,00,00,00,00,00,00,08
3B7,00,00,00,00,00,00,00,08
3B7,00,00,00,00,00,00,00,08
3B7,00,00,00,00,00,00,00,08
3B7,00,00,00,00,00,00,00,08
3B7,00,00,00,00,00,00,00,08
3B7,00,00,00,00,00,00,00,08
3B7,00,00,00,00,00,00,00,08
3B7,00,00,00,00,00,00,00,08
3B7,00,00,00,00,00,00,00,08
3B7,00,00,00,00,00,00,00,08
3B7,00,00,00,00,00,00,00,08
3B7,00,00,00,00,00,00,00,08
3B7,00,00,00,00,00,00,00,08
3B7,00,00,00,00,00,00,00,08
3B7,00,00,00,00,00,00,00,08
3B7,00,00,00,00,00,00,00,08
3B7,00,00,00,00,00,00,00,08
3B7,00,00,00,00,00,00,00,08
3B7,00,00,00,00,00,00,00,08
3B7,00,00,00,00,00,00,00,08
3B7,00,00,00,00,00,00,00,08
3B7,00,00,00,00,00,00,00,08
3B7,00,00,00,00,00,00,00,08
3B7,00,00,00,00,00,00,00,08
3B7,00,00,00,00,00,00,00,08
3B7,00,00,00,00,00,00,00,08
3B7,00,00,00,00,00,00,00,08
3B7,00,00,00,00,00,00,00,08
3B7,00,00,00,00,00,00,00,08
3B7,00,00,00,00,00,00,00,08
3B7,00,00,00,00,00,00,00,08
3B7,00,00,00,00,00,00,00,08
3B7,00,00,00,00,00,00,00,08
3B7,00,00,00,00,00,00,00,08
3B7,00,00,00,00,00,00,00,08
3B7,00,00,00,00,00,00,00,08
3B7,00,00,00,00,00,00,00,08
3B7,00,00,00,00,00,00,00,08
3B7,00,00,00,00,00,00,00,08
3B7,00,00,00,00,00,00,00,08
3B7,00,00,00,00,00,00,00,08
3B7,00,00,00,00,00,00,00,08
3B7,00,00,00,00,00,00,00,08
3B7,00,00,00,00,00,00,00,08
3B7,00,00,00,00,00,00,00,08
3B7,00,00,00,00,00,00,00,08
3B7,00,00,00,00,00,00,00,08
3B7,00,00,00,00,00,00,00,08
3B7,00,00,00,00,00,00,00,08
3B7,00,00,00,00,00,00,00,08
3B7,00,00,00,00,00,00,00,08
3B7,00,00,00,00,00,00,00,08
3B7,00,00,00,00,00,00,00,08
3B7,00,00,00,00,00,00,00,08
3B7,00,00,00,00,00,00,00,08
3B7,00,00,00,00,00,00,00,08
3B7,00,00,00,00,00,00,00,08
3B7,00,00,00,00,00,00,00,08
3B7,00,00,00,00,00,00,00,08
3B7,00,00,00,00,00,00,00,08
3B7,00,00,00,00,00,00,00,08
3B7,00,00,00,00,00,00,00,08
3B7,00,00,00,00,00,00,00,08
3B7,00,00,00,00,00,00,00,08
3B7,00,00,00,00,00,00,00,08
3B7,00,00,00,00,00,00,00,08
3B7,00,00,00,00,00,00,00,08
3B7,00,00,00,00,00,00,00,08
3B7,00,00,00,00,00,00,00,08
3B7,00,00,00,00,00,00,00,08
3B7,00,00,00,00,00,00,00,08
3B7,00,00,00,00,00,00,00,08
3B7,00,00,00,00,00,00,00,08
3B7,00,00,00,00,00,00,00,08
3B7,00,00,00,00,00,00,00,08
3B7,00,00,00,00,00,00,00,08
3B7,00,00,00,00,00,00,00,08
3B7,00,00,00,00,00,00,00,08
3B7,00,00,00,00,00,00,00,08
3B7,00,00,00,00,00,00,00,08
3B7,00,00,00,00,00,00,00,08
3B7,00,00,00,00,00,00,00,08
3B7,00,00,00,00,00,00,00,08
3B7,00,00,00,00,00,00,00,08
3B7,00,00,00,00,00,00,00,08
3B7,00,00,00,00,00,00,00,08
3B7,00,00,00,00,00,00,00,08
3B7,00,00,00,00,00,00,00,08
3B7,00,00,00,00,00,00,00,08
3B7,00,00,00,00,00,00,00,08
3B7,00,00,00,00,00,00,00,08
3B7,00,00,00,00,00,00,00,08
3B7,00,00,00,00,00,00,00,08
3B7,00,00,00,00,00,00,00,08
3B7,00,00,00,00,00,00,00,08
3B7,00,00,00,00,00,00,00,08
3B7,00,00,00,00,00,00,00,08
3B7,00,00,00,00,00,00,00,08
3B7,00,00,00,00,00,00,00,08
3B7,00,00,00,00,00,00,00,08
3B7,00,00,00,00,00,00,00,08
3B7,00,00,00,00,00,00,00,08
3B7,00,00,00,00,00,00,00,08
3B7,00,00,00,00,00,00,00,08
3B7,00,00,00,00,00,00,00,08
3B7,00,00,00,00,00,00,00,08
3B7,00,00,00,00,00,00,00,08
3B7,00,00,00,00,00,00,00,08
3B7,00,00,00,00,00,00,00,08
3B7,00,00,00,00,00,00,00,08
3B7,00,00,00,00,00,00,00,08
3B7,00,00,00,00,00,00,00,08
3B7,00,00,00,00,00,00,00,08
3B7,00,00,00,00,00,00,00,08
3B7,00,00,00,00,00,00,00,08
3B7,00,00,00,00,00,00,00,08
3B7,00,00,00,00,00,00,00,08
3B7,00,00,00,00,00,00,00,08
3B7,00,00,00,00,00,00,00,08
3B7,00,00,00,00,00,00,00,08
3B7,00,00,00,00,00,00,00,08
3B7,00,00,00,00,00,00,00,08
3B7,00,00,00,00,00,00,00,08
3B7,00,00,00,00,00,00,00,08
3B7,00,00,00,00,00,00,00,08
3B7,00,00,00,00,00,00,00,08
3B7,00,00,00,00,00,00,00,08
3B7,00,00,00,00,00,00,00,08
3B7,00,00,00,00,00,00,00,08
3B7,00,00,00,00,00,00,00,08
3B7,00,00,00,00,00,00,00,08
3B7,00,00,00,00,00,00,00,08
3B7,00,00,00,00,00,00,00,08
3B7,00,00,00,00,00,00,00,08
3B7,00,00,00,00,00,00,00,08
3B7,00,00,00,00,00,00,00,08
3B7,00,00,00,00,00,00,00,08
3B7,00,00,00,00,00,00,00,08
3B7,00,00,00,00,00,00,00,08
3B7,00,00,00,00,00,00,00,08
3B7,00,00,00,00,00,00,00,08
3B7,00,00,00,00,00,00,00,08
3B7,00,00,00,00,00,00,00,08
3B7,00,00,00,00,00,00,00,08
3B7,00,00,00,00,00,00,00,08
3B7,00,00,00,00,00,00,00,08
3B7,00,00,00,00,00,00,00,08
3B7,00,00,00,00,00,00,00,08
3B7,00,00,00,00,00,00,00,08
3B7,00,00,00,00,00,00,00,08
3B7,00,00,00,00,00,00,00,08
3B7,00,00,00,00,00,00,00,08
3B7,00,00,00,00,00,00,00,08
3B7,00,00,00,00,00,00,00,08
3B7,00,00,00,00,00,00,00,08
3B7,00,00,00,00,00,00,00,08
3B7,00,00,00,00,00,00,00,08
3B7,00,00,00,00,00,00,00,08
3B7,00,00,00,00,00,00,00,08
3B7,00,00,00,00,00,00,00,08
3B7,00,00,00,00,00,00,00,08
3B7,00,00,00,00,00,00,00,08
3B7,00,00,00,00,00,00,00,08
3B7,00,00,00,00,00,00,00,08
3B7,00,00,00,00,00,00,00,08
3B7,00,00,00,00,00,00,00,08
3B7,00,00,00,00,00,00,00,08
3B7,00,00,00,00,00,00,00,08
3B7,00,00,00,00,00,00,00,08
3B7,00,00,00,00,00,00,00,08
3B7,00,00,00,00,00,00,00,08
3B7,00,00,00,00,00,00,00,08
3B7,00,00,00,00,00,00,00,08
3B7,00,00,00,00,00,00,00,08
3B7,00,00,00,00,00,00,00,08
3B7,00,00,00,00,00,00,00,08
3B7,00,00,00,00,00,00,00,08
3B7,00,00,00,00,00,00,00,08
3B7,00,00,00,00,00,00,00,08
3B7,00,00,00,00,00,00,00,08
3B7,00,00,00,00,00,00,00,08
3B7,00,00,00,00,00,00,00,08
3B7,00,00,00,00,00,00,00,08
3B7,00,00,00,00,00,00,00,08
3B7,00,00,00,00,00,00,00,08
3B7,00,00,00,00,00,00,00,08
3B7,00,00,00,00,00,00,00,08
3B7,00,00,00,00,00,00,00,08
3B7,00,00,00,00,00,00,00,08
3B7,00,00,00,00,00,00,00,08
3B7,00,00,00,00,00,00,00,08
3B7,00,00,00,00,00,00,00,08
3B7,00,00,00,00,00,00,00,08
3B7,00,00,00,00,00,00,00,08
3B7,00,00,00,00,00,00,00,08
3B7,00,00,00,00,00,00,00,08
3B7,00,00,00,00,00,00,00,08
3B7,00,00,00,00,00,00,00,08
3B7,00,00,00,00,00,00,00,08
3B7,00,00,00,00,00,00,00,08
3B7,00,00,00,00,00,00,00,08
3B7,00,00,00,00,00,00,00,08
3B7,00,00,00,00,00,00,00,08
3B7,00,00,00,00,00,00,00,08
3B7,00,00,00,00,00,00,00,08
3B7,00,00,00,00,00,00,00,08
3B7,00,00,00,00,00,00,00,08
3B7,00,00,00,00,00,00,00,08
3B7,00,00,00,00,00,00,00,08
3B7,00,00,00,00,00,00,00,08
3B7,00,00,00,00,00,00,00,08
3B7,00,00,00,00,00,00,00,08
3B7,00,00,00,00,00,00,00,08
3B7,00,00,00,00,00,00,00,08
3B7,00,00,00,00,00,00,00,08
3B7,00,00,00,00,00,00,00,08
3B7,00,00,00,00,00,00,00,08
3B7,00,00,00,00,00,00,00,08
3B7,00,00,00,00,00,00,00,08
3B7,00,00,00,00,00,00,00,08
3B7,00,00,00,00,00,00,00,08
3B7,00,00,00,00,00,00,00,08
3B7,00,00,00,00,00,00,00,08
3B7,00,00,00,00,00,00,00,08
3B7,00,00,00,00,00,00,00,08
3B7,00,00,00,00,00,00,00,08
3B7,00,00,00,00,00,00,00,08
3B7,00,00,00,00,00,00,00,08
3B7,00,00,00,00,00,00,00,08
3B7,00,00,00,00,00,00,00,08
3B7,00,00,00,00,00,00,00,08
3B7,00,00,00,00,00,00,00,08
3B7,00,00,00,00,00,00,00,08
3B7,00,00,00,00,00,00,00,08
3B7,00,00,00,00,00,00,00,08
3B7,00,00,00,00,00,00,00,08
3B7,00,00,00,00,00,00,00,08
3B7,00,00,00,00,00,00,00,08
3B7,00,00,00,00,00,00,00,08
3B7,00,00,00,00,00,00,00,08
3B7,00,00,00,00,00,00,00,08
3B7,00,00,00,00,00,00,00,08
3B7,00,00,00,00,00,00,00,08
3B7,00,00,00,00,00,00,00,08
3B7,00,00,00,00,00,00,00,08
3B7,00,00,00,00,00,00,00,08
3B7,00,00,00,00,00,00,00,08
3B7,00,00,00,00,00,00,00,08
3B7,00,00,00,00,00,00,00,08
3B7,00,00,00,00,00,00,00,08
3B7,00,00,00,00,00,00,00,08
3B7,00,00,00,00,00,00,00,08
3B7,00,00,00,00,00,00,00,08
3B7,00,00,00,00,00,00,00,08
3B7,00,00,00,00,00,00,00,08
3B7,00,00,00,00,00,00,00,08
3B7,00,00,00,00,00,00,00,08
3B7,00,00,00,00,00,00,00,08
3B7,00,00,00,00,00,00,00,08
3B7,00,00,00,00,00,00,00,08
3B7,00,00,00,00,00,00,00,08
3B7,00,00,00,00,00,00,00,08
3B7,00,00,00,00,00,00,00,08
3B7,00,00,00,00,00,00,00,08
3B7,00,00,00,00,00,00,00,08
3B7,00,00,00,00,00,00,00,08
3B7,00,00,00,00,00,00,00,08
3B7,00,00,00,00,00,00,00,08
3B7,00,00,00,00,00,00,00,08
3B7,00,00,00,00,00,00,00,08
3B7,00,00,00,00,00,00,00,08
3B7,00,00,00,00,00,00,00,08
3B7,00,00,00,00,00,00,00,08
3B7,00,00,00,00,00,00,00,08
3B7,00,00,00,00,00,00,00,08
3B7,00,00,00,00,00,00,00,08
3B7,00,00,00,00,00,00,00,08
3B7,00,00,00,00,00,00,00,08
3B7,00,00,00,00,00,00,00,08
3B7,00,00,00,00,00,00,00,08
3B7,00,00,00,00,00,00,00,08
3B7,00,00,00,00,00,00,00,08
3B7,00,00,00,00,00,00,00,08
3B7,00,00,00,00,00,00,00,08
3B7,00,00,00,00,00,00,00,08
3B7,00,00,00,00,00,00,00,08
3B7,00,00,00,00,00,00,00,08
3B7,00,00,00,00,00,00,00,08
3B7,00,00,00,00,00,00,00,08
3B7,00,00,00,00,00,00,00,08
3B7,00,00,00,00,00,00,00,08
3B7,00,00,00,00,00,00,00,08
3B7,00,00,00,00,00,00,00,08
3B7,00,00,00,00,00,00,00,08
3B7,00,00,00,00,00,00,00,08
3B7,00,00,00,00,00,00,00,08
3B7,00,00,00,00,00,00,00,08
3B7,00,00,00,00,00,00,00,08
3B7,00,00,00,00,00,00,00,08
3B7,00,00,00,00,00,00,00,08
3B7,00,00,00,00,00,00,00,08
3B7,00,00,00,00,00,00,00,08
3B7,00,00,00,00,00,00,00,08
3B7,00,00,00,00,00,00,00,08
3B7,00,00,00,00,00,00,00,08
3B7,00,00,00,00,00,00,00,08
3B7,00,00,00,00,00,00,00,08
3B7,00,00,00,00,00,00,00,08
3B7,00,00,00,00,00,00,00,08
3B7,00,00,00,00,00,00,00,08
3B7,00,00,00,00,00,00,00,08
3B7,00,00,00,00,00,00,00,08
3B7,00,00,00,00,00,00,00,08
3B7,00,00,00,00,00,00,00,08
3B7,00,00,00,00,00,00,00,08
3B7,00,00,00,00,00,00,00,08
3B7,00,00,00,00,00,00,00,08
3B7,00,00,00,00,00,00,00,08
3B7,00,00,00,00,00,00,00,08
3B7,00,00,00,00,00,00,00,08
3B7,00,00,00,00,00,00,00,08
3B7,00,00,00,00,00,00,00,08
3B7,00,00,00,00,00,00,00,08
3B7,00,00,00,00,00,00,00,08
3B7,00,00,00,00,00,00,00,08
3B7,00,00,00,00,00,00,00,08
3B7,00,00,00,00,00,00,00,08
3B7,00,00,00,00,00,00,00,08
3B7,00,00,00,00,00,00,00,08
3B7,00,00,00,00,00,00,00,08
3B7,00,00,00,00,00,00,00,08
3B7,00,00,00,00,00,00,00,08
3B7,00,00,00,00,00,00,00,08
3B7,00,00,00,00,00,00,00,08
3B7,00,00,00,00,00,00,00,08
3B7,00,00,00,00,00,00,00,08
3B7,00,00,00,00,00,00,00,08
3B7,00,00,00,00,00,00,00,08
3B7,00,00,00,00,00,00,00,08
3B7,00,00,00,00,00,00,00,08
3B7,00,00,00,00,00,00,00,08
3B7,00,00,00,00,00,00,00,08
3B7,00,00,00,00,00,00,00,08
3B7,00,00,00,00,00,00,00,08
3B7,00,00,00,00,00,00,00,08
3B7,00,00,00,00,00,00,00,08
3B7,00,00,00,00,00,00,00,08
3B7,00,00,00,00,00,00,00,08
3B7,00,00,00,00,00,00,00,08
3B7,00,00,00,00,00,00,00,08
3B7,00,00,00,00,00,00,00,08
3B7,00,00,00,00,00,00,00,08
3B7,00,00,00,00,00,00,00,08
3B7,00,00,00,00,00,00,00,08
3B7,00,00,00,00,00,00,00,08
3B7,00,00,00,00,00,00,00,08
3B7,00,00,00,00,00,00,00,08
3B7,00,00,00,00,00,00,00,08
3B7,00,00,00,00,00,00,00,08
3B7,00,00,00,00,00,00,00,08
3B7,00,00,00,00,00,00,00,08
3B7,00,00,00,00,00,00,00,08
3B7,00,00,00,00,00,00,00,08
3B7,00,00,00,00,00,00,00,08
3B7,00,00,00,00,00,00,00,08
3B7,00,00,00,00,00,00,00,08
3B7,00,00,00,00,00,00,00,08
3B7,00,00,00,00,00,00,00,08
3B7,00,00,00,00,00,00,00,08
3B7,00,00,00,00,00,00,00,08
3B7,00,00,00,00,00,00,00,08
3B7,00,00,00,00,00,00,00,08
3B7,00,00,00,00,00,00,00,08
3B7,00,00,00,00,00,00,00,08
3B7,00,00,00,00,00,00,00,08
3B7,00,00,00,00,00,00,00,08
3B7,00,00,00,00,00,00,00,08
3B7,00,00,00,00,00,00,00,08
3B7,00,00,00,00,00,00,00,08
3B7,00,00,00,00,00,00,00,08
3B7,00,00,00,00,00,00,00,08
3B7,00,00,00,00,00,00,00,08
3B7,00,00,00,00,00,00,00,08
3B7,00,00,00,00,00,00,00,08
3B7,00,00,00,00,00,00,00,08
3B7,00,00,00,00,00,00,00,08
3B7,00,00,00,00,00,00,00,08
3B7,00,00,00,00,00,00,00,08
3B7,00,00,00,00,00,00,00,08
3B7,00,00,00,00,00,00,00,08
3B7,00,00,00,00,00,00,00,08
3B7,00,00,00,00,00,00,00,08
3B7,00,00,00,00,00,00,00,08
3B7,00,00,00,00,00,00,00,08
3B7,00,00,00,00,00,00,00,08
3B7,00,00,00,00,00,00,00,08
3B7,00,00,00,00,00,00,00,08
3B7,00,00,00,00,00,00,00,08
3B7,00,00,00,00,00,00,00,08
3B7,00,00,00,00,00,00,00,08
3B7,00,00,00,00,00,00,00,08
3B7,00,00,00,00,00,00,00,08
3B7,00,00,00,00,00,00,00,08
3B7,00,00,00,00,00,00,00,08
3B7,00,00,00,00,00,00,00,08
3B7,00,00,00,00,00,00,00,08
3B7,00,00,00,00,00,00,00,08
3B7,00,00,00,00,00,00,00,08
3B7,00,00,00,00,00,00,00,08
3B7,00,00,00,00,00,00,00,08
3B7,00,00,00,00,00,00,00,08
3B7,00,00,00,00,00,00,00,08
3B7,00,00,00,00,00,00,00,08
3B7,00,00,00,00,00,00,00,08
3B7,00,00,00,00,00,00,00,08
3B7,00,00,00,00,00,00,00,08
3B7,00,00,00,00,00,00,00,08
3B7,00,00,00,00,00,00,00,08
3B7,00,00,00,00,00,00,00,08
3B7,00,00,00,00,00,00,00,08
3B7,00,00,00,00,00,00,00,08
3B7,00,00,00,00,00,00,00,08
3B7,00,00,00,00,00,00,00,08
3B7,00,00,00,00,00,00,00,08
3B7,00,00,00,00,00,00,00,08
3B7,00,00,00,00,00,00,00,08
3B7,00,00,00,00,00,00,00,08
3B7,00,00,00,00,00,00,00,08
3B7,00,00,00,00,00,00,00,08
3B7,00,00,00,00,00,00,00,08
3B7,00,00,00,00,00,00,00,08
3B7,00,00,00,00,00,00,00,08
3B7,00,00,00,00,00,00,00,08
3B7,00,00,00,00,00,00,00,08
3B7,00,00,00,00,00,00,00,08
3B7,00,00,00,00,00,00,00,08
3B7,00,00,00,00,00,00,00,08
3B7,00,00,00,00,00,00,00,08
3B7,00,00,00,00,00,00,00,08
3B7,00,00,00,00,00,00,00,08
3B7,00,00,00,00,00,00,00,08
3B7,00,00,00,00,00,00,00,08
3B7,00,00,00,00,00,00,00,08
3B7,00,00,00,00,00,00,00,08
3B7,00,00,00,00,00,00,00,08
3B7,00,00,00,00,00,00,00,08
3B7,00,00,00,00,00,00,00,08
3B7,00,00,00,00,00,00,00,08
3B7,00,00,00,00,00,00,00,08
3B7,00,00,00,00,00,00,00,08
3B7,00,00,00,00,00,00,00,08
3B7,00,00,00,00,00,00,00,08
3B7,00,00,00,00,00,00,00,08
3B7,00,00,00,00,00,00,00,08
3B7,00,00,00,00,00,00,00,08
3B7,00,00,00,00,00,00,00,08
3B7,00,00,00,00,00,00,00,08
3B7,00,00,00,00,00,00,00,08
3B7,00,00,00,00,00,00,00,08
3B7,00,00,00,00,00,00,00,08
3B7,00,00,00,00,00,00,00,08
3B7,00,00,00,00,00,00,00,08
3B7,00,00,00,00,00,00,00,08
3B7,00,00,00,00,00,00,00,08
3B7,00,00,00,00,00,00,00,08
3B7,00,00,00,00,00,00,00,08
3B7,00,00,00,00,00,00,00,08
3B7,00,00,00,00,00,00,00,08
3B7,00,00,00,00,00,00,00,08
3B7,00,00,00,00,00,00,00,08
3B7,00,00,00,00,00,00,00,08
3B7,00,00,00,00,00,00,00,08
3B7,00,00,00,00,00,00,00,08
3B7,00,00,00,00,00,00,00,08
3B7,00,00,00,00,00,00,00,08
3B7,00,00,00,00,00,00,00,08
3B7,00,00,00,00,00,00,00,08
3B7,00,00,00,00,00,00,00,08
3B7,00,00,00,00,00,00,00,08
3B7,00,00,00,00,00,00,00,08
3B7,00,00,00,00,00,00,00,08
3B7,00,00,00,00,00,00,00,08
3B7,00,00,00,00,00,00,00,08
3B7,00,00,00,00,00,00,00,08
3B7,00,00,00,00,00,00,00,08
3B7,00,00,00,00,00,00,00,08
3B7,00,00,00,00,00,00,00,08
3B7,00,00,00,00,00,00,00,08
3B7,00,00,00,00,00,00,00,08
3B7,00,00,00,00,00,00,00,08
3B7,00,00,00,00,00,00,00,08
3B7,00,00,00,00,00,00,00,08
3B7,00,00,00,00,00,00,00,08
3B7,00,00,00,00,00,00,00,08
3B7,00,00,00,00,00,00,00,08
3B7,00,00,00,00,00,00,00,08
3B7,00,00,00,00,00,00,00,08
3B7,00,00,00,00,00,00,00,08
3B7,00,00,00,00,00,00,00,08
3B7,00,00,00,00,00,00,00,08
3B7,00,00,00,00,00,00,00,08
3B7,00,00,00,00,00,00,00,08
3B7,00,00,00,00,00,00,00,08
3B7,00,00,00,00,00,00,00,08
3B7,00,00,00,00,00,00,00,08
3B7,00,00,00,00,00,00,00,08
3B7,00,00,00,00,00,00,00,08
3B7,00,00,00,00,00,00,00,08
3B7,00,00,00,00,00,00,00,08
3B7,00,00,00,00,00,00,00,08
3B7,00,00,00,00,00,00,00,08
3B7,00,00,00,00,00,00,00,08
3B7,00,00,00,00,00,00,00,08
3B7,00,00,00,00,00,00,00,08
3B7,00,00,00,00,00,00,00,08
3B7,00,00,00,00,00,00,00,08
3B7,00,00,00,00,00,00,00,08
3B7,00,00,00,00,00,00,00,08
3B7,00,00,00,00,00,00,00,08
3B7,00,00,00,00,00,00,00,08
3B7,00,00,00,00,00,00,00,08
3B7,00,00,00,00,00,00,00,08
3B7,00,00,00,00,00,00,00,08
3B7,00,00,00,00,00,00,00,08
3B7,00,00,00,00,00,00,00,08
3B7,00,00,00,00,00,00,00,08
3B7,00,00,00,00,00,00,00,08
3B7,00,00,00,00,00,00,00,08
3B7,00,00,00,00,00,00,00,08
3B7,00,00,00,00,00,00,00,08
3B7,00,00,00,00,00,00,00,08
3B7,00,00,00,00,00,00,00,08
3B7,00,00,00,00,00,00,00,08
3B7,00,00,00,00,00,00,00,08
3B7,00,00,00,00,00,00,00,08
3B7,00,00,00,00,00,00,00,08
3B7,00,00,00,00,00,00,00,08
3B7,00,00,00,00,00,00,00,08
3B7,00,00,00,00,00,00,00,08
3B7,00,00,00,00,00,00,00,08
3B7,00,00,00,00,00,00,00,08
3B7,00,00,00,00,00,00,00,08
3B7,00,00,00,00,00,00,00,08
3B7,00,00,00,00,00,00,00,08
3B7,00,00,00,00,00,00,00,08
3B7,00,00,00,00,00,00,00,08
3B7,00,00,00,00,00,00,00,08
3B7,00,00,00,00,00,00,00,08
3B7,00,00,00,00,00,00,00,08
3B7,00,00,00,00,00,00,00,08
3B7,00,00,00,00,00,00,00,08
3B7,00,00,00,00,00,00,00,08
3B7,00,00,00,00,00,00,00,08
3B7,00,00,00,00,00,00,00,08
3B7,00,00,00,00,00,00,00,08
3B7,00,00,00,00,00,00,00,08
3B7,00,00,00,00,00,00,00,08
3B7,00,00,00,00,00,00,00,08
3B7,00,00,00,00,00,00,00,08
3B7,00,00,00,00,00,00,00,08
3B7,00,00,00,00,00,00,00,08
3B7,00,00,00,00,00,00,00,08
3B7,00,00,00,00,00,00,00,08
3B7,00,00,00,00,00,00,00,08
3B7,00,00,00,00,00,00,00,08
3B7,00,00,00,00,00,00,00,08
3B7,00,00,00,00,00,00,00,08
3B7,00,00,00,00,00,00,00,08
3B7,00,00,00,00,00,00,00,08
3B7,00,00,00,00,00,00,00,08
3B7,00,00,00,00,00,00,00,08
3B7,00,00,00,00,00,00,00,08
3B7,00,00,00,00,00,00,00,08
3B7,00,00,00,00,00,00,00,08
3B7,00,00,00,00,00,00,00,08
3B7,00,00,00,00,00,00,00,08
3B7,00,00,00,00,00,00,00,08
3B7,00,00,00,00,00,00,00,08
3B7,00,00,00,00,00,00,00,08
3B7,00,00,00,00,00,00,00,08
3B7,00,00,00,00,00,00,00,08
3B7,00,00,00,00,00,00,00,08
3B7,00,00,00,00,00,00,00,08
3B7,00,00,00,00,00,00,00,08
3B7,00,00,00,00,00,00,00,08
3B7,00,00,00,00,00,00,00,08
3B7,00,00,00,00,00,00,00,08
3B7,00,00,00,00,00,00,00,08
3B7,00,00,00,00,00,00,00,08
3B7,00,00,00,00,00,00,00,08
3B7,00,00,00,00,00,00,00,08
3B7,00,00,00,00,00,00,00,08
3B7,00,00,00,00,00,00,00,08
3B7,00,00,00,00,00,00,00,08
3B7,00,00,00,00,00,00,00,08
3B7,00,00,00,00,00,00,00,08
3B7,00,00,00,00,00,00,00,08
3B7,00,00,00,00,00,00,00,08
3B7,00,00,00,00,00,00,00,08
3B7,00,00,00,00,00,00,00,08
3B7,00,00,00,00,00,00,00,08
3B7,00,00,00,00,00,00,00,08
3B7,00,00,00,00,00,00,00,08
3B7,00,00,00,00,00,00,00,08
3B7,00,00,00,00,00,00,00,08
3B7,00,00,00,00,00,00,00,08
3B7,00,00,00,00,00,00,00,08
3B7,00,00,00,00,00,00,00,08
3B7,00,00,00,00,00,00,00,08
3B7,00,00,00,00,00,00,00,08
3B7,00,00,00,00,00,00,00,08
3B7,00,00,00,00,00,00,00,08
3B7,00,00,00,00,00,00,00,08
3B7,00,00,00,00,00,00,00,08
3B7,00,00,00,00,00,00,00,08
3B7,00,00,00,00,00,00,00,08
3B7,00,00,00,00,00,00,00,08
3B7,00,00,00,00,00,00,00,08
3B7,00,00,00,00,00,00,00,08
3B7,00,00,00,00,00,00,00,08
3B7,00,00,00,00,00,00,00,08
3B7,00,00,00,00,00,00,00,08
3B7,00,00,00,00,00,00,00,08
3B7,00,00,00,00,00,00,00,08
3B7,00,00,00,00,00,00,00,08
3B7,00,00,00,00,00,00,00,08
3B7,00,00,00,00,00,00,00,08
3B7,00,00,00,00,00,00,00,08
3B7,00,00,00,00,00,00,00,08
3B7,00,00,00,00,00,00,00,08
3B7,00,00,00,00,00,00,00,08
3B7,00,00,00,00,00,00,00,08
3B7,00,00,00,00,00,00,00,08
3B7,00,00,00,00,00,00,00,08
3B7,00,00,00,00,00,00,00,08
3B7,00,00,00,00,00,00,00,08
3B7,00,00,00,00,00,00,00,08
3B7,00,00,00,00,00,00,00,08
3B7,00,00,00,00,00,00,00,08
3B7,00,00,00,00,00,00,00,08
3B7,00,00,00,00,00,00,00,08
3B7,00,00,00,00,00,00,00,08
3B7,00,00,00,00,00,00,00,08
3B7,00,00,00,00,00,00,00,08
3B7,00,00,00,00,00,00,00,08
3B7,00,00,00,00,00,00,00,08
3B7,00,00,00,00,00,00,00,08
3B7,00,00,00,00,00,00,00,08
3B7,00,00,00,00,00,00,00,08
3B7,00,00,00,00,00,00,00,08
3B7,00,00,00,00,00,00,00,08
3B7,00,00,00,00,00,00,00,08
3B7,00,00,00,00,00,00,00,08
3B7,00,00,00,00,00,00,00,08
3B7,00,00,00,00,00,00,00,08
3B7,00,00,00,00,00,00,00,08
3B7,00,00,00,00,00,00,00,08
3B7,00,00,00,00,00,00,00,08
3B7,00,00,00,00,00,00,00,08
3B7,00,00,00,00,00,00,00,08
3B7,00,00,00,00,00,00,00,08
3B7,00,00,00,00,00,00,00,08
3B7,00,00,00,00,00,00,00,08
3B7,00,00,00,00,00,00,00,08
3B7,00,00,00,00,00,00,00,08
3B7,00,00,00,00,00,00,00,08
3B7,00,00,00,00,00,00,00,08
3B7,00,00,00,00,00,00,00,08
3B7,00,00,00,00,00,00,00,08
3B7,00,00,00,00,00,00,00,08
3B7,00,00,00,00,00,00,00,08
3B7,00,00,00,00,00,00,00,08
3B7,00,00,00,00,00,00,00,08
3B7,00,00,00,00,00,00,00,08
3B7,00,00,00,00,00,00,00,08
3B7,00,00,00,00,00,00,00,08
3B7,00,00,00,00,00,00,00,08
3B7,00,00,00,00,00,00,00,08
3B7,00,00,00,00,00,00,00,08
3B7,00,00,00,00,00,00,00,08
3B7,00,00,00,00,00,00,00,08
3B7,00,00,00,00,00,00,00,08
3B7,00,00,00,00,00,00,00,08
3B7,00,00,00,00,00,00,00,08
3B7,00,00,00,00,00,00,00,08
3B7,00,00,00,00,00,00,00,08
3B7,00,00,00,00,00,00,00,08
3B7,00,00,00,00,00,00,00,08
3B7,00,00,00,00,00,00,00,08
3B7,00,00,00,00,00,00,00,08
3B7,00,00,00,00,00,00,00,08
3B7,00,00,00,00,00,00,00,08
3B7,00,00,00,00,00,00,00,08
3B7,00,00,00,00,00,00,00,08
3B7,00,00,00,00,00,00,00,08
3B7,00,00,00,00,00,00,00,08
3B7,00,00,00,00,00,00,00,08
3B7,00,00,00,00,00,00,00,08
3B7,00,00,00,00,00,00,00,08
3B7,00,00,00,00,00,00,00,08
3B7,00,00,00,00,00,00,00,08
3B7,00,00,00,00,00,00,00,08
3B7,00,00,00,00,00,00,00,08
3B7,00,00,00,00,00,00,00,08
3B7,00,00,00,00,00,00,00,08
3B7,00,00,00,00,00,00,00,08
3B7,00,00,00,00,00,00,00,08
3B7,00,00,00,00,00,00,00,08
3B7,00,00,00,00,00,00,00,08
3B7,00,00,00,00,00,00,00,08
3B7,00,00,00,00,00,00,00,08
3B7,00,00,00,00,00,00,00,08
3B7,00,00,00,00,00,00,00,08
3B7,00,00,00,00,00,00,00,08
3B7,00,00,00,00,00,00,00,08
3B7,00,00,00,00,00,00,00,08
3B7,00,00,00,00,00,00,00,08
3B7,00,00,00,00,00,00,00,08
3B7,00,00,00,00,00,00,00,08
3B7,00,00,00,00,00,00,00,08
3B7,00,00,00,00,00,00,00,08
3B7,00,00,00,00,00,00,00,08
3B7,00,00,00,00,00,00,00,08
3B7,00,00,00,00,00,00,00,08
3B7,00,00,00,00,00,00,00,08
3B7,00,00,00,00,00,00,00,08
3B7,00,00,00,00,00,00,00,08
3B7,00,00,00,00,00,00,00,08
3B7,00,00,00,00,00,00,00,08
3B7,00,00,00,00,00,00,00,08
3B7,00,00,00,00,00,00,00,08
3B7,00,00,00,00,00,00,00,08
3B7,00,00,00,00,00,00,00,08
3B7,00,00,00,00,00,00,00,08
3B7,00,00,00,00,00,00,00,08
3B7,00,00,00,00,00,00,00,08
3B7,00,00,00,00,00,00,00,08
3B7,00,00,00,00,00,00,00,08
3B7,00,00,00,00,00,00,00,08
3B7,00,00,00,00,00,00,00,08
3B7,00,00,00,00,00,00,00,08
3B7,00,00,00,00,00,00,00,08
3B7,00,00,00,00,00,00,00,08
3B7,00,00,00,00,00,00,00,08
3B7,00,00,00,00,00,00,00,08
3B7,00,00,00,00,00,00,00,08
3B7,00,00,00,00,00,00,00,08
3B7,00,00,00,00,00,00,00,08
3B7,00,00,00,00,00,00,00,08
3B7,00,00,00,00,00,00,00,08
3B7,00,00,00,00,00,00,00,08
3B7,00,00,00,00,00,00,00,08
3B7,00,00,00,00,00,00,00,08
3B7,00,00,00,00,00,00,00,08
3B7,00,00,00,00,00,00,00,08
3B7,00,00,00,00,00,00,00,08
3B7,00,00,00,00,00,00,00,08
3B7,00,00,00,00,00,00,00,08
3B7,00,00,00,00,00,00,00,08
3B7,00,00,00,00,00,00,00,08
3B7,00,00,00,00,00,00,00,08
3B7,00,00,00,00,00,00,00,08
3B7,00,00,00,00,00,00,00,08
3B7,00,00,00,00,00,00,00,08
3B7,00,00,00,00,00,00,00,08
3B7,00,00,00,00,00,00,00,08
3B7,00,00,00,00,00,00,00,08
3B7,00,00,00,00,00,00,00,08
3B7,00,00,00,00,00,00,00,08
3B7,00,00,00,00,00,00,00,08
3B7,00,00,00,00,00,00,00,08
3B7,00,00,00,00,00,00,00,08
3B7,00,00,00,00,00,00,00,08
3B7,00,00,00,00,00,00,00,08
3B7,00,00,00,00,00,00,00,08
3B7,00,00,00,00,00,00,00,08
3B7,00,00,00,00,00,00,00,08
3B7,00,00,00,00,00,00,00,08
3B7,00,00,00,00,00,00,00,08
3B7,00,00,00,00,00,00,00,08
3B7,00,00,00,00,00,00,00,08
3B7,00,00,00,00,00,00,00,08
3B7,00,00,00,00,00,00,00,08
3B7,00,00,00,00,00,00,00,08
3B7,00,00,00,00,00,00,00,08
3B7,00,00,00,00,00,00,00,08
3B7,00,00,00,00,00,00,00,08
3B7,00,00,00,00,00,00,00,08
3B7,00,00,00,00,00,00,00,08
3B7,00,00,00,00,00,00,00,08
3B7,00,00,00,00,00,00,00,08
3B7,00,00,00,00,00,00,00,08
3B7,00,00,00,00,00,00,00,08
3B7,00,00,00,00,00,00,00,08
3B7,00,00,00,00,00,00,00,08
3B7,00,00,00,00,00,00,00,08
3B7,00,00,00,00,00,00,00,08
3B7,00,00,00,00,00,00,00,08
3B7,00,00,00,00,00,00,00,08
3B7,00,00,00,00,00,00,00,08
3B7,00,00,00,00,00,00,00,08
3B7,00,00,00,00,00,00,00,08
3B7,00,00,00,00,00,00,00,08
3B7,00,00,00,00,00,00,00,08
3B7,00,00,00,00,00,00,00,08
3B7,00,00,00,00,00,00,00,08
3B7,00,00,00,00,00,00,00,08
3B7,00,00,00,00,00,00,00,08
3B7,00,00,00,00,00,00,00,08
3B7,00,00,00,00,00,00,00,08
3B7,00,00,00,00,00,00,00,08
3B7,00,00,00,00,00,00,00,08
3B7,00,00,00,00,00,00,00,08
3B7,00,00,00,00,00,00,00,08
3B7,00,00,00,00,00,00,00,08
3B7,00,00,00,00,00,00,00,08
3B7,00,00,00,00,00,00,00,08
3B7,00,00,00,00,00,00,00,08
3B7,00,00,00,00,00,00,00,08
3B7,00,00,00,00,00,00,00,08
3B7,00,00,00,00,00,00,00,08
3B7,00,00,00,00,00,00,00,08
3B7,00,00,00,00,00,00,00,08
3B7,00,00,00,00,00,00,00,08
3B7,00,00,00,00,00,00,00,08
3B7,00,00,00,00,00,00,00,08
3B7,00,00,00,00,00,00,00,08
3B7,00,00,00,00,00,00,00,08
3B7,00,00,00,00,00,00,00,08
3B7,00,00,00,00,00,00,00,08
3B7,00,00,00,00,00,00,00,08
3B7,00,00,00,00,00,00,00,08
3B7,00,00,00,00,00,00,00,08
3B7,00,00,00,00,00,00,00,08
3B7,00,00,00,00,00,00,00,08
3B7,00,00,00,00,00,00,00,08
3B7,00,00,00,00,00,00,00,08
3B7,00,00,00,00,00,00,00,08
3B7,00,00,00,00,00,00,00,08
3B7,00,00,00,00,00,00,00,08
3B7,00,00,00,00,00,00,00,08
3B7,00,00,00,00,00,00,00,08
3B7,00,00,00,00,00,00,00,08
3B7,00,00,00,00,00,00,00,08
3B7,00,00,00,00,00,00,00,08
3B7,00,00,00,00,00,00,00,08
3B7,00,00,00,00,00,00,00,08
3B7,00,00,00,00,00,00,00,08
3B7,00,00,00,00,00,00,00,08
3B7,00,00,00,00,00,00,00,08
3B7,00,00,00,00,00,00,00,08
3B7,00,00,00,00,00,00,00,08
3B7,00,00,00,00,00,00,00,08
3B7,00,00,00,00,00,00,00,08
3B7,00,00,00,00,00,00,00,08
3B7,00,00,00,00,00,00,00,08
3B7,00,00,00,00,00,00,00,08
3B7,00,00,00,00,00,00,00,08
3B7,00,00,00,00,00,00,00,08
3B7,00,00,00,00,00,00,00,08
3B7,00,00,00,00,00,00,00,08
3B7,00,00,00,00,00,00,00,08
3B7,00,00,00,00,00,00,00,08
3B7,00,00,00,00,00,00,00,08
3B7,00,00,00,00,00,00,00,08
3B7,00,00,00,00,00,00,00,08
3B7,00,00,00,00,00,00,00,08
3B7,00,00,00,00,00,00,00,08
3B7,00,00,00,00,00,00,00,08
3B7,00,00,00,00,00,00,00,08
3B7,00,00,00,00,00,00,00,08
3B7,00,00,00,00,00,00,00,08
3B7,00,00,00,00,00,00,00,08
3B7,00,00,00,00,00,00,00,08
3B7,00,00,00,00,00,00,00,08
3B7,00,00,00,00,00,00,00,08
3B7,00,00,00,00,00,00,00,08
3B7,00,00,00,00,00,00,00,08
3B7,00,00,00,00,00,00,00,08
3B7,00,00,00,00,00,00,00,08
3B7,00,00,00,00,00,00,00,08
3B7,00,00,00,00,00,00,00,08
3B7,00,00,00,00,00,00,00,08
3B7,00,00,00,00,00,00,00,08
3B7,00,00,00,00,00,00,00,08
3B7,00,00,00,00,00,00,00,08
3B7,00,00,00,00,00,00,00,08
3B7,00,00,00,00,00,00,00,08
3B7,00,00,00,00,00,00,00,08
3B7,00,00,00,00,00,00,00,08
3B7,00,00,00,00,00,00,00,08
3B7,00,00,00,00,00,00,00,08
3B7,00,00,00,00,00,00,00,08
3B7,00,00,00,00,00,00,00,08
3B7,00,00,00,00,00,00,00,08
3B7,00,00,00,00,00,00,00,08
3B7,00,00,00,00,00,00,00,08
3B7,00,00,00,00,00,00,00,08
3B7,00,00,00,00,00,00,00,08
3B7,00,00,00,00,00,00,00,08
3B7,00,00,00,00,00,00,00,08
3B7,00,00,00,00,00,00,00,08
3B7,00,00,00,00,00,00,00,08
3B7,00,00,00,00,00,00,00,08
3B7,00,00,00,00,00,00,00,08
3B7,00,00,00,00,00,00,00,08
3B7,00,00,00,00,00,00,00,08
3B7,00,00,00,00,00,00,00,08
3B7,00,00,00,00,00,00,00,08
3B7,00,00,00,00,00,00,00,08
3B7,00,00,00,00,00,00,00,08
3B7,00,00,00,00,00,00,00,08
3B7,00,00,00,00,00,00,00,08
3B7,00,00,00,00,00,00,00,08
3B7,00,00,00,00,00,00,00,08
3B7,00,00,00,00,00,00,00,08
3B7,00,00,00,00,00,00,00,08
3B7,00,00,00,00,00,00,00,08
3B7,00,00,00,00,00,00,00,08
3B7,00,00,00,00,00,00,00,08
3B7,00,00,00,00,00,00,00,08
3B7,00,00,00,00,00,00,00,08
3B7,00,00,00,00,00,00,00,08
3B7,00,00,00,00,00,00,00,08
3B7,00,00,00,00,00,00,00,08
3B7,00,00,00,00,00,00,00,08
3B7,00,00,00,00,00,00,00,08
3B7,00,00,00,00,00,00,00,08
3B7,00,00,00,00,00,00,00,08
3B7,00,00,00,00,00,00,00,08
3B7,00,00,00,00,00,00,00,08
3B7,00,00,00,00,00,00,00,08
3B7,00,00,00,00,00,00,00,08
3B7,00,00,00,00,00,00,00,08
3B7,00,00,00,00,00,00,00,08
3B7,00,00,00,00,00,00,00,08
3B7,00,00,00,00,00,00,00,08
3B7,00,00,00,00,00,00,00,08
3B7,00,00,00,00,00,00,00,08
3B7,00,00,00,00,00,00,00,08
3B7,00,00,00,00,00,00,00,08
3B7,00,00,00,00,00,00,00,08
3B7,00,00,00,00,00,00,00,08
3B7,00,00,00,00,00,00,00,08
3B7,00,00,00,00,00,00,00,08
3B7,00,00,00,00,00,00,00,08
3B7,00,00,00,00,00,00,00,08
3B7,00,00,00,00,00,00,00,08
3B7,00,00,00,00,00,00,00,08
3B7,00,00,00,00,00,00,00,08
3B7,00,00,00,00,00,00,00,08
3B7,00,00,00,00,00,00,00,08
3B7,00,00,00,00,00,00,00,08
3B7,00,00,00,00,00,00,00,08
3B7,00,00,00,00,00,00,00,08
3B7,00,00,00,00,00,00,00,08
3B7,00,00,00,00,00,00,00,08
3B7,00,00,00,00,00,00,00,08
3B7,00,00,00,00,00,00,00,08
3B7,00,00,00,00,00,00,00,08
3B7,00,00,00,00,00,00,00,08
3B7,00,00,00,00,00,00,00,08
3B7,00,00,00,00,00,00,00,08
3B7,00,00,00,00,00,00,00,08
3B7,00,00,00,00,00,00,00,08
3B7,00,00,00,00,00,00,00,08
3B7,00,00,00,00,00,00,00,08
3B7,00,00,00,00,00,00,00,08
3B7,00,00,00,00,00,00,00,08
3B7,00,00,00,00,00,00,00,08
3B7,00,00,00,00,00,00,00,08
3B7,00,00,00,00,00,00,00,08
3B7,00,00,00,00,00,00,00,08
3B7,00,00,00,00,00,00,00,08
3B7,00,00,00,00,00,00,00,08
3B7,00,00,00,00,00,00,00,08
3B7,00,00,00,00,00,00,00,08
3B7,00,00,00,00,00,00,00,08
3B7,00,00,00,00,00,00,00,08
3B7,00,00,00,00,00,00,00,08
3B7,00,00,00,00,00,00,00,08
3B7,00,00,00,00,00,00,00,08
3B7,00,00,00,00,00,00,00,08
3B7,00,00,00,00,00,00,00,08
3B7,00,00,00,00,00,00,00,08
3B7,00,00,00,00,00,00,00,08
3B7,00,00,00,00,00,00,00,08
3B7,00,00,00,00,00,00,00,08
3B7,00,00,00,00,00,00,00,08
3B7,00,00,00,00,00,00,00,08
3B7,00,00,00,00,00,00,00,08
3B7,00,00,00,00,00,00,00,08
3B7,00,00,00,00,00,00,00,08
3B7,00,00,00,00,00,00,00,08
3B7,00,00,00,00,00,00,00,08
3B7,00,00,00,00,00,00,00,08
3B7,00,00,00,00,00,00,00,08
3B7,00,00,00,00,00,00,00,08
3B7,00,00,00,00,00,00,00,08
3B7,00,00,00,00,00,00,00,08
3B7,00,00,00,00,00,00,00,08
3B7,00,00,00,00,00,00,00,08
3B7,00,00,00,00,00,00,00,08
3B7,00,00,00,00,00,00,00,08
3B7,00,00,00,00,00,00,00,08
3B7,00,00,00,00,00,00,00,08
3B7,00,00,00,00,00,00,00,08
3B7,00,00,00,00,00,00,00,08
3B7,00,00,00,00,00,00,00,08
3B7,00,00,00,00,00,00,00,08
3B7,00,00,00,00,00,00,00,08
3B7,00,00,00,00,00,00,00,08
3B7,00,00,00,00,00,00,00,08
3B7,00,00,00,00,00,00,00,08
3B7,00,00,00,00,00,00,00,08
3B7,00,00,00,00,00,00,00,08
3B7,00,00,00,00,00,00,00,08
3B7,00,00,00,00,00,00,00,08
3B7,00,00,00,00,00,00,00,08
3B7,00,00,00,00,00,00,00,08
3B7,00,00,00,00,00,00,00,08
3B7,00,00,00,00,00,00,00,08
3B7,00,00,00,00,00,00,00,08
3B7,00,00,00,00,00,00,00,08
3B7,00,00,00,00,00,00,00,08
3B7,00,00,00,00,00,00,00,08
3B7,00,00,00,00,00,00,00,08
3B7,00,00,00,00,00,00,00,08
3B7,00,00,00,00,00,00,00,08
3B7,00,00,00,00,00,00,00,08
3B7,00,00,00,00,00,00,00,08
3B7,00,00,00,00,00,00,00,08
3B7,00,00,00,00,00,00,00,08
3B7,00,00,00,00,00,00,00,08
3B7,00,00,00,00,00,00,00,08
3B7,00,00,00,00,00,00,00,08
3B7,00,00,00,00,00,00,00,08
3B7,00,00,00,00,00,00,00,08
3B7,00,00,00,00,00,00,00,08
3B7,00,00,00,00,00,00,00,08
3B7,00,00,00,00,00,00,00,08
3B7,00,00,00,00,00,00,00,08
3B7,00,00,00,00,00,00,00,08
3B7,00,00,00,00,00,00,00,08
3B7,00,00,00,00,00,00,00,08
3B7,00,00,00,00,00,00,00,08
3B7,00,00,00,00,00,00,00,08
3B7,00,00,00,00,00,00,00,08
3B7,00,00,00,00,00,00,00,08
3B7,00,00,00,00,00,00,00,08
3B7,00,00,00,00,00,00,00,08
3B7,00,00,00,00,00,00,00,08
3B7,00,00,00,00,00,00,00,08
3B7,00,00,00,00,00,00,00,08
3B7,00,00,00,00,00,00,00,08
3B7,00,00,00,00,00,00,00,08
3B7,00,00,00,00,00,00,00,08
3B7,00,00,00,00,00,00,00,08
3B7,00,00,00,00,00,00,00,08
3B7,00,00,00,00,00,00,00,08
3B7,00,00,00,00,00,00,00,08
3B7,00,00,00,00,00,00,00,08
3B7,00,00,00,00,00,00,00,08
3B7,00,00,00,00,00,00,00,08
3B7,00,00,00,00,00,00,00,08
3B7,00,00,00,00,00,00,00,08
3B7,00,00,00,00,00,00,00,08
3B7,00,00,00,00,00,00,00,08
3B7,00,00,00,00,00,00,00,08
3B7,00,00,00,00,00,00,00,08
3B7,00,00,00,00,00,00,00,08
3B7,00,00,00,00,00,00,00,08
3B7,00,00,00,00,00,00,00,08
3B7,00,00,00,00,00,00,00,08
3B7,00,00,00,00,00,00,00,08
3B7,00,00,00,00,00,00,00,08
3B7,00,00,00,00,00,00,00,08
3B7,00,00,00,00,00,00,00,08
3B7,00,00,00,00,00,00,00,08
3B7,00,00,00,00,00,00,00,08
3B7,00,00,00,00,00,00,00,08
3B7,00,00,00,00,00,00,00,08
3B7,00,00,00,00,00,00,00,08
3B7,00,00,00,00,00,00,00,08
3B7,00,00,00,00,00,00,00,08
3B7,00,00,00,00,00,00,00,08
3B7,00,00,00,00,00,00,00,08
3B7,00,00,00,00,00,00,00,08
3B7,00,00,00,00,00,00,00,08
3B7,00,00,00,00,00,00,00,08
3B7,00,00,00,00,00,00,00,08
3B7,00,00,00,00,00,00,00,08
3B7,00,00,00,00,00,00,00,08
3B7,00,00,00,00,00,00,00,08
3B7,00,00,00,00,00,00,00,08
3B7,00,00,00,00,00,00,00,08
3B7,00,00,00,00,00,00,00,08
3B7,00,00,00,00,00,00,00,08
3B7,00,00,00,00,00,00,00,08
3B7,00,00,00,00,00,00,00,08
3B7,00,00,00,00,00,00,00,08
3B7,00,00,00,00,00,00,00,08
3B7,00,00,00,00,00,00,00,08
3B7,00,00,00,00,00,00,00,08
3B7,00,00,00,00,00,00,00,08
3B7,00,00,00,00,00,00,00,08
3B7,00,00,00,00,00,00,00,08
3B7,00,00,00,00,00,00,00,08
3B7,00,00,00,00,00,00,00,08
3B7,00,00,00,00,00,00,00,08
3B7,00,00,00,00,00,00,00,08
3B7,00,00,00,00,00,00,00,08
3B7,00,00,00,00,00,00,00,08
3B7,00,00,00,00,00,00,00,08
3B7,00,00,00,00,00,00,00,08
3B7,00,00,00,00,00,00,00,08
3B7,00,00,00,00,00,00,00,08
3B7,00,00,00,00,00,00,00,08
3B7,00,00,00,00,00,00,00,08
3B7,00,00,00,00,00,00,00,08
3B7,00,00,00,00,00,00,00,08
3B7,00,00,00,00,00,00,00,08
3B7,00,00,00,00,00,00,00,08
3B7,00,00,00,00,00,00,00,08
3B7,00,00,00,00,00,00,00,08
3B7,00,00,00,00,00,00,00,08
3B7,00,00,00,00,00,00,00,08
3B7,00,00,00,00,00,00,00,08
3B7,00,00,00,00,00,00,00,08
3B7,00,00,00,00,00,00,00,08
3B7,00,00,00,00,00,00,00,08
3B7,00,00,00,00,00,00,00,08
3B7,00,00,00,00,00,00,00,08
3B7,00,00,00,00,00,00,00,08
3B7,00,00,00,00,00,00,00,08
3B7,00,00,00,00,00,00,00,08
3B7,00,00,00,00,00,00,00,08
3B7,00,00,00,00,00,00,00,08
3B7,00,00,00,00,00,00,00,08
3B7,00,00,00,00,00,00,00,08
3B7,00,00,00,00,00,00,00,08
3B7,00,00,00,00,00,00,00,08
3B7,00,00,00,00,00,00,00,08
3B7,00,00,00,00,00,00,00,08
3B7,00,00,00,00,00,00,00,08
3B7,00,00,00,00,00,00,00,08
3B7,00,00,00,00,00,00,00,08
3B7,00,00,00,00,00,00,00,08
3B7,00,00,00,00,00,00,00,08
3B7,00,00,00,00,00,00,00,08
3B7,00,00,00,00,00,00,00,08
3B7,00,00,00,00,00,00,00,08
3B7,00,00,00,00,00,00,00,08
3B7,00,00,00,00,00,00,00,08
3B7,00,00,00,00,00,00,00,08
3B7,00,00,00,00,00,00,00,08
3B7,00,00,00,00,00,00,00,08
3B7,00,00,00,00,00,00,00,08
3B7,00,00,00,00,00,00,00,08
3B7,00,00,00,00,00,00,00,08
3B7,00,00,00,00,00,00,00,08
3B7,00,00,00,00,00,00,00,08
3B7,00,00,00,00,00,00,00,08
3B7,00,00,00,00,00,00,00,08
3B7,00,00,00,00,00,00,00,08
3B7,00,00,00,00,00,00,00,08
3B7,00,00,00,00,00,00,00,08
3B7,00,00,00,00,00,00,00,08
3B7,00,00,00,00,00,00,00,08
3B7,00,00,00,00,00,00,00,08
3B7,00,00,00,00,00,00,00,08
3B7,00,00,00,00,00,00,00,08
3B7,00,00,00,00,00,00,00,08
3B7,00,00,00,00,00,00,00,08
3B7,00,00,00,00,00,00,00,08
3B7,00,00,00,00,00,00,00,08
3B7,00,00,00,00,00,00,00,08
3B7,00,00,00,00,00,00,00,08
3B7,00,00,00,00,00,00,00,08
3B7,00,00,00,00,00,00,00,08
3B7,00,00,00,00,00,00,00,08
3B7,00,00,00,00,00,00,00,08
3B7,00,00,00,00,00,00,00,08
3B7,00,00,00,00,00,00,00,08
3B7,00,00,00,00,00,00,00,08
3B7,00,00,00,00,00,00,00,08
3B7,00,00,00,00,00,00,00,08
3B7,00,00,00,00,00,00,00,08
3B7,00,00,00,00,00,00,00,08
3B7,00,00,00,00,00,00,00,08
3B7,00,00,00,00,00,00,00,08
3B7,00,00,00,00,00,00,00,08
3B7,00,00,00,00,00,00,00,08
3B7,00,00,00,00,00,00,00,08
3B7,00,00,00,00,00,00,00,08
3B7,00,00,00,00,00,00,00,08
3B7,00,00,00,00,00,00,00,08
3B7,00,00,00,00,00,00,00,08
3B7,00,00,00,00,00,00,00,08
3B7,00,00,00,00,00,00,00,08
3B7,00,00,00,00,00,00,00,08
3B7,00,00,00,00,00,00,00,08
3B7,00,00,00,00,00,00,00,08
3B7,00,00,00,00,00,00,00,08
3B7,00,00,00,00,00,00,00,08
3B7,00,00,00,00,00,00,00,08
3B7,00,00,00,00,00,00,00,08
3B7,00,00,00,00,00,00,00,08
3B7,00,00,00,00,00,00,00,08
3B7,00,00,00,00,00,00,00,08
3B7,00,00,00,00,00,00,00,08
3B7,00,00,00,00,00,00,00,08
3B7,00,00,00,00,00,00,00,08
3B7,00,00,00,00,00,00,00,08
3B7,00,00,00,00,00,00,00,08
3B7,00,00,00,00,00,00,00,08
3B7,00,00,00,00,00,00,00,08
3B7,00,00,00,00,00,00,00,08
3B7,00,00,00,00,00,00,00,08
3B7,00,00,00,00,00,00,00,08
3B7,00,00,00,00,00,00,00,08
3B7,00,00,00,00,00,00,00,08
3B7,00,00,00,00,00,00,00,08
3B7,00,00,00,00,00,00,00,08
3B7,00,00,00,00,00,00,00,08
3B7,00,00,00,00,00,00,00,08
3B7,00,00,00,00,00,00,00,08
3B7,00,00,00,00,00,00,00,08
3B7,00,00,00,00,00,00,00,08
3B7,00,00,00,00,00,00,00,08
3B7,00,00,00,00,00,00,00,08
3B7,00,00,00,00,00,00,00,08
3B7,00,00,00,00,00,00,00,08
3B7,00,00,00,00,00,00,00,08
3B7,00,00,00,00,00,00,00,08
3B7,00,00,00,00,00,00,00,08
3B7,00,00,00,00,00,00,00,08
3B7,00,00,00,00,00,00,00,08
3B7,00,00,00,00,00,00,00,08
3B7,00,00,00,00,00,00,00,08
3B7,00,00,00,00,00,00,00,08
3B7,00,00,00,00,00,00,00,08
3B7,00,00,00,00,00,00,00,08
3B7,00,00,00,00,00,00,00,08
3B7,00,00,00,00,00,00,00,08
3B7,00,00,00,00,00,00,00,08
3B7,00,00,00,00,00,00,00,08
3B7,00,00,00,00,00,00,00,08
3B7,00,00,00,00,00,00,00,08
3B7,00,00,00,00,00,00,00,08
3B7,00,00,00,00,00,00,00,08
3B7,00,00,00,00,00,00,00,08
3B7,00,00,00,00,00,00,00,08
3B7,00,00,00,00,00,00,00,08
3B7,00,00,00,00,00,00,00,08
3B7,00,00,00,00,00,00,00,08
3B7,00,00,00,00,00,00,00,08
3B7,00,00,00,00,00,00,00,08
3B7,00,00,00,00,00,00,00,08
3B7,00,00,00,00,00,00,00,08
3B7,00,00,00,00,00,00,00,08
3B7,00,00,00,00,00,00,00,08
3B7,00,00,00,00,00,00,00,08
3B7,00,00,00,00,00,00,00,08
3B7,00,00,00,00,00,00,00,08
3B7,00,00,00,00,00,00,00,08
3B7,00,00,00,00,00,00,00,08
3B7,00,00,00,00,00,00,00,08
3B7,00,00,00,00,00,00,00,08
3B7,00,00,00,00,00,00,00,08
3B7,00,00,00,00,00,00,00,08
3B7,00,00,00,00,00,00,00,08
3B7,00,00,00,00,00,00,00,08
3B7,00,00,00,00,00,00,00,08
3B7,00,00,00,00,00,00,00,08
3B7,00,00,00,00,00,00,00,08
3B7,00,00,00,00,00,00,00,08
3B7,00,00,00,00,00,00,00,08
3B7,00,00,00,00,00,00,00,08
3B7,00,00,00,00,00,00,00,08
3B7,00,00,00,00,00,00,00,08
3B7,00,00,00,00,00,00,00,08
3B7,00,00,00,00,00,00,00,08
3B7,00,00,00,00,00,00,00,08
3B7,00,00,00,00,00,00,00,08
3B7,00,00,00,00,00,00,00,08
3B7,00,00,00,00,00,00,00,08
3B7,00,00,00,00,00,00,00,08
3B7,00,00,00,00,00,00,00,08
3B7,00,00,00,00,00,00,00,08
3B7,00,00,00,00,00,00,00,08
3B7,00,00,00,00,00,00,00,08
3B7,00,00,00,00,00,00,00,08
3B7,00,00,00,00,00,00,00,08
3B7,00,00,00,00,00,00,00,08
3B7,00,00,00,00,00,00,00,08
3B7,00,00,00,00,00,00,00,08
3B7,00,00,00,00,00,00,00,08
3B7,00,00,00,00,00,00,00,08
3B7,00,00,00,00,00,00,00,08
3B7,00,00,00,00,00,00,00,08
3B7,00,00,00,00,00,00,00,08
3B7,00,00,00,00,00,00,00,08
3B7,00,00,00,00,00,00,00,08
3B7,00,00,00,00,00,00,00,08
3B7,00,00,00,00,00,00,00,08
3B7,00,00,00,00,00,00,00,08
3B7,00,00,00,00,00,00,00,08
3B7,00,00,00,00,00,00,00,08
3B7,00,00,00,00,00,00,00,08
3B7,00,00,00,00,00,00,00,08
3B7,00,00,00,00,00,00,00,08
3B7,00,00,00,00,00,00,00,08
3B7,00,00,00,00,00,00,00,08
3B7,00,00,00,00,00,00,00,08
3B7,00,00,00,00,00,00,00,08
3B7,00,00,00,00,00,00,00,08
3B7,00,00,00,00,00,00,00,08
3B7,00,00,00,00,00,00,00,08
3B7,00,00,00,00,00,00,00,08
3B7,00,00,00,00,00,00,00,08
3B7,00,00,00,00,00,00,00,08
3B7,00,00,00,00,00,00,00,08
3B7,00,00,00,00,00,00,00,08
3B7,00,00,00,00,00,00,00,08
3B7,00,00,00,00,00,00,00,08
3B7,00,00,00,00,00,00,00,08
3B7,00,00,00,00,00,00,00,08
3B7,00,00,00,00,00,00,00,08
3B7,00,00,00,00,00,00,00,08
3B7,00,00,00,00,00,00,00,08
3B7,00,00,00,00,00,00,00,08
3B7,00,00,00,00,00,00,00,08
3B7,00,00,00,00,00,00,00,08
3B7,00,00,00,00,00,00,00,08
3B7,00,00,00,00,00,00,00,08
3B7,00,00,00,00,00,00,00,08
3B7,00,00,00,00,00,00,00,08
3B7,00,00,00,00,00,00,00,08
3B7,00,00,00,00,00,00,00,08
3B7,00,00,00,00,00,00,00,08
3B7,00,00,00,00,00,00,00,08
3B7,00,00,00,00,00,00,00,08
3B7,00,00,00,00,00,00,00,08
3B7,00,00,00,00,00,00,00,08
3B7,00,00,00,00,00,00,00,08
3B7,00,00,00,00,00,00,00,08
3B7,00,00,00,00,00,00,00,08
3B7,00,00,00,00,00,00,00,08
3B7,00,00,00,00,00,00,00,08
3B7,00,00,00,00,00,00,00,08
3B7,00,00,00,00,00,00,00,08
3B7,00,00,00,00,00,00,00,08
3B7,00,00,00,00,00,00,00,08
3B7,00,00,00,00,00,00,00,08
3B7,00,00,00,00,00,00,00,08
3B7,00,00,00,00,00,00,00,08
3B7,00,00,00,00,00,00,00,08
3B7,00,00,00,00,00,00,00,08
3B7,00,00,00,00,00,00,00,08
3B7,00,00,00,00,00,00,00,08
3B7,00,00,00,00,00,00,00,08
3B7,00,00,00,00,00,00,00,08
3B7,00,00,00,00,00,00,00,08
3B7,00,00,00,00,00,00,00,08
3B7,00,00,00,00,00,00,00,08
3B7,00,00,00,00,00,00,00,08
3B7,00,00,00,00,00,00,00,08
3B7,00,00,00,00,00,00,00,08
3B7,00,00,00,00,00,00,00,08
3B7,00,00,00,00,00,00,00,08
3B7,00,00,00,00,00,00,00,08
3B7,00,00,00,00,00,00,00,08
3B7,00,00,00,00,00,00,00,08
3B7,00,00,00,00,00,00,00,08
3B7,00,00,00,00,00,00,00,08
3B7,00,00,00,00,00,00,00,08
3B7,00,00,00,00,00,00,00,08
3B7,00,00,00,00,00,00,00,08
3B7,00,00,00,00,00,00,00,08
3B7,00,00,00,00,00,00,00,08
3B7,00,00,00,00,00,00,00,08
3B7,00,00,00,00,00,00,00,08
3B7,00,00,00,00,00,00,00,08
3B7,00,00,00,00,00,00,00,08
3B7,00,00,00,00,00,00,00,08
3B7,00,00,00,00,00,00,00,08
3B7,00,00,00,00,00,00,00,08
3B7,00,00,00,00,00,00,00,08
3B7,00,00,00,00,00,00,00,08
