63D,153,0,65,87,88,69,66,0
63D,0,0,0,0,0,0,0,0
63D,0,0,0,0,0,0,0,0
63D,0,0,0,0,0,0,0,0
63D,0,0,0,0,0,0,0,0
63D,0,0,0,0,0,0,0,0
63D,0,0,0,0,0,0,0,0
63D,0,0,0,0,0,0,0,0
63D,0,0,0,0,0,0,0,0
63D,0,0,0,0,0,0,0,0
63D,0,0,0,0,0,0,0,0
63D,0,0,0,0,0,0,0,0
63D,0,0,0,0,0,0,0,0
63D,0,0,0,0,0,0,0,0
63D,0,0,0,0,0,0,0,0
63D,0,0,0,0,0,0,0,0
63D,0,0,0,0,0,0,0,0
63D,0,0,0,0,0,0,0,0
63D,0,0,0,0,0,0,0,0
63D,0,0,0,0,0,0,0,0
63D,0,0,0,0,0,0,0,0
63D,0,0,0,0,0,0,0,0
63D,0,0,0,0,0,0,0,0
63D,0,0,0,0,0,0,0,0
63D,0,0,0,0,0,0,0,0
63D,0,0,0,0,0,0,0,0
63D,0,0,0,0,0,0,0,0
63D,0,0,0,0,0,0,0,0
63D,0,0,0,0,0,0,0,0
63D,0,0,0,0,0,0,0,0
63D,0,0,0,0,0,0,0,0
63D,0,0,0,0,0,0,0,0
63D,0,0,0,0,0,0,0,0
63D,0,0,0,0,0,0,0,0
63D,0,0,0,0,0,0,0,0
63D,0,0,0,0,0,0,0,0
63D,0,0,0,0,0,0,0,0
63D,0,0,0,0,0,0,0,0
63D,0,0,0,0,0,0,0,0
63D,0,0,0,0,0,0,0,0
63D,0,0,0,0,0,0,0,0
63D,0,0,0,0,0,0,0,0
63D,0,0,0,0,0,0,0,0
63D,0,0,0,0,0,0,0,0
63D,0,0,0,0,0,0,0,0
63D,0,0,0,0,0,0,0,0
63D,0,0,0,0,0,0,0,0
63D,0,0,0,0,0,0,0,0
63D,0,0,0,0,0,0,0,0
63D,0,0,0,0,0,0,0,0
63D,0,0,0,0,0,0,0,0
63D,0,0,0,0,0,0,0,0
63D,0,0,0,0,0,0,0,0
63D,0,0,0,0,0,0,0,0
63D,0,0,0,0,0,0,0,0
63D,0,0,0,0,0,0,0,0
63D,0,0,0,0,0,0,0,0
63D,0,0,0,0,0,0,0,0
63D,0,0,0,0,0,0,0,0
63D,0,0,0,0,0,0,0,0
63D,0,0,0,0,0,0,0,0
63D,0,0,0,0,0,0,0,0
63D,0,0,0,0,0,0,0,0
63D,0,0,0,0,0,0,0,0
63D,0,0,0,0,0,0,0,0
63D,0,0,0,0,0,0,0,0
63D,0,0,0,0,0,0,0,0
63D,0,0,0,0,0,0,0,0
63D,0,0,0,0,0,0,0,0
63D,0,0,0,0,0,0,0,0
63D,0,0,0,0,0,0,0,0
63D,0,0,0,0,0,0,0,0
63D,0,0,0,0,0,0,0,0
63D,0,0,0,0,0,0,0,0
63D,0,0,0,0,0,0,0,0
63D,0,0,0,0,0,0,0,0
63D,0,0,0,0,0,0,0,0
63D,0,0,0,0,0,0,0,0
63D,0,0,0,0,0,0,0,0
63D,0,0,0,0,0,0,0,0
63D,0,0,0,0,0,0,0,0
63D,0,0,0,0,0,0,0,0
63D,0,0,0,0,0,0,0,0
63D,0,0,0,0,0,0,0,0
63D,0,0,0,0,0,0,0,0
63D,0,0,0,0,0,0,0,0
63D,0,0,0,0,0,0,0,0
63D,0,0,0,0,0,0,0,0
63D,0,0,0,0,0,0,0,0
63D,0,0,0,0,0,0,0,0
63D,0,0,0,0,0,0,0,0
63D,0,0,0,0,0,0,0,0
63D,0,0,0,0,0,0,0,0
63D,0,0,0,0,0,0,0,0
63D,0,0,0,0,0,0,0,0
63D,0,0,0,0,0,0,0,0
63D,0,0,0,0,0,0,0,0
63D,0,0,0,0,0,0,0,0
63D,0,0,0,0,0,0,0,0
63D,0,0,0,0,0,0,0,0
63D,0,0,0,0,0,0,0,0
63D,0,0,0,0,0,0,0,0
63D,0,0,0,0,0,0,0,0
63D,0,0,0,0,0,0,0,0
63D,0,0,0,0,0,0,0,0
63D,0,0,0,0,0,0,0,0
63D,0,0,0,0,0,0,0,0
63D,0,0,0,0,0,0,0,0
63D,0,0,0,0,0,0,0,0
63D,0,0,0,0,0,0,0,0
63D,0,0,0,0,0,0,0,0
63D,0,0,0,0,0,0,0,0
63D,0,0,0,0,0,0,0,0
63D,0,0,0,0,0,0,0,0
63D,0,0,0,0,0,0,0,0
63D,0,0,0,0,0,0,0,0
63D,0,0,0,0,0,0,0,0
63D,0,0,0,0,0,0,0,0
63D,0,0,0,0,0,0,0,0
63D,0,0,0,0,0,0,0,0
63D,0,0,0,0,0,0,0,0
63D,0,0,0,0,0,0,0,0
63D,0,0,0,0,0,0,0,0
63D,0,0,0,0,0,0,0,0
63D,0,0,0,0,0,0,0,0
63D,0,0,0,0,0,0,0,0
63D,0,0,0,0,0,0,0,0
63D,0,0,0,0,0,0,0,0
63D,0,0,0,0,0,0,0,0
63D,0,0,0,0,0,0,0,0
63D,0,0,0,0,0,0,0,0
63D,0,0,0,0,0,0,0,0
63D,0,0,0,0,0,0,0,0
63D,0,0,0,0,0,0,0,0
63D,0,0,0,0,0,0,0,0
63D,0,0,0,0,0,0,0,0
63D,0,0,0,0,0,0,0,0
63D,0,0,0,0,0,0,0,0
63D,0,0,0,0,0,0,0,0
63D,0,0,0,0,0,0,0,0
63D,0,0,0,0,0,0,0,0
63D,0,0,0,0,0,0,0,0
63D,0,0,0,0,0,0,0,0
63D,0,0,0,0,0,0,0,0
63D,0,0,0,0,0,0,0,0
63D,0,0,0,0,0,0,0,0
63D,0,0,0,0,0,0,0,0
63D,0,0,0,0,0,0,0,0
63D,0,0,0,0,0,0,0,0
63D,0,0,0,0,0,0,0,0
63D,0,0,0,0,0,0,0,0
63D,0,0,0,0,0,0,0,0
63D,0,0,0,0,0,0,0,0
63D,0,0,0,0,0,0,0,0
63D,0,0,0,0,0,0,0,0
63D,0,0,0,0,0,0,0,0
63D,0,0,0,0,0,0,0,0
63D,0,0,0,0,0,0,0,0
63D,0,0,0,0,0,0,0,0
63D,0,0,0,0,0,0,0,0
63D,0,0,0,0,0,0,0,0
63D,0,0,0,0,0,0,0,0
63D,0,0,0,0,0,0,0,0
63D,0,0,0,0,0,0,0,0
63D,0,0,0,0,0,0,0,0
63D,0,0,0,0,0,0,0,0
63D,0,0,0,0,0,0,0,0
63D,0,0,0,0,0,0,0,0
63D,0,0,0,0,0,0,0,0
63D,0,0,0,0,0,0,0,0
63D,0,0,0,0,0,0,0,0
63D,0,0,0,0,0,0,0,0
63D,0,0,0,0,0,0,0,0
63D,0,0,0,0,0,0,0,0
63D,0,0,0,0,0,0,0,0
63D,0,0,0,0,0,0,0,0
63D,0,0,0,0,0,0,0,0
63D,0,0,0,0,0,0,0,0
63D,0,0,0,0,0,0,0,0
63D,0,0,0,0,0,0,0,0
63D,0,0,0,0,0,0,0,0
63D,0,0,0,0,0,0,0,0
63D,0,0,0,0,0,0,0,0
63D,0,0,0,0,0,0,0,0
63D,0,0,0,0,0,0,0,0
63D,0,0,0,0,0,0,0,0
63D,0,0,0,0,0,0,0,0
63D,0,0,0,0,0,0,0,0
63D,0,0,0,0,0,0,0,0
63D,0,0,0,0,0,0,0,0
63D,0,0,0,0,0,0,0,0
63D,0,0,0,0,0,0,0,0
63D,0,0,0,0,0,0,0,0
63D,0,0,0,0,0,0,0,0
63D,0,0,0,0,0,0,0,0
63D,0,0,0,0,0,0,0,0
63D,0,0,0,0,0,0,0,0
63D,0,0,0,0,0,0,0,0
63D,0,0,0,0,0,0,0,0
63D,0,0,0,0,0,0,0,0
63D,0,0,0,0,0,0,0,0
63D,0,0,0,0,0,0,0,0
63D,0,0,0,0,0,0,0,0
63D,0,0,0,0,0,0,0,0
63D,0,0,0,0,0,0,0,0
63D,0,0,0,0,0,0,0,0
63D,0,0,0,0,0,0,0,0
63D,0,0,0,0,0,0,0,0
63D,0,0,0,0,0,0,0,0
63D,0,0,0,0,0,0,0,0
63D,0,0,0,0,0,0,0,0
63D,0,0,0,0,0,0,0,0
63D,0,0,0,0,0,0,0,0
63D,0,0,0,0,0,0,0,0
63D,0,0,0,0,0,0,0,0
63D,0,0,0,0,0,0,0,0
63D,0,0,0,0,0,0,0,0
63D,0,0,0,0,0,0,0,0
63D,0,0,0,0,0,0,0,0
63D,0,0,0,0,0,0,0,0
63D,0,0,0,0,0,0,0,0
63D,0,0,0,0,0,0,0,0
63D,0,0,0,0,0,0,0,0
63D,0,0,0,0,0,0,0,0
63D,0,0,0,0,0,0,0,0
63D,0,0,0,0,0,0,0,0
63D,0,0,0,0,0,0,0,0
63D,0,0,0,0,0,0,0,0
63D,0,0,0,0,0,0,0,0
63D,0,0,0,0,0,0,0,0
63D,0,0,0,0,0,0,0,0
63D,0,0,0,0,0,0,0,0
63D,0,0,0,0,0,0,0,0
63D,0,0,0,0,0,0,0,0
63D,0,0,0,0,0,0,0,0
63D,0,0,0,0,0,0,0,0
63D,0,0,0,0,0,0,0,0
63D,0,0,0,0,0,0,0,0
63D,0,0,0,0,0,0,0,0
63D,0,0,0,0,0,0,0,0
63D,0,0,0,0,0,0,0,0
63D,0,0,0,0,0,0,0,0
63D,0,0,0,0,0,0,0,0
63D,0,0,0,0,0,0,0,0
63D,0,0,0,0,0,0,0,0
63D,0,0,0,0,0,0,0,0
63D,0,0,0,0,0,0,0,0
63D,0,0,0,0,0,0,0,0
63D,0,0,0,0,0,0,0,0
63D,0,0,0,0,0,0,0,0
63D,0,0,0,0,0,0,0,0
63D,0,0,0,0,0,0,0,0
63D,0,0,0,0,0,0,0,0
63D,0,0,0,0,0,0,0,0
63D,0,0,0,0,0,0,0,0
63D,0,0,0,0,0,0,0,0
63D,0,0,0,0,0,0,0,0
63D,0,0,0,0,0,0,0,0
63D,0,0,0,0,0,0,0,0
63D,0,0,0,0,0,0,0,0
63D,0,0,0,0,0,0,0,0
63D,0,0,0,0,0,0,0,0
63D,0,0,0,0,0,0,0,0
63D,0,0,0,0,0,0,0,0
63D,0,0,0,0,0,0,0,0
63D,0,0,0,0,0,0,0,0
63D,0,0,0,0,0,0,0,0
63D,0,0,0,0,0,0,0,0
63D,0,0,0,0,0,0,0,0
63D,0,0,0,0,0,0,0,0
63D,0,0,0,0,0,0,0,0
63D,0,0,0,0,0,0,0,0
63D,0,0,0,0,0,0,0,0
63D,0,0,0,0,0,0,0,0
63D,0,0,0,0,0,0,0,0
63D,0,0,0,0,0,0,0,0
63D,0,0,0,0,0,0,0,0
63D,0,0,0,0,0,0,0,0
63D,0,0,0,0,0,0,0,0
63D,0,0,0,0,0,0,0,0
63D,0,0,0,0,0,0,0,0
63D,0,0,0,0,0,0,0,0
63D,0,0,0,0,0,0,0,0
63D,0,0,0,0,0,0,0,0
63D,0,0,0,0,0,0,0,0
63D,0,0,0,0,0,0,0,0
63D,0,0,0,0,0,0,0,0
63D,0,0,0,0,0,0,0,0
63D,0,0,0,0,0,0,0,0
63D,0,0,0,0,0,0,0,0
63D,0,0,0,0,0,0,0,0
63D,0,0,0,0,0,0,0,0
63D,0,0,0,0,0,0,0,0
63D,0,0,0,0,0,0,0,0
63D,0,0,0,0,0,0,0,0
63D,0,0,0,0,0,0,0,0
63D,0,0,0,0,0,0,0,0
63D,0,0,0,0,0,0,0,0
63D,0,0,0,0,0,0,0,0
63D,0,0,0,0,0,0,0,0
63D,0,0,0,0,0,0,0,0
63D,0,0,0,0,0,0,0,0
63D,0,0,0,0,0,0,0,0
63D,0,0,0,0,0,0,0,0
63D,0,0,0,0,0,0,0,0
63D,0,0,0,0,0,0,0,0
63D,0,0,0,0,0,0,0,0
63D,0,0,0,0,0,0,0,0
63D,0,0,0,0,0,0,0,0
63D,0,0,0,0,0,0,0,0
63D,0,0,0,0,0,0,0,0
63D,0,0,0,0,0,0,0,0
63D,0,0,0,0,0,0,0,0
63D,0,0,0,0,0,0,0,0
63D,0,0,0,0,0,0,0,0
63D,0,0,0,0,0,0,0,0
63D,0,0,0,0,0,0,0,0
63D,0,0,0,0,0,0,0,0
63D,0,0,0,0,0,0,0,0
63D,0,0,0,0,0,0,0,0
63D,0,0,0,0,0,0,0,0
63D,0,0,0,0,0,0,0,0
63D,0,0,0,0,0,0,0,0
63D,0,0,0,0,0,0,0,0
63D,0,0,0,0,0,0,0,0
63D,0,0,0,0,0,0,0,0
63D,0,0,0,0,0,0,0,0
63D,0,0,0,0,0,0,0,0
63D,0,0,0,0,0,0,0,0
63D,0,0,0,0,0,0,0,0
63D,0,0,0,0,0,0,0,0
63D,0,0,0,0,0,0,0,0
63D,0,0,0,0,0,0,0,0
63D,0,0,0,0,0,0,0,0
63D,0,0,0,0,0,0,0,0
63D,0,0,0,0,0,0,0,0
63D,0,0,0,0,0,0,0,0
63D,0,0,0,0,0,0,0,0
63D,0,0,0,0,0,0,0,0
63D,0,0,0,0,0,0,0,0
63D,0,0,0,0,0,0,0,0
63D,0,0,0,0,0,0,0,0
63D,0,0,0,0,0,0,0,0
63D,0,0,0,0,0,0,0,0
63D,0,0,0,0,0,0,0,0
63D,0,0,0,0,0,0,0,0
63D,0,0,0,0,0,0,0,0
63D,0,0,0,0,0,0,0,0
63D,0,0,0,0,0,0,0,0
63D,0,0,0,0,0,0,0,0
63D,0,0,0,0,0,0,0,0
63D,0,0,0,0,0,0,0,0
63D,0,0,0,0,0,0,0,0
63D,0,0,0,0,0,0,0,0
63D,0,0,0,0,0,0,0,0
63D,0,0,0,0,0,0,0,0
63D,0,0,0,0,0,0,0,0
63D,0,0,0,0,0,0,0,0
63D,0,0,0,0,0,0,0,0
63D,0,0,0,0,0,0,0,0
63D,0,0,0,0,0,0,0,0
63D,0,0,0,0,0,0,0,0
63D,0,0,0,0,0,0,0,0
63D,0,0,0,0,0,0,0,0
63D,0,0,0,0,0,0,0,0
63D,0,0,0,0,0,0,0,0
63D,0,0,0,0,0,0,0,0
63D,0,0,0,0,0,0,0,0
63D,0,0,0,0,0,0,0,0
63D,0,0,0,0,0,0,0,0
63D,0,0,0,0,0,0,0,0
63D,0,0,0,0,0,0,0,0
63D,0,0,0,0,0,0,0,0
63D,0,0,0,0,0,0,0,0
63D,0,0,0,0,0,0,0,0
63D,0,0,0,0,0,0,0,0
63D,0,0,0,0,0,0,0,0
63D,0,0,0,0,0,0,0,0
63D,0,0,0,0,0,0,0,0
63D,0,0,0,0,0,0,0,0
63D,0,0,0,0,0,0,0,0
63D,0,0,0,0,0,0,0,0
63D,0,0,0,0,0,0,0,0
63D,0,0,0,0,0,0,0,0
63D,0,0,0,0,0,0,0,0
63D,0,0,0,0,0,0,0,0
63D,0,0,0,0,0,0,0,0
63D,0,0,0,0,0,0,0,0
63D,0,0,0,0,0,0,0,0
63D,0,0,0,0,0,0,0,0
63D,0,0,0,0,0,0,0,0
63D,0,0,0,0,0,0,0,0
63D,0,0,0,0,0,0,0,0
63D,0,0,0,0,0,0,0,0
63D,0,0,0,0,0,0,0,0
63D,0,0,0,0,0,0,0,0
63D,0,0,0,0,0,0,0,0
63D,0,0,0,0,0,0,0,0
63D,0,0,0,0,0,0,0,0
63D,0,0,0,0,0,0,0,0
63D,0,0,0,0,0,0,0,0
63D,0,0,0,0,0,0,0,0
63D,0,0,0,0,0,0,0,0
63D,0,0,0,0,0,0,0,0
63D,0,0,0,0,0,0,0,0
63D,0,0,0,0,0,0,0,0
63D,0,0,0,0,0,0,0,0
63D,0,0,0,0,0,0,0,0
63D,0,0,0,0,0,0,0,0
63D,0,0,0,0,0,0,0,0
63D,0,0,0,0,0,0,0,0
63D,0,0,0,0,0,0,0,0
63D,0,0,0,0,0,0,0,0
63D,0,0,0,0,0,0,0,0
63D,0,0,0,0,0,0,0,0
63D,0,0,0,0,0,0,0,0
63D,0,0,0,0,0,0,0,0
63D,0,0,0,0,0,0,0,0
63D,0,0,0,0,0,0,0,0
63D,0,0,0,0,0,0,0,0
63D,0,0,0,0,0,0,0,0
63D,0,0,0,0,0,0,0,0
63D,0,0,0,0,0,0,0,0
63D,0,0,0,0,0,0,0,0
63D,0,0,0,0,0,0,0,0
63D,0,0,0,0,0,0,0,0
63D,0,0,0,0,0,0,0,0
63D,0,0,0,0,0,0,0,0
63D,0,0,0,0,0,0,0,0
63D,0,0,0,0,0,0,0,0
63D,0,0,0,0,0,0,0,0
63D,0,0,0,0,0,0,0,0
63D,0,0,0,0,0,0,0,0
63D,0,0,0,0,0,0,0,0
63D,0,0,0,0,0,0,0,0
63D,0,0,0,0,0,0,0,0
63D,0,0,0,0,0,0,0,0
63D,0,0,0,0,0,0,0,0
63D,0,0,0,0,0,0,0,0
63D,0,0,0,0,0,0,0,0
63D,0,0,0,0,0,0,0,0
63D,0,0,0,0,0,0,0,0
63D,0,0,0,0,0,0,0,0
63D,0,0,0,0,0,0,0,0
63D,0,0,0,0,0,0,0,0
63D,0,0,0,0,0,0,0,0
63D,0,0,0,0,0,0,0,0
63D,0,0,0,0,0,0,0,0
63D,0,0,0,0,0,0,0,0
63D,0,0,0,0,0,0,0,0
63D,0,0,0,0,0,0,0,0
63D,0,0,0,0,0,0,0,0
63D,0,0,0,0,0,0,0,0
63D,0,0,0,0,0,0,0,0
63D,0,0,0,0,0,0,0,0
63D,0,0,0,0,0,0,0,0
63D,0,0,0,0,0,0,0,0
63D,0,0,0,0,0,0,0,0
63D,0,0,0,0,0,0,0,0
63D,0,0,0,0,0,0,0,0
63D,0,0,0,0,0,0,0,0
63D,0,0,0,0,0,0,0,0
63D,0,0,0,0,0,0,0,0
63D,0,0,0,0,0,0,0,0
63D,0,0,0,0,0,0,0,0
63D,0,0,0,0,0,0,0,0
63D,0,0,0,0,0,0,0,0
63D,0,0,0,0,0,0,0,0
63D,0,0,0,0,0,0,0,0
63D,0,0,0,0,0,0,0,0
63D,0,0,0,0,0,0,0,0
63D,0,0,0,0,0,0,0,0
63D,0,0,0,0,0,0,0,0
63D,0,0,0,0,0,0,0,0
63D,0,0,0,0,0,0,0,0
63D,0,0,0,0,0,0,0,0
63D,0,0,0,0,0,0,0,0
63D,0,0,0,0,0,0,0,0
63D,0,0,0,0,0,0,0,0
63D,0,0,0,0,0,0,0,0
63D,0,0,0,0,0,0,0,0
63D,0,0,0,0,0,0,0,0
63D,0,0,0,0,0,0,0,0
63D,0,0,0,0,0,0,0,0
63D,0,0,0,0,0,0,0,0
63D,0,0,0,0,0,0,0,0
63D,0,0,0,0,0,0,0,0
63D,0,0,0,0,0,0,0,0
63D,0,0,0,0,0,0,0,0
63D,0,0,0,0,0,0,0,0
63D,0,0,0,0,0,0,0,0
63D,0,0,0,0,0,0,0,0
63D,0,0,0,0,0,0,0,0
63D,0,0,0,0,0,0,0,0
63D,0,0,0,0,0,0,0,0
63D,0,0,0,0,0,0,0,0
63D,0,0,0,0,0,0,0,0
63D,0,0,0,0,0,0,0,0
63D,0,0,0,0,0,0,0,0
63D,0,0,0,0,0,0,0,0
63D,0,0,0,0,0,0,0,0
63D,0,0,0,0,0,0,0,0
63D,0,0,0,0,0,0,0,0
63D,0,0,0,0,0,0,0,0
63D,0,0,0,0,0,0,0,0
63D,0,0,0,0,0,0,0,0
63D,0,0,0,0,0,0,0,0
63D,0,0,0,0,0,0,0,0
63D,0,0,0,0,0,0,0,0
63D,0,0,0,0,0,0,0,0
63D,0,0,0,0,0,0,0,0
63D,0,0,0,0,0,0,0,0
63D,0,0,0,0,0,0,0,0
63D,0,0,0,0,0,0,0,0
63D,0,0,0,0,0,0,0,0
63D,0,0,0,0,0,0,0,0
63D,0,0,0,0,0,0,0,0
63D,0,0,0,0,0,0,0,0
63D,0,0,0,0,0,0,0,0
63D,0,0,0,0,0,0,0,0
63D,0,0,0,0,0,0,0,0
63D,0,0,0,0,0,0,0,0
63D,0,0,0,0,0,0,0,0
63D,0,0,0,0,0,0,0,0
63D,0,0,0,0,0,0,0,0
63D,0,0,0,0,0,0,0,0
63D,0,0,0,0,0,0,0,0
63D,0,0,0,0,0,0,0,0
63D,0,0,0,0,0,0,0,0
63D,0,0,0,0,0,0,0,0
63D,0,0,0,0,0,0,0,0
63D,0,0,0,0,0,0,0,0
63D,0,0,0,0,0,0,0,0
63D,0,0,0,0,0,0,0,0
63D,0,0,0,0,0,0,0,0
63D,0,0,0,0,0,0,0,0
63D,0,0,0,0,0,0,0,0
63D,0,0,0,0,0,0,0,0
63D,0,0,0,0,0,0,0,0
63D,0,0,0,0,0,0,0,0
63D,0,0,0,0,0,0,0,0
63D,0,0,0,0,0,0,0,0
63D,0,0,0,0,0,0,0,0
63D,0,0,0,0,0,0,0,0
63D,0,0,0,0,0,0,0,0
63D,0,0,0,0,0,0,0,0
63D,0,0,0,0,0,0,0,0
63D,0,0,0,0,0,0,0,0
63D,0,0,0,0,0,0,0,0
63D,0,0,0,0,0,0,0,0
63D,0,0,0,0,0,0,0,0
63D,0,0,0,0,0,0,0,0
63D,0,0,0,0,0,0,0,0
63D,0,0,0,0,0,0,0,0
63D,0,0,0,0,0,0,0,0
63D,0,0,0,0,0,0,0,0
63D,0,0,0,0,0,0,0,0
63D,0,0,0,0,0,0,0,0
63D,0,0,0,0,0,0,0,0
63D,0,0,0,0,0,0,0,0
63D,0,0,0,0,0,0,0,0
63D,0,0,0,0,0,0,0,0
63D,0,0,0,0,0,0,0,0
63D,0,0,0,0,0,0,0,0
63D,0,0,0,0,0,0,0,0
63D,0,0,0,0,0,0,0,0
63D,0,0,0,0,0,0,0,0
63D,0,0,0,0,0,0,0,0
63D,0,0,0,0,0,0,0,0
63D,0,0,0,0,0,0,0,0
63D,0,0,0,0,0,0,0,0
63D,0,0,0,0,0,0,0,0
63D,0,0,0,0,0,0,0,0
63D,0,0,0,0,0,0,0,0
63D,0,0,0,0,0,0,0,0
63D,0,0,0,0,0,0,0,0
63D,0,0,0,0,0,0,0,0
63D,0,0,0,0,0,0,0,0
63D,0,0,0,0,0,0,0,0
63D,0,0,0,0,0,0,0,0
63D,0,0,0,0,0,0,0,0
63D,0,0,0,0,0,0,0,0
63D,0,0,0,0,0,0,0,0
63D,0,0,0,0,0,0,0,0
63D,0,0,0,0,0,0,0,0
63D,0,0,0,0,0,0,0,0
63D,0,0,0,0,0,0,0,0
63D,0,0,0,0,0,0,0,0
63D,0,0,0,0,0,0,0,0
63D,0,0,0,0,0,0,0,0
63D,0,0,0,0,0,0,0,0
63D,0,0,0,0,0,0,0,0
63D,0,0,0,0,0,0,0,0
63D,0,0,0,0,0,0,0,0
63D,0,0,0,0,0,0,0,0
63D,0,0,0,0,0,0,0,0
63D,0,0,0,0,0,0,0,0
63D,0,0,0,0,0,0,0,0
63D,0,0,0,0,0,0,0,0
63D,0,0,0,0,0,0,0,0
63D,0,0,0,0,0,0,0,0
63D,0,0,0,0,0,0,0,0
63D,0,0,0,0,0,0,0,0
63D,0,0,0,0,0,0,0,0
63D,0,0,0,0,0,0,0,0
63D,0,0,0,0,0,0,0,0
63D,0,0,0,0,0,0,0,0
63D,0,0,0,0,0,0,0,0
63D,0,0,0,0,0,0,0,0
63D,0,0,0,0,0,0,0,0
63D,0,0,0,0,0,0,0,0
63D,0,0,0,0,0,0,0,0
63D,0,0,0,0,0,0,0,0
63D,0,0,0,0,0,0,0,0
63D,0,0,0,0,0,0,0,0
63D,0,0,0,0,0,0,0,0
63D,0,0,0,0,0,0,0,0
63D,0,0,0,0,0,0,0,0
63D,0,0,0,0,0,0,0,0
63D,0,0,0,0,0,0,0,0
63D,0,0,0,0,0,0,0,0
63D,0,0,0,0,0,0,0,0
63D,0,0,0,0,0,0,0,0
63D,0,0,0,0,0,0,0,0
63D,0,0,0,0,0,0,0,0
63D,0,0,0,0,0,0,0,0
63D,0,0,0,0,0,0,0,0
63D,0,0,0,0,0,0,0,0
63D,0,0,0,0,0,0,0,0
63D,0,0,0,0,0,0,0,0
63D,0,0,0,0,0,0,0,0
63D,0,0,0,0,0,0,0,0
63D,0,0,0,0,0,0,0,0
63D,0,0,0,0,0,0,0,0
63D,0,0,0,0,0,0,0,0
63D,0,0,0,0,0,0,0,0
63D,0,0,0,0,0,0,0,0
63D,0,0,0,0,0,0,0,0
63D,0,0,0,0,0,0,0,0
63D,0,0,0,0,0,0,0,0
63D,0,0,0,0,0,0,0,0
63D,0,0,0,0,0,0,0,0
63D,0,0,0,0,0,0,0,0
63D,0,0,0,0,0,0,0,0
63D,0,0,0,0,0,0,0,0
63D,0,0,0,0,0,0,0,0
63D,0,0,0,0,0,0,0,0
63D,0,0,0,0,0,0,0,0
63D,0,0,0,0,0,0,0,0
63D,0,0,0,0,0,0,0,0
63D,0,0,0,0,0,0,0,0
63D,0,0,0,0,0,0,0,0
63D,0,0,0,0,0,0,0,0
63D,0,0,0,0,0,0,0,0
63D,0,0,0,0,0,0,0,0
63D,0,0,0,0,0,0,0,0
63D,0,0,0,0,0,0,0,0
63D,0,0,0,0,0,0,0,0
63D,0,0,0,0,0,0,0,0
63D,0,0,0,0,0,0,0,0
63D,0,0,0,0,0,0,0,0
63D,0,0,0,0,0,0,0,0
63D,0,0,0,0,0,0,0,0
63D,0,0,0,0,0,0,0,0
63D,0,0,0,0,0,0,0,0
63D,0,0,0,0,0,0,0,0
63D,0,0,0,0,0,0,0,0
63D,0,0,0,0,0,0,0,0
63D,0,0,0,0,0,0,0,0
63D,0,0,0,0,0,0,0,0
63D,0,0,0,0,0,0,0,0
63D,0,0,0,0,0,0,0,0
63D,0,0,0,0,0,0,0,0
63D,0,0,0,0,0,0,0,0
63D,0,0,0,0,0,0,0,0
63D,0,0,0,0,0,0,0,0
63D,0,0,0,0,0,0,0,0
63D,0,0,0,0,0,0,0,0
63D,0,0,0,0,0,0,0,0
63D,0,0,0,0,0,0,0,0
63D,0,0,0,0,0,0,0,0
63D,0,0,0,0,0,0,0,0
63D,0,0,0,0,0,0,0,0
63D,0,0,0,0,0,0,0,0
63D,0,0,0,0,0,0,0,0
63D,0,0,0,0,0,0,0,0
63D,0,0,0,0,0,0,0,0
63D,0,0,0,0,0,0,0,0
63D,0,0,0,0,0,0,0,0
63D,0,0,0,0,0,0,0,0
63D,0,0,0,0,0,0,0,0
63D,0,0,0,0,0,0,0,0
63D,0,0,0,0,0,0,0,0
63D,0,0,0,0,0,0,0,0
63D,0,0,0,0,0,0,0,0
63D,0,0,0,0,0,0,0,0
63D,0,0,0,0,0,0,0,0
63D,0,0,0,0,0,0,0,0
63D,0,0,0,0,0,0,0,0
63D,0,0,0,0,0,0,0,0
63D,0,0,0,0,0,0,0,0
63D,0,0,0,0,0,0,0,0
63D,0,0,0,0,0,0,0,0
63D,0,0,0,0,0,0,0,0
63D,0,0,0,0,0,0,0,0
63D,0,0,0,0,0,0,0,0
63D,0,0,0,0,0,0,0,0
63D,0,0,0,0,0,0,0,0
63D,0,0,0,0,0,0,0,0
63D,0,0,0,0,0,0,0,0
63D,0,0,0,0,0,0,0,0
63D,0,0,0,0,0,0,0,0
63D,0,0,0,0,0,0,0,0
63D,0,0,0,0,0,0,0,0
63D,0,0,0,0,0,0,0,0
63D,0,0,0,0,0,0,0,0
63D,0,0,0,0,0,0,0,0
63D,0,0,0,0,0,0,0,0
63D,0,0,0,0,0,0,0,0
63D,0,0,0,0,0,0,0,0
63D,0,0,0,0,0,0,0,0
63D,0,0,0,0,0,0,0,0
63D,0,0,0,0,0,0,0,0
63D,0,0,0,0,0,0,0,0
63D,0,0,0,0,0,0,0,0
63D,0,0,0,0,0,0,0,0
63D,0,0,0,0,0,0,0,0
63D,0,0,0,0,0,0,0,0
63D,0,0,0,0,0,0,0,0
63D,0,0,0,0,0,0,0,0
63D,0,0,0,0,0,0,0,0
63D,0,0,0,0,0,0,0,0
63D,0,0,0,0,0,0,0,0
63D,0,0,0,0,0,0,0,0
63D,0,0,0,0,0,0,0,0
63D,0,0,0,0,0,0,0,0
63D,0,0,0,0,0,0,0,0
63D,0,0,0,0,0,0,0,0
63D,0,0,0,0,0,0,0,0
63D,0,0,0,0,0,0,0,0
63D,0,0,0,0,0,0,0,0
63D,0,0,0,0,0,0,0,0
63D,0,0,0,0,0,0,0,0
63D,0,0,0,0,0,0,0,0
63D,0,0,0,0,0,0,0,0
63D,0,0,0,0,0,0,0,0
63D,0,0,0,0,0,0,0,0
63D,0,0,0,0,0,0,0,0
63D,0,0,0,0,0,0,0,0
63D,0,0,0,0,0,0,0,0
63D,0,0,0,0,0,0,0,0
63D,0,0,0,0,0,0,0,0
63D,0,0,0,0,0,0,0,0
63D,0,0,0,0,0,0,0,0
63D,0,0,0,0,0,0,0,0
63D,0,0,0,0,0,0,0,0
63D,0,0,0,0,0,0,0,0
63D,0,0,0,0,0,0,0,0
63D,0,0,0,0,0,0,0,0
63D,0,0,0,0,0,0,0,0
63D,0,0,0,0,0,0,0,0
63D,0,0,0,0,0,0,0,0
63D,0,0,0,0,0,0,0,0
63D,0,0,0,0,0,0,0,0
63D,0,0,0,0,0,0,0,0
63D,0,0,0,0,0,0,0,0
63D,0,0,0,0,0,0,0,0
63D,0,0,0,0,0,0,0,0
63D,0,0,0,0,0,0,0,0
63D,0,0,0,0,0,0,0,0
63D,0,0,0,0,0,0,0,0
63D,0,0,0,0,0,0,0,0
63D,0,0,0,0,0,0,0,0
63D,0,0,0,0,0,0,0,0
63D,0,0,0,0,0,0,0,0
63D,0,0,0,0,0,0,0,0
63D,0,0,0,0,0,0,0,0
63D,0,0,0,0,0,0,0,0
63D,0,0,0,0,0,0,0,0
63D,0,0,0,0,0,0,0,0
63D,0,0,0,0,0,0,0,0
63D,0,0,0,0,0,0,0,0
63D,0,0,0,0,0,0,0,0
63D,0,0,0,0,0,0,0,0
63D,0,0,0,0,0,0,0,0
63D,0,0,0,0,0,0,0,0
63D,0,0,0,0,0,0,0,0
63D,0,0,0,0,0,0,0,0
63D,0,0,0,0,0,0,0,0
63D,0,0,0,0,0,0,0,0
63D,0,0,0,0,0,0,0,0
63D,0,0,0,0,0,0,0,0
63D,0,0,0,0,0,0,0,0
63D,0,0,0,0,0,0,0,0
63D,0,0,0,0,0,0,0,0
63D,0,0,0,0,0,0,0,0
63D,0,0,0,0,0,0,0,0
63D,0,0,0,0,0,0,0,0
63D,0,0,0,0,0,0,0,0
63D,0,0,0,0,0,0,0,0
63D,0,0,0,0,0,0,0,0
63D,0,0,0,0,0,0,0,0
63D,0,0,0,0,0,0,0,0
63D,0,0,0,0,0,0,0,0
63D,0,0,0,0,0,0,0,0
63D,0,0,0,0,0,0,0,0
63D,0,0,0,0,0,0,0,0
63D,0,0,0,0,0,0,0,0
63D,0,0,0,0,0,0,0,0
63D,0,0,0,0,0,0,0,0
63D,0,0,0,0,0,0,0,0
63D,0,0,0,0,0,0,0,0
63D,0,0,0,0,0,0,0,0
63D,0,0,0,0,0,0,0,0
63D,0,0,0,0,0,0,0,0
63D,0,0,0,0,0,0,0,0
63D,0,0,0,0,0,0,0,0
63D,0,0,0,0,0,0,0,0
63D,0,0,0,0,0,0,0,0
63D,0,0,0,0,0,0,0,0
63D,0,0,0,0,0,0,0,0
63D,0,0,0,0,0,0,0,0
63D,0,0,0,0,0,0,0,0
63D,0,0,0,0,0,0,0,0
63D,0,0,0,0,0,0,0,0
63D,0,0,0,0,0,0,0,0
63D,0,0,0,0,0,0,0,0
63D,0,0,0,0,0,0,0,0
63D,0,0,0,0,0,0,0,0
63D,0,0,0,0,0,0,0,0
63D,0,0,0,0,0,0,0,0
63D,0,0,0,0,0,0,0,0
63D,0,0,0,0,0,0,0,0
63D,0,0,0,0,0,0,0,0
63D,0,0,0,0,0,0,0,0
63D,0,0,0,0,0,0,0,0
63D,0,0,0,0,0,0,0,0
63D,0,0,0,0,0,0,0,0
63D,0,0,0,0,0,0,0,0
63D,0,0,0,0,0,0,0,0
63D,0,0,0,0,0,0,0,0
63D,0,0,0,0,0,0,0,0
63D,0,0,0,0,0,0,0,0
63D,0,0,0,0,0,0,0,0
63D,0,0,0,0,0,0,0,0
63D,0,0,0,0,0,0,0,0
63D,0,0,0,0,0,0,0,0
63D,0,0,0,0,0,0,0,0
63D,0,0,0,0,0,0,0,0
63D,0,0,0,0,0,0,0,0
63D,0,0,0,0,0,0,0,0
63D,0,0,0,0,0,0,0,0
63D,0,0,0,0,0,0,0,0
63D,0,0,0,0,0,0,0,0
63D,0,0,0,0,0,0,0,0
63D,0,0,0,0,0,0,0,0
63D,0,0,0,0,0,0,0,0
63D,0,0,0,0,0,0,0,0
63D,0,0,0,0,0,0,0,0
63D,0,0,0,0,0,0,0,0
63D,0,0,0,0,0,0,0,0
63D,0,0,0,0,0,0,0,0
63D,0,0,0,0,0,0,0,0
63D,0,0,0,0,0,0,0,0
63D,0,0,0,0,0,0,0,0
63D,0,0,0,0,0,0,0,0
63D,0,0,0,0,0,0,0,0
63D,0,0,0,0,0,0,0,0
63D,0,0,0,0,0,0,0,0
63D,0,0,0,0,0,0,0,0
63D,0,0,0,0,0,0,0,0
63D,0,0,0,0,0,0,0,0
63D,0,0,0,0,0,0,0,0
63D,0,0,0,0,0,0,0,0
63D,0,0,0,0,0,0,0,0
63D,0,0,0,0,0,0,0,0
63D,0,0,0,0,0,0,0,0
63D,0,0,0,0,0,0,0,0
63D,0,0,0,0,0,0,0,0
63D,0,0,0,0,0,0,0,0
63D,0,0,0,0,0,0,0,0
63D,0,0,0,0,0,0,0,0
63D,0,0,0,0,0,0,0,0
63D,0,0,0,0,0,0,0,0
63D,0,0,0,0,0,0,0,0
63D,0,0,0,0,0,0,0,0
63D,0,0,0,0,0,0,0,0
63D,0,0,0,0,0,0,0,0
63D,0,0,0,0,0,0,0,0
63D,0,0,0,0,0,0,0,0
63D,0,0,0,0,0,0,0,0
63D,0,0,0,0,0,0,0,0
63D,0,0,0,0,0,0,0,0
63D,0,0,0,0,0,0,0,0
63D,0,0,0,0,0,0,0,0
63D,0,0,0,0,0,0,0,0
63D,0,0,0,0,0,0,0,0
63D,0,0,0,0,0,0,0,0
63D,0,0,0,0,0,0,0,0
63D,0,0,0,0,0,0,0,0
63D,0,0,0,0,0,0,0,0
63D,0,0,0,0,0,0,0,0
63D,0,0,0,0,0,0,0,0
63D,0,0,0,0,0,0,0,0
63D,0,0,0,0,0,0,0,0
63D,0,0,0,0,0,0,0,0
63D,0,0,0,0,0,0,0,0
63D,0,0,0,0,0,0,0,0
63D,0,0,0,0,0,0,0,0
63D,0,0,0,0,0,0,0,0
63D,0,0,0,0,0,0,0,0
63D,0,0,0,0,0,0,0,0
63D,0,0,0,0,0,0,0,0
63D,0,0,0,0,0,0,0,0
63D,0,0,0,0,0,0,0,0
63D,0,0,0,0,0,0,0,0
63D,0,0,0,0,0,0,0,0
63D,0,0,0,0,0,0,0,0
63D,0,0,0,0,0,0,0,0
63D,0,0,0,0,0,0,0,0
63D,0,0,0,0,0,0,0,0
63D,0,0,0,0,0,0,0,0
63D,0,0,0,0,0,0,0,0
63D,0,0,0,0,0,0,0,0
63D,0,0,0,0,0,0,0,0
63D,0,0,0,0,0,0,0,0
63D,0,0,0,0,0,0,0,0
63D,0,0,0,0,0,0,0,0
63D,0,0,0,0,0,0,0,0
63D,0,0,0,0,0,0,0,0
63D,0,0,0,0,0,0,0,0
63D,0,0,0,0,0,0,0,0
63D,0,0,0,0,0,0,0,0
63D,0,0,0,0,0,0,0,0
63D,0,0,0,0,0,0,0,0
63D,0,0,0,0,0,0,0,0
63D,0,0,0,0,0,0,0,0
63D,0,0,0,0,0,0,0,0
63D,0,0,0,0,0,0,0,0
63D,0,0,0,0,0,0,0,0
63D,0,0,0,0,0,0,0,0
63D,0,0,0,0,0,0,0,0
63D,0,0,0,0,0,0,0,0
63D,0,0,0,0,0,0,0,0
63D,0,0,0,0,0,0,0,0
63D,0,0,0,0,0,0,0,0
63D,0,0,0,0,0,0,0,0
63D,0,0,0,0,0,0,0,0
63D,0,0,0,0,0,0,0,0
63D,0,0,0,0,0,0,0,0
