49C,40,0E,0B,C2,00,50,2D,00
49C,40,0E,0B,C2,00,50,2D,00
49C,40,0E,0B,C2,00,50,2D,00
49C,40,0E,0B,C2,00,50,2D,00
49C,40,0E,0B,C2,00,50,2D,00
49C,40,0E,0B,C2,00,50,2D,00
49C,40,0E,0B,C2,00,50,2D,00
49C,40,0E,0B,C2,00,50,2D,00
49C,40,0E,0B,C2,00,50,2D,00
49C,40,0E,0B,C2,00,50,2D,00
49C,40,0E,0B,C2,00,50,2D,00
49C,40,0E,0B,C2,00,50,2D,00
49C,40,0E,0B,C2,00,50,2D,00
49C,40,0E,0B,C2,00,50,2D,00
49C,40,0E,0B,C2,00,50,2D,00
49C,40,0E,0B,C2,00,50,2D,00
49C,40,0E,0B,C2,00,50,2D,00
49C,40,0E,0B,C2,00,50,2D,00
49C,40,0E,0B,C2,00,50,2D,00
49C,40,0E,0B,C2,00,50,2D,00
49C,40,0E,0B,C2,00,50,2D,00
49C,40,0E,0B,C2,00,50,2D,00
49C,40,0E,0B,C2,00,50,2D,00
49C,40,0E,0B,C2,00,50,2D,00
49C,40,0E,0B,C2,00,50,2D,00
49C,40,0E,0B,C2,00,50,2D,00
49C,40,0E,0B,C2,00,50,2D,00
49C,40,0E,0B,C2,00,50,2D,00
49C,40,0E,0B,C2,00,50,2D,00
49C,40,0E,0B,C2,00,50,2D,00
49C,40,0E,0B,C2,00,50,2D,00
49C,40,0E,0B,C2,00,50,2D,00
49C,40,0E,0B,C2,00,50,2D,00
49C,40,0E,0B,C2,00,50,2D,00
49C,40,0E,0B,C2,00,50,2D,00
49C,40,0E,0B,C2,00,50,2D,00
49C,40,0E,0B,C2,00,50,2D,00
49C,40,0E,0B,C2,00,50,2D,00
49C,40,0E,0B,C2,00,50,2D,00
49C,40,0E,0B,C2,00,50,2D,00
49C,40,0E,0B,C2,00,50,2D,00
49C,40,0E,0B,C2,00,50,2D,00
49C,40,0E,0B,C2,00,50,2D,00
49C,40,0E,0B,C2,00,50,2D,00
49C,40,0E,0B,C2,00,50,2D,00
49C,40,0E,0B,C2,00,50,2D,00
49C,40,0E,0B,C2,00,50,2D,00
49C,40,0E,0B,C2,00,50,2D,00
49C,40,0E,0B,C2,00,50,2D,00
49C,40,0E,0B,C2,00,50,2D,00
49C,40,0E,0B,C2,00,50,2D,00
49C,40,0E,0B,C2,00,50,2D,00
49C,40,0E,0B,C2,00,50,2D,00
49C,40,0E,0B,C2,00,50,2D,00
49C,40,0E,0B,C2,00,50,2D,00
49C,40,0E,0B,C2,00,50,2D,00
49C,40,0E,0B,C2,00,50,2D,00
49C,40,0E,0B,94,00,1F,2D,0B
49C,40,2B,28,C6,00,27,27,1A
49C,40,31,2E,C8,01,2A,27,25
49C,40,37,34,C4,86,2F,27,2D
49C,40,36,33,C1,8B,30,27,30
49C,40,35,32,BD,8E,31,25,2F
49C,40,31,2E,B8,8F,30,25,2A
49C,40,30,2D,B8,8F,30,25,29
49C,40,31,2E,BA,8F,30,26,2B
49C,40,30,2E,B7,91,31,26,2A
49C,40,2A,28,B5,91,2E,26,25
49C,40,26,23,C2,90,2C,26,23
49C,40,27,24,C1,90,2C,26,23
49C,40,27,24,BF,90,2C,26,24
49C,40,28,25,BF,90,2D,26,24
49C,40,27,24,BE,90,2C,26,24
49C,40,25,22,C2,90,2B,26,23
49C,40,23,20,C8,8F,28,26,23
49C,40,21,1E,CA,90,27,26,21
49C,40,20,1D,CA,90,26,26,1F
49C,40,20,1D,CA,90,26,26,1F
49C,40,20,1D,CA,90,26,26,1F
49C,40,20,1D,C9,90,26,25,1F
49C,40,20,1D,CA,90,26,25,1F
49C,40,21,1E,CA,90,27,25,20
49C,40,22,1F,CA,90,27,25,21
49C,40,24,21,C7,90,29,25,23
49C,40,25,22,C7,90,29,25,24
49C,40,26,23,C6,90,2A,25,25
49C,40,26,24,C5,90,2B,25,26
49C,40,27,24,C5,90,2B,25,26
49C,40,26,23,C5,90,2A,25,25
49C,40,26,23,C6,90,2A,25,25
49C,40,21,1E,C6,90,27,25,22
49C,40,07,07,C5,00,10,2A,0C
49C,40,07,07,C5,00,08,2A,03
49C,40,07,07,B2,00,50,2B,02
49C,40,0D,0A,B2,00,50,2B,00
49C,40,0D,0A,B2,00,50,2B,00
49C,40,0D,0A,B2,00,50,2A,00
49C,40,0D,0A,B2,00,50,2A,00
49C,40,0D,0A,B2,00,50,2A,00
49C,40,0D,0A,B2,00,50,2A,00
49C,40,0D,0A,B2,00,50,2A,00
49C,40,0D,0A,B2,00,50,2A,00
49C,40,0D,0A,B2,00,50,2A,00
49C,40,0D,0A,B2,00,50,2A,00
49C,40,0D,0A,B2,00,50,2A,00
49C,40,0D,0A,B2,00,50,2A,00
49C,40,0D,0A,B2,00,50,2A,00
49C,40,0D,0A,B2,00,50,2A,00
49C,40,0D,0A,B2,00,50,2A,00
49C,40,0D,0A,B2,00,50,2A,00
49C,40,0D,0A,B2,00,50,2A,00
49C,40,0D,0A,B2,00,50,2A,00
49C,40,0D,0A,9B,00,17,2A,0B
49C,40,2B,28,C8,00,26,26,1B
49C,40,2E,2B,C6,03,29,26,22
49C,40,39,36,C6,87,2F,26,31
49C,40,3C,39,C3,8B,31,25,37
49C,40,3E,3B,C0,8E,32,25,3A
49C,40,3F,3C,BF,8F,33,25,3D
49C,40,40,3D,C0,8F,34,25,40
49C,40,42,3F,C2,91,34,25,43
49C,40,3D,3B,C2,93,34,25,44
49C,40,41,3F,C1,93,34,25,45
49C,40,41,3F,C1,94,35,25,46
49C,40,40,3E,C2,95,35,25,47
49C,40,3B,38,C0,95,33,25,40
49C,40,3D,3A,BF,93,33,25,3D
49C,40,3E,3A,BF,93,33,24,3E
49C,40,3E,3B,C1,92,33,24,40
49C,40,3E,3B,C2,91,33,24,41
49C,40,40,3C,C1,91,34,24,42
49C,40,3E,3B,C2,92,33,24,41
49C,40,3E,3B,C2,92,33,24,42
49C,40,3E,3B,C0,93,34,24,42
49C,40,3B,38,C1,92,33,24,3E
49C,40,3D,3A,C0,91,33,24,3D
49C,40,3B,38,C1,91,32,24,3B
49C,40,3C,39,C0,90,32,24,3A
49C,40,3A,37,C1,8F,31,24,37
49C,40,3C,39,C1,8F,31,24,37
49C,40,3C,39,C1,8F,31,24,38
49C,40,3B,38,C0,8F,31,24,37
49C,40,31,2E,C1,90,2F,24,30
49C,40,35,32,BA,91,30,23,2C
49C,40,35,32,BE,90,30,23,2E
49C,40,35,32,BE,90,30,23,2E
49C,40,35,32,BD,90,30,23,2E
49C,40,35,32,BE,90,30,23,2E
49C,40,35,32,BE,90,30,23,2D
49C,40,35,32,BD,90,30,23,2E
49C,40,35,32,BE,8F,30,23,2E
49C,40,35,32,BE,8F,30,23,2E
49C,40,35,33,BF,8F,30,23,2E
49C,40,35,32,BF,8F,30,23,2F
49C,40,38,35,C0,8F,30,23,31
49C,40,39,36,C0,8F,30,23,33
49C,40,3A,37,C0,8F,31,23,34
49C,40,3A,37,C0,8F,31,23,35
49C,40,3A,37,C0,8F,31,23,34
49C,40,3B,38,C0,8F,31,23,36
49C,40,4E,49,C3,92,36,23,4A
49C,40,4B,48,C1,A2,38,23,58
49C,40,43,40,C4,A0,36,22,59
49C,40,47,43,CC,A0,35,22,57
49C,40,49,46,D6,A4,34,22,59
49C,40,4B,48,D3,A6,35,22,5D
49C,40,4C,49,CF,A7,36,22,61
49C,40,4D,4A,CE,A8,37,22,64
49C,40,5B,58,C7,A8,3A,22,6C
49C,40,4A,4B,C7,A7,37,21,69
49C,40,22,20,DF,98,1C,22,30
49C,40,11,0E,CC,91,0B,39,11
49C,40,0E,0B,C4,90,0B,2D,09
49C,40,0D,0A,C4,8F,0A,29,07
49C,40,0C,09,C4,8F,09,26,06
49C,40,0B,08,C4,8E,09,22,05
49C,40,0B,08,C4,8F,09,21,05
49C,40,0B,08,C9,8F,0A,21,05
49C,40,1B,13,CA,8F,18,21,05
49C,40,2A,27,C1,8D,28,21,1C
49C,40,31,2E,E9,94,28,21,23
49C,40,33,30,DF,9C,2A,21,27
49C,40,33,30,DD,A1,2B,21,28
49C,40,33,30,DA,A3,2C,21,29
49C,40,34,30,D9,A4,2C,20,2B
49C,40,33,30,D9,A5,2D,20,2B
49C,40,34,30,DA,A6,2D,20,2B
49C,40,33,30,DA,A6,2D,20,2B
49C,40,33,30,DA,A6,2D,20,2B
49C,40,33,30,D8,A7,2D,20,2B
49C,40,33,31,D9,A7,2D,20,2C
49C,40,35,32,DA,A7,2D,20,2F
49C,40,34,31,DA,A8,2D,20,30
49C,40,35,31,DB,A8,2D,1F,30
49C,40,35,32,DB,A8,2D,1F,31
49C,40,35,32,DB,A8,2D,1F,31
49C,40,36,33,DC,A8,2D,1F,33
49C,40,34,32,DC,A8,2D,1F,32
49C,40,35,32,DD,A8,2C,1F,30
49C,40,35,32,DB,A8,2D,1F,31
49C,40,35,32,DA,A8,2D,1E,31
49C,40,35,32,DC,A8,2D,1E,32
49C,40,30,2E,DE,A8,2A,1E,2D
49C,40,10,0F,C7,91,1A,22,14
49C,40,0A,07,C4,91,0B,20,07
49C,40,0A,07,C9,90,0A,20,05
49C,40,0A,07,C9,90,0A,20,05
49C,40,0A,07,C9,8F,0B,20,05
49C,40,0A,07,C8,8F,0B,20,05
49C,40,23,20,AC,8D,2A,20,0B
49C,40,2A,27,CC,8E,27,20,1E
49C,40,33,30,E6,99,2A,20,28
49C,40,34,31,DE,A0,2C,1F,2B
49C,40,33,30,DD,A5,2C,1F,2C
49C,40,33,30,DE,A7,2C,1F,2D
49C,40,33,30,DD,A7,2C,1F,2E
49C,40,33,30,DD,A7,2C,1F,2E
49C,40,36,33,DC,A7,2D,1F,30
49C,40,35,32,DC,A7,2D,1F,32
49C,40,36,33,DA,A8,2D,1F,32
49C,40,36,33,DD,A8,2D,1E,34
49C,40,37,34,DB,A8,2D,1E,34
49C,40,38,34,DE,A8,2D,1E,37
49C,40,38,35,DB,A8,2E,1E,37
49C,40,39,36,DC,A8,2E,1E,38
49C,40,3A,37,DB,A8,2E,1E,3A
49C,40,3C,38,DA,A8,2F,1D,3B
49C,40,3D,39,D9,A8,2F,1D,3D
49C,40,34,31,DC,A8,2C,1D,34
49C,40,2E,2B,E1,A9,29,1E,2A
49C,40,2D,2A,DF,A5,2A,20,23
49C,40,32,2F,DD,A3,2B,20,28
49C,40,32,2F,DD,A3,2B,1F,28
49C,40,32,2F,DD,A3,2B,1F,28
49C,40,33,2F,DC,A4,2B,1F,29
49C,40,33,31,DC,A6,2C,1F,2D
49C,40,33,30,DA,A7,2C,1F,2A
49C,40,33,31,DA,A7,2C,1F,2B
49C,40,33,30,DB,A7,2C,1E,2C
49C,40,33,30,DC,A7,2C,1E,2B
49C,40,32,2F,DA,A7,2C,1E,2C
49C,40,32,2F,DD,A7,2C,1E,2C
49C,40,32,2F,DE,A7,2C,1E,2C
49C,40,33,30,DD,A8,2C,1E,2C
49C,40,32,2F,DE,A8,2B,1E,2C
49C,40,33,30,DD,A8,2C,1E,2C
49C,40,34,31,DC,A8,2C,1E,2F
49C,40,34,31,DC,A7,2C,1E,30
49C,40,35,32,DD,A7,2C,1D,31
49C,40,35,32,DD,A7,2D,1D,32
49C,40,37,33,DE,A7,2C,1D,34
49C,40,39,35,DD,A7,2D,1D,37
49C,40,31,2F,DD,A8,2B,1D,33
49C,40,30,2C,E3,A8,2A,1D,29
49C,40,33,30,DD,A8,2C,1D,2B
49C,40,32,2F,DF,A8,2B,1D,2B
49C,40,32,2F,DF,A8,2B,1D,2B
49C,40,32,2F,E0,A8,2B,1D,2B
49C,40,32,2F,E0,A8,2B,1D,2B
49C,40,32,2F,E0,A8,2B,1D,2B
49C,40,32,2F,DF,A8,2B,1D,2C
49C,40,32,2F,DF,A8,2B,1C,2C
49C,40,32,2F,E0,A8,2B,1C,2B
49C,40,32,2F,DF,A8,2B,1C,2C
49C,40,32,2F,E0,A8,2B,1C,2B
49C,40,32,2F,E0,A8,2B,1C,2C
49C,40,34,31,DF,A8,2C,1C,2D
49C,40,36,33,DC,A7,2C,1B,33
49C,40,36,33,DD,A8,2C,1B,33
49C,40,36,33,DD,A7,2C,1B,34
49C,40,37,34,DD,A7,2C,1B,35
49C,40,38,35,DD,A7,2D,1B,37
49C,40,39,36,DD,A7,2D,1A,38
49C,40,3A,36,DD,A7,2D,1A,39
49C,40,3B,37,DB,A8,2E,1A,3A
49C,40,3C,39,DA,A8,2F,1A,3D
49C,40,3E,3A,DA,A8,2F,1A,3E
49C,40,3E,3A,DB,A8,2F,1A,3F
49C,40,3E,3A,DA,A8,2F,1A,40
49C,40,3A,37,DA,A8,2E,1A,39
49C,40,37,34,DC,A8,2D,1B,36
49C,40,37,34,DE,A8,2C,1B,34
49C,40,37,34,DD,A8,2C,1B,35
49C,40,36,33,DE,A8,2C,1B,33
49C,40,35,32,DD,A8,2C,1B,31
49C,40,35,32,DE,A8,2C,1B,31
49C,40,33,30,E0,A7,2B,1B,2E
49C,40,31,2E,E0,A7,2A,1B,2A
49C,40,32,2F,DF,A7,2B,1B,2A
49C,40,32,2F,DD,A6,2B,1B,29
49C,40,2F,2C,E1,A5,29,20,25
49C,40,2C,29,E6,A3,28,20,24
49C,40,2A,27,EC,A2,27,20,23
49C,40,12,10,C7,8F,1B,22,12
49C,40,0A,07,C4,8F,0B,20,07
49C,40,0A,07,C9,8E,0A,20,05
49C,40,0A,07,C9,8E,0B,20,05
49C,40,0A,07,C8,8D,0B,20,05
49C,40,0A,07,C7,8D,0B,20,05
49C,40,0A,07,C6,8E,0B,20,05
49C,40,0A,07,C4,8D,0B,20,05
49C,40,0A,07,C3,8E,0B,20,05
49C,40,0A,07,C4,8F,0B,20,05
49C,40,0A,07,C3,8F,0B,20,05
49C,40,0A,07,C2,90,0A,20,05
49C,40,0A,07,C3,90,0A,20,05
49C,40,0A,07,C4,90,0A,20,05
49C,40,0A,07,C3,90,0A,20,05
49C,40,0A,07,C3,90,0A,20,05
49C,40,0A,07,C3,90,0A,20,05
49C,40,0A,07,C7,81,0A,20,05
49C,40,03,03,B2,00,50,20,01
49C,40,03,03,B2,00,50,20,01
49C,40,0A,07,B2,00,50,20,00
49C,40,0A,07,B2,00,50,20,00
49C,40,0A,07,B2,00,50,20,00
49C,40,0A,07,B2,00,50,20,00
49C,40,0A,07,B2,00,50,20,00
49C,40,0A,07,B2,00,50,20,00
49C,40,0A,07,B2,00,50,20,00
49C,40,0A,07,B2,00,50,20,00
49C,40,0A,07,B2,00,50,20,00
49C,40,0A,07,B2,00,50,20,00
49C,40,0A,07,B2,00,50,20,00
49C,40,0A,07,B2,00,50,20,00
49C,40,0A,07,B2,00,50,20,00
49C,40,0A,07,B2,00,50,20,00
49C,40,0A,07,B2,00,50,20,00
49C,40,0A,07,B2,00,50,20,00
49C,40,0A,07,B2,00,50,20,00
49C,40,0A,07,B2,00,50,20,00
49C,40,0A,07,B2,00,50,20,00
49C,40,0A,07,B2,00,50,20,00
49C,40,0A,07,B2,00,50,20,00
49C,40,0A,07,B2,00,50,20,00
49C,40,0A,07,B2,00,50,20,00
49C,40,0A,07,B2,00,50,20,00
49C,40,0A,07,B2,00,50,20,00
49C,40,0A,07,B2,00,50,20,00
49C,40,0A,07,B2,00,50,20,00
49C,40,0A,07,B2,00,50,20,00
49C,40,0A,07,B2,00,50,20,00
49C,40,0A,07,B2,00,50,20,00
49C,40,0A,07,B2,00,50,20,00
49C,40,0A,07,B2,00,50,20,00
49C,40,0A,07,B2,00,50,20,00
49C,40,0A,07,B2,00,50,20,00
49C,40,0A,07,B2,00,50,20,00
49C,40,0A,07,B2,00,50,20,00
49C,40,0A,07,B2,00,50,20,00
49C,40,0A,07,B2,00,50,20,00
49C,40,0A,07,B2,00,50,20,00
49C,40,0A,07,B2,00,50,20,00
49C,40,0A,07,B2,00,50,20,00
49C,40,0A,07,B2,00,50,20,00
49C,40,0A,07,B2,00,50,20,00
49C,40,0A,07,B2,00,50,20,00
49C,40,0A,07,B2,00,50,20,00
49C,40,0A,07,B2,00,50,20,00
49C,40,0A,07,B2,00,50,20,00
49C,40,0A,07,B2,00,50,20,00
49C,40,0A,07,B2,00,50,20,00
49C,40,0A,07,B2,00,50,20,00
49C,40,0A,07,B2,00,50,20,00
49C,40,09,05,B2,00,50,1A,00
49C,40,20,1B,A3,01,23,20,0B
49C,40,0A,09,C8,01,10,20,0C
49C,40,0A,07,C4,05,0C,20,06
49C,40,03,03,C4,00,06,20,02
49C,40,03,03,B2,00,50,20,04
49C,40,0A,07,B2,00,50,20,00
49C,40,0A,07,B2,00,50,20,00
49C,40,0A,07,B2,00,50,20,00
49C,40,0A,07,B2,00,50,20,00
49C,40,0A,07,B2,00,50,20,00
49C,40,0A,07,B2,00,50,20,00
49C,40,0A,07,B2,00,50,20,00
49C,40,0A,07,B2,00,50,20,00
49C,40,0A,07,B2,00,50,20,00
49C,40,0A,07,B2,00,50,20,00
49C,40,0A,07,B2,00,50,20,00
49C,40,0A,07,B2,00,50,20,00
49C,40,0A,07,B2,00,50,20,00
49C,40,0A,07,B2,00,50,20,00
49C,40,0A,07,B2,00,50,20,00
49C,40,0A,07,B2,00,50,20,00
49C,40,0A,07,B2,00,50,20,00
49C,40,0A,07,B2,00,50,20,00
49C,40,0A,07,B2,00,50,20,00
49C,40,0A,07,B2,00,50,20,00
49C,40,0A,07,B2,00,50,20,00
49C,40,0A,07,B2,00,50,20,00
49C,40,0A,07,B2,00,50,20,00
49C,40,0A,07,B2,00,50,20,00
49C,40,0A,07,B2,00,50,20,00
49C,40,0A,07,B2,00,50,20,00
49C,40,0A,07,B2,00,50,20,00
49C,40,0A,07,B2,00,50,20,00
49C,40,0A,07,B2,00,50,20,00
49C,40,0A,07,B2,00,50,20,00
49C,40,0A,07,B2,00,50,20,00
49C,40,0A,07,B2,00,50,20,00
49C,40,0A,07,B2,00,50,20,00
49C,40,0A,07,B2,00,50,20,00
49C,40,0A,07,B2,00,50,20,00
49C,40,0A,07,B2,00,50,20,00
49C,40,0A,07,B2,00,50,20,00
49C,40,0A,07,B2,00,50,20,00
49C,40,0A,07,B2,00,50,20,00
49C,40,0A,07,B2,00,50,20,00
49C,40,0A,07,B2,00,50,20,00
49C,40,0A,07,B2,00,50,20,00
49C,40,0A,07,B2,00,50,20,00
49C,40,0A,07,B2,00,50,20,00
49C,40,0A,07,B2,00,50,20,00
49C,40,0A,07,B2,00,50,20,00
49C,40,0A,07,B2,00,50,20,00
49C,40,0A,07,B2,00,50,20,00
49C,40,0A,07,B2,00,50,20,00
49C,40,0A,07,B2,00,50,20,00
49C,40,0A,07,B2,00,50,20,00
49C,40,0A,07,B2,00,50,20,00
49C,40,0A,07,B2,00,50,20,00
49C,40,0A,07,B2,00,50,20,00
49C,40,0A,07,B2,00,50,20,00
49C,40,0A,07,B2,00,50,20,00
49C,40,0A,07,B2,00,50,20,00
49C,40,0A,07,B2,00,50,20,00
49C,40,0A,07,B2,00,50,20,00
49C,40,0A,07,B2,00,50,20,00
49C,40,0A,07,B2,00,50,20,00
49C,40,0A,07,B2,00,50,20,00
49C,40,0A,07,B2,00,50,20,00
49C,40,0A,07,B2,00,50,20,00
49C,40,0A,07,B2,00,50,20,00
49C,40,0A,07,B2,00,50,20,00
49C,40,0A,07,B2,00,50,20,00
49C,40,0A,07,B2,00,50,20,00
49C,40,0A,07,B2,00,50,20,00
49C,40,0A,07,B2,00,50,20,00
49C,40,0A,07,B2,00,50,20,00
49C,40,0A,07,B2,00,50,20,00
49C,40,0A,07,B2,00,50,20,00
49C,40,0A,07,B2,00,50,20,00
49C,40,0A,07,B2,00,50,20,00
49C,40,0A,07,B2,00,50,20,00
49C,40,0A,07,B2,00,50,20,00
49C,40,0A,07,B2,00,50,20,00
49C,40,0A,07,B2,00,50,20,00
49C,40,0A,07,B2,00,50,20,00
49C,40,0A,07,B2,00,50,20,00
49C,40,0A,07,B2,00,50,20,00
49C,40,0A,07,B2,00,50,20,00
49C,40,0A,07,B2,00,50,20,00
49C,40,0A,07,B2,00,50,20,00
49C,40,0A,07,B2,00,50,20,00
49C,40,0A,07,B2,00,50,20,00
49C,40,0A,07,B2,00,50,20,00
49C,40,0A,07,B2,00,50,20,00
49C,40,0A,07,B2,00,50,20,00
49C,40,0A,07,B2,00,50,20,00
49C,40,0A,07,B2,00,50,20,00
49C,40,0A,07,B2,00,50,20,00
49C,40,0A,07,B2,00,50,20,00
49C,40,0A,07,B2,00,50,20,00
49C,40,0A,07,B2,00,50,20,00
49C,40,0A,07,B2,00,50,20,00
49C,40,0A,07,B2,00,50,20,00
49C,40,0A,07,B2,00,50,20,00
49C,40,0A,07,B2,00,50,20,00
49C,40,0A,07,B2,00,50,20,00
49C,40,0A,07,B2,00,50,20,00
49C,40,0A,07,B2,00,50,20,00
49C,40,0A,07,B2,00,50,20,00
49C,40,0A,07,B2,00,50,20,00
49C,40,0A,07,B2,00,50,20,00
49C,40,0A,07,B2,00,50,20,00
49C,40,0A,07,B2,00,50,20,00
49C,40,0A,07,B2,00,50,20,00
49C,40,0A,07,B2,00,50,20,00
49C,40,0A,07,B2,00,50,20,00
49C,40,23,1F,99,00,28,20,0F
49C,40,29,26,C6,00,25,20,1A
49C,40,2A,27,BF,05,29,20,1B
49C,40,2A,27,BC,8C,2B,20,20
49C,40,2D,2A,CE,95,29,20,1F
49C,40,2E,2B,DA,9D,2A,20,22
49C,40,30,2C,DA,9F,2B,1F,24
49C,40,31,2E,DB,A1,2B,1F,26
49C,40,31,2E,D9,A2,2C,1F,27
49C,40,31,2E,D7,A2,2C,1F,27
49C,40,31,2E,D8,A3,2C,1F,27
49C,40,31,2E,D7,A3,2C,1E,28
49C,40,32,2E,D5,A4,2C,1E,29
49C,40,32,2F,D6,A4,2D,1E,29
49C,40,32,2F,D5,A4,2D,1E,2A
49C,40,31,2F,D6,A5,2D,1E,28
49C,40,32,2E,D8,A4,2C,1E,29
49C,40,32,2F,D7,A5,2C,1E,28
49C,40,20,20,DC,99,21,24,1B
49C,40,03,03,C4,00,0B,20,0A
49C,40,03,03,BF,00,05,20,01
49C,40,03,03,B2,00,50,20,02
49C,40,0A,07,B2,00,50,20,00
49C,40,0A,07,B2,00,50,20,00
49C,40,0A,07,B2,00,50,20,00
49C,40,0A,07,B2,00,50,20,00
49C,40,0A,07,B2,00,50,20,00
49C,40,0A,07,B2,00,50,20,00
49C,40,0A,07,B2,00,50,20,00
49C,40,0A,07,B2,00,50,20,00
49C,40,0A,07,B2,00,50,20,00
49C,40,0A,07,B2,00,50,20,00
49C,40,0A,07,B2,00,50,20,00
49C,40,0A,07,B2,00,50,20,00
49C,40,0A,07,B2,00,50,20,00
49C,40,0A,07,B2,00,50,20,00
49C,40,0A,07,B2,00,50,20,00
49C,40,0A,07,B2,00,50,20,00
49C,40,0A,07,B2,00,50,20,00
49C,40,0A,07,B2,00,50,20,00
49C,40,0A,07,B2,00,50,20,00
49C,40,0A,07,B2,00,50,20,00
49C,40,0A,07,B2,00,50,20,00
49C,40,0A,07,B2,00,50,20,00
49C,40,0A,07,B2,00,50,20,00
49C,40,0A,07,B2,00,50,20,00
49C,40,24,20,99,00,25,20,0F
49C,40,22,20,C7,00,22,20,19
49C,40,22,1F,C4,06,25,20,19
49C,40,23,20,BD,8C,28,20,1B
49C,40,29,26,DF,93,26,20,19
49C,40,2B,28,DF,99,28,20,1D
49C,40,2C,29,DC,9D,29,1F,1E
49C,40,2C,29,DB,9E,29,1F,20
49C,40,2D,2A,DD,9F,29,1F,21
49C,40,2D,2A,DD,9F,2A,1E,21
49C,40,2D,2A,DB,9F,29,1D,22
49C,40,2E,2B,DD,A0,29,1D,22
49C,40,2E,2B,DD,A1,29,1C,22
49C,40,2E,2B,DD,A1,2A,1C,23
49C,40,2E,2B,DC,A2,2A,1B,23
49C,40,2E,2B,DC,A2,2A,1B,23
49C,40,2F,2C,DB,A1,2A,1B,24
49C,40,2F,2C,DC,A2,2A,1B,24
49C,40,2B,28,D8,A3,28,1B,1D
49C,40,2B,28,D7,A1,28,1C,1E
49C,40,28,26,D5,A1,28,20,1A
49C,40,21,1E,E3,A1,24,20,17
49C,40,26,23,E6,A0,28,20,19
49C,40,2A,27,D9,A0,29,1F,1E
49C,40,2E,2B,DE,A0,29,1D,22
49C,40,2E,2B,DD,A0,2A,1D,23
49C,40,2F,2B,DB,A1,2A,1D,23
49C,40,2D,2A,DA,A2,29,1C,20
49C,40,2C,29,D9,A1,29,1C,1F
49C,40,2C,29,DB,A0,28,1B,1F
49C,40,2C,29,DB,A0,28,1B,20
49C,40,2D,2A,DD,9F,28,1B,21
49C,40,2E,2A,DD,9F,29,1B,22
49C,40,2E,2B,DE,A0,29,1B,22
49C,40,2E,2B,DD,A1,29,1B,23
49C,40,2F,2B,DC,A2,29,1B,24
49C,40,2F,2C,DB,A2,2A,1B,24
49C,40,2F,2C,DC,A2,2A,1B,25
49C,40,30,2C,DC,A2,2A,1B,25
49C,40,30,2D,DB,A3,2A,1B,26
49C,40,2D,2A,DD,A4,29,1B,23
49C,40,2D,2A,DB,A2,29,1B,20
49C,40,2D,2A,DE,A1,28,1B,21
49C,40,2A,27,DC,A1,27,1B,1F
49C,40,2A,27,D1,A0,29,20,1C
49C,40,04,07,C4,00,15,20,0F
49C,40,03,03,BF,00,50,20,0A
49C,40,03,03,BF,00,50,20,01
49C,40,0A,07,BF,00,50,20,00
49C,40,0A,07,BF,00,50,20,00
49C,40,0E,09,BF,00,50,1A,00
49C,40,26,22,AF,00,26,20,16
49C,40,21,1E,C3,03,25,20,17
49C,40,21,1E,BF,08,27,20,18
49C,40,24,21,CA,8C,24,20,17
49C,40,25,22,EF,94,24,20,17
49C,40,26,23,E8,98,26,20,18
49C,40,25,22,EB,9C,25,20,18
49C,40,23,20,ED,9D,25,20,18
49C,40,23,20,F0,9E,24,1F,17
49C,40,22,1F,F1,9E,23,1E,17
49C,40,21,1E,EE,9E,23,1E,17
49C,40,21,1E,F0,9F,23,1E,16
49C,40,26,23,E8,9F,26,1D,19
49C,40,27,24,DD,A0,26,1C,19
49C,40,28,25,DB,A0,26,1C,1A
49C,40,28,25,DA,A0,26,1B,1A
49C,40,28,25,DB,A0,26,1B,1B
49C,40,29,25,DA,A0,26,1B,1B
49C,40,29,26,D9,9F,27,1B,1C
49C,40,2A,26,DA,A0,27,1B,1C
49C,40,2A,27,DA,9F,27,1B,1E
49C,40,2B,28,DC,9F,27,1B,1E
49C,40,2B,28,DC,9F,27,1B,1E
49C,40,2B,28,DC,A0,27,1B,1E
49C,40,2B,28,DC,A0,27,1B,1E
49C,40,2B,28,DC,A0,27,1B,1E
49C,40,2C,29,DC,A0,28,1B,20
49C,40,2C,29,DC,A0,28,1B,1F
49C,40,2C,29,DD,A0,28,1B,1F
49C,40,2C,29,DD,A0,28,1B,1F
49C,40,2C,29,DC,A0,28,1B,20
49C,40,2C,29,DE,A0,28,1B,1F
49C,40,2D,29,DE,A0,28,1B,20
49C,40,2D,29,DD,A0,28,1B,20
49C,40,29,26,DE,A0,26,1B,1C
49C,40,25,22,DB,A0,25,1C,18
49C,40,26,23,DE,A0,25,1B,18
49C,40,27,23,DC,A0,26,1B,19
49C,40,27,23,DA,A0,25,1B,19
49C,40,27,24,DC,A0,26,1B,19
49C,40,27,24,DB,A0,26,1B,19
49C,40,29,26,DC,9F,27,1B,1C
49C,40,2E,2A,E1,9F,29,1B,22
49C,40,30,2D,DF,A1,2A,1B,26
49C,40,32,2E,DA,A3,2B,1B,28
49C,40,32,2E,D9,A4,2B,1B,28
49C,40,32,2E,D9,A4,2B,1B,28
49C,40,2F,2C,DA,A5,2A,1B,28
49C,40,2D,2A,DD,A5,29,1B,22
49C,40,2C,29,DC,A2,28,1B,1F
49C,40,27,24,DC,A1,25,1B,1B
49C,40,22,1F,DF,A1,23,1C,16
49C,40,22,1F,EB,A1,23,1C,16
49C,40,23,20,E9,A0,23,1B,16
49C,40,23,20,E8,A0,23,1B,16
49C,40,24,20,E5,A0,24,1A,16
49C,40,24,21,DF,A0,24,1B,16
49C,40,24,21,E2,9F,24,1B,16
49C,40,24,20,E4,9F,24,1B,16
49C,40,25,22,E0,A0,25,1B,17
49C,40,26,22,DD,A0,25,1B,17
49C,40,26,23,DF,A0,25,1B,17
49C,40,26,23,DD,A0,25,1B,17
49C,40,26,23,DE,A0,25,1B,17
49C,40,26,23,DD,A0,25,1B,17
49C,40,26,23,DE,9F,25,1B,17
49C,40,26,23,DE,9F,25,1B,17
49C,40,27,23,DC,9F,25,1B,18
49C,40,27,24,DA,9F,26,1B,19
49C,40,27,24,DC,9F,25,1B,19
49C,40,27,24,DB,9F,25,1B,19
49C,40,27,24,DC,9F,26,1B,19
49C,40,27,24,DB,9F,26,1B,19
49C,40,27,24,DB,9F,26,1B,19
49C,40,27,24,DC,9F,26,1B,19
49C,40,27,24,DC,9F,25,1B,18
49C,40,27,24,DD,9F,25,1B,18
49C,40,27,24,DD,9F,25,1B,18
49C,40,25,22,DD,A0,25,1B,18
49C,40,20,1D,EB,9F,21,1B,15
49C,40,03,06,C3,00,15,20,0C
49C,40,03,03,BE,00,50,20,08
49C,40,0A,07,BE,00,50,20,00
49C,40,0A,07,BE,00,50,20,00
49C,40,10,0B,BE,00,50,1A,00
49C,40,25,22,AD,00,26,20,16
49C,40,2B,28,C7,05,29,20,22
49C,40,31,2E,BF,8D,2E,20,29
49C,40,33,30,C3,8F,2C,20,29
49C,40,33,30,DC,A1,2B,1D,28
49C,40,32,2F,DA,A5,2B,1B,2A
49C,40,30,2D,DA,A6,2A,1B,28
49C,40,32,2F,DC,A5,2B,1B,29
49C,40,32,2F,DB,A5,2B,1B,2A
49C,40,32,2F,DA,A5,2B,1B,2A
49C,40,32,2F,DB,A7,2B,1B,2B
49C,40,31,2E,DB,A7,2B,1A,2B
49C,40,32,2E,DC,A8,2B,1A,2C
49C,40,31,2E,DE,A9,2B,1A,2B
49C,40,30,2D,DD,A8,2B,1A,2A
49C,40,30,2C,DD,A7,2A,1A,26
49C,40,2B,28,DE,A5,28,1B,22
49C,40,28,25,DB,A1,26,1C,19
49C,40,27,24,DA,A0,26,1C,19
49C,40,2F,2C,E5,9F,29,1B,25
49C,40,33,30,DA,A4,2B,1B,2B
49C,40,32,2E,DB,A6,2B,1A,2B
49C,40,32,2F,DD,A7,2B,1A,2C
49C,40,33,30,DC,A7,2B,1A,2F
49C,40,33,30,DD,A8,2B,1A,2F
49C,40,2F,2C,DE,A8,29,1A,28
49C,40,2F,2C,DE,A6,2A,1B,24
49C,40,2F,2C,DE,A4,29,1B,24
49C,40,30,2C,DF,A3,29,1B,25
49C,40,30,2D,DE,A3,29,1B,25
49C,40,30,2D,DE,A3,2A,1B,26
49C,40,31,2E,DE,A3,2A,1B,27
49C,40,2F,2C,DD,A4,29,1B,25
49C,40,2F,2C,DE,A3,29,1B,23
49C,40,2E,2B,DE,A3,29,1B,22
49C,40,2E,2B,DE,A2,29,1B,22
49C,40,2F,2B,DD,A1,29,1B,23
49C,40,2F,2B,DE,A1,29,1B,23
49C,40,2F,2C,DF,A1,29,1B,24
49C,40,2F,2C,DD,A1,29,1B,24
49C,40,2F,2C,DD,A2,29,1B,24
49C,40,2F,2C,DC,A3,29,1B,24
49C,40,2F,2C,DC,A3,29,1B,24
49C,40,2F,2C,DC,A2,29,1B,24
49C,40,30,2C,DD,A2,29,1B,24
49C,40,30,2C,DE,A2,29,1B,24
49C,40,30,2D,DC,A2,29,1B,25
49C,40,30,2D,DC,A3,2A,1B,25
49C,40,30,2C,DC,A3,29,1B,24
49C,40,30,2D,DD,A2,29,1A,25
49C,40,30,2D,DD,A3,2A,1B,25
49C,40,30,2D,DD,A3,2A,1B,25
49C,40,30,2D,DC,A4,2A,1B,25
49C,40,30,2D,DD,A4,2A,1B,26
49C,40,30,2D,DC,A4,2A,1B,25
49C,40,30,2C,DD,A3,29,1B,24
49C,40,2D,2A,DF,A2,28,1B,22
49C,40,2C,29,DE,A1,27,1B,1F
49C,40,2B,28,DD,A0,27,1B,1E
49C,40,24,21,E0,A1,24,1B,17
49C,40,1D,1A,F4,9E,20,1C,13
49C,40,1D,1A,F7,9E,20,1C,13
49C,40,1E,1B,EE,9E,20,1B,14
49C,40,1D,1A,F6,9E,20,1B,14
49C,40,1E,1B,F6,9E,20,1B,14
49C,40,1E,1A,F1,A0,20,1A,14
49C,40,1C,18,F4,A0,1F,1A,13
49C,40,03,03,C6,00,10,20,0B
49C,40,03,03,BF,00,50,20,02
49C,40,0A,07,B2,00,50,20,00
49C,40,0A,07,B2,00,50,20,00
49C,40,0A,07,B2,00,50,20,00
49C,40,0A,07,B2,00,50,20,00
49C,40,0A,07,B2,00,50,20,00
49C,40,0A,07,B2,00,50,20,00
49C,40,0A,07,B2,00,50,20,00
49C,40,0A,07,B2,00,50,20,00
49C,40,0A,07,B2,00,50,20,00
49C,40,0A,07,B2,00,50,20,00
49C,40,0A,07,B2,00,50,20,00
49C,40,0A,07,B2,00,50,20,00
49C,40,0A,07,B2,00,50,20,00
49C,40,0A,07,B2,00,50,20,00
49C,40,0A,07,B2,00,50,20,00
49C,40,0A,07,B2,00,50,20,00
49C,40,0A,07,B2,00,50,20,00
49C,40,0A,07,B2,00,50,20,00
49C,40,0A,07,B2,00,50,20,00
49C,40,0A,07,B2,00,50,20,00
49C,40,0A,07,B2,00,50,20,00
49C,40,0A,07,B2,00,50,20,00
49C,40,0A,07,B2,00,50,20,00
49C,40,0A,07,B2,00,50,20,00
49C,40,0A,07,B2,00,50,20,00
49C,40,0A,07,B2,00,50,20,00
49C,40,0A,07,B2,00,50,20,00
49C,40,0A,07,B2,00,50,20,00
49C,40,0A,07,B2,00,50,20,00
49C,40,0A,07,B2,00,50,20,00
49C,40,0A,07,B2,00,50,20,00
49C,40,0A,07,B2,00,50,20,00
49C,40,0A,07,B2,00,50,20,00
49C,40,0A,07,B2,00,50,20,00
49C,40,0A,07,B2,00,50,20,00
49C,40,0A,07,B2,00,50,20,00
49C,40,0A,07,B2,00,50,20,00
49C,40,0A,07,B2,00,50,20,00
49C,40,0A,07,B2,00,50,20,00
49C,40,0A,07,B2,00,50,20,00
49C,40,0A,07,B2,00,50,20,00
49C,40,0A,07,B2,00,50,20,00
49C,40,0A,07,B2,00,50,20,00
49C,40,0A,07,B2,00,50,20,00
49C,40,0A,07,B2,00,50,20,00
49C,40,0A,07,B2,00,50,20,00
49C,40,0A,07,B2,00,50,20,00
49C,40,0A,07,B2,00,50,20,00
49C,40,0A,07,B2,00,50,20,00
49C,40,0A,07,B2,00,50,20,00
49C,40,0A,07,B2,00,50,20,00
49C,40,0A,07,B2,00,50,20,00
49C,40,0A,07,B2,00,50,20,00
49C,40,0A,07,B2,00,50,20,00
49C,40,0A,07,B2,00,50,20,00
49C,40,0A,07,B2,00,50,20,00
49C,40,0A,07,B2,00,50,20,00
49C,40,0A,07,B2,00,50,20,00
49C,40,0A,07,B2,00,50,20,00
49C,40,0A,07,B2,00,50,20,00
49C,40,0A,07,B2,00,50,20,00
49C,40,0A,07,B2,00,50,20,00
49C,40,0A,07,B2,00,50,20,00
49C,40,0A,07,B2,00,50,20,00
49C,40,0A,07,B2,00,50,20,00
49C,40,0A,07,B2,00,50,20,00
49C,40,0A,07,B2,00,50,20,00
49C,40,0A,07,B2,00,50,20,00
49C,40,0A,07,B2,00,50,20,00
49C,40,0A,07,B2,00,50,20,00
49C,40,0A,07,B2,00,50,20,00
49C,40,0A,07,B2,00,50,20,00
49C,40,0A,07,B2,00,50,20,00
49C,40,0A,07,B2,00,50,20,00
49C,40,0A,07,B2,00,50,20,00
49C,40,0A,07,B2,00,50,20,00
49C,40,0A,07,B2,00,50,20,00
49C,40,0A,07,B2,00,50,20,00
49C,40,0A,07,B2,00,50,20,00
49C,40,0A,07,B2,00,50,20,00
49C,40,0A,07,B2,00,50,20,00
49C,40,0A,07,B2,00,50,20,00
49C,40,0A,07,B2,00,50,20,00
49C,40,0A,07,B2,00,50,20,00
49C,40,0A,07,B2,00,50,20,00
49C,40,0A,07,B2,00,50,20,00
49C,40,0A,07,B2,00,50,20,00
49C,40,0A,07,B2,00,50,20,00
49C,40,0A,07,B2,00,50,20,00
49C,40,0A,07,B2,00,50,20,00
49C,40,0A,07,B2,00,50,20,00
49C,40,0A,07,B2,00,50,20,00
49C,40,0A,07,B2,00,50,20,00
49C,40,0A,07,B2,00,50,20,00
49C,40,0A,07,B2,00,50,20,00
49C,40,0A,07,B2,00,50,20,00
49C,40,0A,07,B2,00,50,20,00
49C,40,0A,07,B2,00,50,20,00
49C,40,0A,07,B2,00,50,20,00
49C,40,0A,07,B2,00,50,20,00
49C,40,0A,07,B2,00,50,20,00
49C,40,0A,07,B2,00,50,20,00
49C,40,0A,07,B2,00,50,20,00
49C,40,0A,07,B2,00,50,20,00
49C,40,0A,07,B2,00,50,20,00
49C,40,0A,07,B2,00,50,20,00
49C,40,0A,07,B2,00,50,20,00
49C,40,0A,07,B2,00,50,20,00
49C,40,0A,07,B2,00,50,20,00
49C,40,0A,07,B2,00,50,20,00
49C,40,0A,07,B2,00,50,20,00
49C,40,0A,07,B2,00,50,20,00
49C,40,0A,07,B2,00,50,20,00
49C,40,0A,07,B2,00,50,20,00
49C,40,0A,07,B2,00,50,20,00
49C,40,0A,07,B2,00,50,20,00
49C,40,0A,07,B2,00,50,20,00
49C,40,0A,07,B2,00,50,20,00
49C,40,0A,07,B2,00,50,20,00
49C,40,0A,07,B2,00,50,20,00
49C,40,0A,07,B2,00,50,20,00
49C,40,0A,07,B2,00,50,20,00
49C,40,0A,07,B2,00,50,20,00
49C,40,0A,07,B2,00,50,20,00
49C,40,0A,07,B2,00,50,20,00
49C,40,0A,07,B2,00,50,20,00
49C,40,0A,07,B2,00,50,20,00
49C,40,0A,07,B2,00,50,20,00
49C,40,0A,07,B2,00,50,20,00
49C,40,0A,07,B2,00,50,20,00
49C,40,0A,07,B2,00,50,20,00
49C,40,0A,07,B2,00,50,20,00
49C,40,0A,07,B2,00,50,20,00
49C,40,0A,07,B2,00,50,20,00
49C,40,0A,07,B2,00,50,20,00
49C,40,0A,07,B2,00,50,20,00
49C,40,0A,07,B2,00,50,20,00
49C,40,0A,07,B2,00,50,20,00
49C,40,0A,07,B2,00,50,20,00
49C,40,0A,07,B2,00,50,20,00
49C,40,0A,07,B2,00,50,20,00
49C,40,0A,07,B2,00,50,20,00
49C,40,0A,07,B2,00,50,20,00
49C,40,0A,07,B2,00,50,20,00
49C,40,0A,07,B2,00,50,20,00
49C,40,09,05,B2,00,50,1A,00
49C,40,0A,07,B4,01,0C,20,06
49C,40,0A,07,C4,00,09,20,05
49C,40,0A,07,C4,09,08,20,04
49C,40,0A,07,C4,8D,09,20,04
49C,40,0A,07,C4,8D,0A,20,04
49C,40,0A,07,C4,8D,0A,20,04
49C,40,0A,07,C4,8D,0A,20,04
49C,40,0A,07,C3,8F,0A,20,05
49C,40,0A,07,C4,90,0A,20,04
49C,40,0E,0B,C4,01,0E,2D,06
49C,40,0E,0B,C4,00,10,2D,08
49C,40,0E,0B,C4,00,10,2D,08
49C,40,0E,0B,C4,00,1B,2D,0F
49C,40,0E,0B,C4,00,14,2D,0A
49C,40,0E,0B,C4,00,11,2D,09
49C,40,0E,0B,C4,00,11,2D,08
49C,40,0E,0B,C4,00,11,2D,08
49C,40,0E,0B,C4,00,11,2D,08
49C,40,0E,0B,C4,00,11,2D,08
49C,40,0E,0B,C4,00,11,2D,08
49C,40,0E,0B,C4,00,10,2D,08
49C,40,0E,0B,C4,00,11,2D,08
49C,40,0E,0B,C4,00,11,2D,08
49C,40,0E,0B,C4,00,11,2D,08
49C,40,0E,0B,C4,00,11,2D,08
49C,40,0E,0B,C4,00,11,2D,08
49C,40,0E,0B,C4,00,11,2D,08
49C,40,0E,0B,C4,00,11,2D,08
49C,40,0E,0B,C4,00,10,2D,08
49C,40,0E,0B,C4,00,10,2D,08
49C,40,0E,0B,C4,00,10,2D,08
49C,40,0E,0B,C4,00,0F,2D,08
49C,40,0E,0B,C4,00,0E,2D,08
49C,40,0E,0B,C4,00,0E,2D,08
49C,40,0E,0B,C4,00,0E,2D,08
49C,40,0E,0B,C4,00,0E,2D,08
49C,40,0E,0B,C4,00,0E,2D,08
49C,40,0E,0B,C4,00,0F,2D,08
49C,40,0E,0B,C4,00,10,2D,08
49C,40,0E,0B,C4,00,11,2D,08
49C,40,0E,0B,C4,00,11,2D,08
49C,40,0E,0B,C4,00,11,2D,08
49C,40,0A,07,A6,09,0C,20,07
49C,40,0A,07,C4,0F,0B,20,05
49C,40,0A,07,C4,10,0B,20,05
49C,40,23,20,B7,90,29,20,1A
49C,40,23,20,DF,9F,25,20,19
49C,40,24,21,E9,A1,26,20,19
49C,40,29,25,DE,A3,29,20,1B
49C,40,2A,27,D7,A2,29,20,1E
49C,40,2A,27,D7,A1,29,1C,1E
49C,40,2B,28,D8,A0,29,1C,1F
49C,40,2B,28,DA,A0,29,1C,1F
49C,40,2C,29,DB,A0,29,1B,20
49C,40,2D,2A,DB,A0,29,1B,21
49C,40,2D,2A,DA,9F,29,1B,21
49C,40,2D,2A,DA,9F,29,1B,21
49C,40,2C,29,D8,A0,29,1B,1F
49C,40,2A,27,D5,9F,28,1B,1D
49C,40,27,24,D9,A0,27,1B,19
49C,40,26,23,D6,9F,27,1C,18
49C,40,23,20,DC,9F,25,1C,17
49C,40,1C,18,EF,9C,1E,20,11
49C,40,18,15,F2,94,1F,1F,12
49C,40,03,03,C4,00,0D,20,08
49C,40,03,03,BC,00,50,20,05
49C,40,0A,07,BC,00,50,20,00
49C,40,0A,07,BC,00,50,20,00
49C,40,0A,07,BC,00,50,20,00
49C,40,0A,07,BC,00,50,20,00
49C,40,0A,07,BC,00,50,20,00
49C,40,0A,07,BC,00,50,20,00
49C,40,0A,07,BC,00,50,20,00
49C,40,0A,07,BC,00,50,20,00
49C,40,0A,07,BC,00,50,20,00
49C,40,0A,07,BC,00,50,20,00
49C,40,0A,07,BC,00,50,20,00
49C,40,0A,07,BC,00,50,20,00
49C,40,0A,07,BC,00,50,20,00
49C,40,0A,07,BC,00,50,20,00
49C,40,0A,07,BC,00,50,20,00
49C,40,0A,07,BC,00,50,20,00
49C,40,0A,07,BC,00,50,20,00
49C,40,0A,07,BC,00,50,20,00
49C,40,0A,07,BC,00,50,20,00
49C,40,0A,07,BC,00,50,20,00
49C,40,0A,07,BC,00,50,20,00
49C,40,0A,07,BC,00,50,20,00
49C,40,0A,07,BC,00,50,20,00
49C,40,0A,07,BC,00,50,20,00
49C,40,0A,07,BC,00,50,20,00
49C,40,0A,07,BC,00,50,20,00
49C,40,0A,07,BC,00,50,20,00
49C,40,0A,07,BC,00,50,20,00
49C,40,0A,07,BC,00,50,20,00
49C,40,0F,09,BC,00,50,1A,00
49C,40,26,23,B4,00,25,20,16
49C,40,2A,27,C6,01,27,20,1C
49C,40,2B,28,BE,09,2B,20,20
49C,40,31,2E,C6,8D,2C,20,28
49C,40,34,31,D6,9E,2D,20,2B
49C,40,34,31,D8,A6,2D,1C,2F
49C,40,35,32,D7,A6,2D,1B,31
49C,40,35,32,D8,A7,2D,1B,33
49C,40,35,31,D8,A7,2D,1B,33
49C,40,35,31,D8,A8,2D,1B,32
49C,40,34,31,D7,A8,2D,1B,32
49C,40,30,2C,D6,A8,2B,1B,28
49C,40,33,2F,D5,A7,2D,1B,2C
49C,40,32,2F,D6,A7,2D,1B,2C
49C,40,32,2F,D6,A7,2D,1B,2B
49C,40,31,2E,D5,A6,2C,1B,29
49C,40,2A,28,D5,A1,28,1C,1E
49C,40,1D,1A,E2,99,1F,1D,15
49C,40,03,03,C4,00,0D,20,07
49C,40,03,03,B2,00,50,20,01
49C,40,0A,07,B2,00,50,20,01
49C,40,0A,07,B2,00,50,20,00
49C,40,0A,07,B2,00,50,20,00
49C,40,0A,07,B2,00,50,20,00
49C,40,0A,07,B2,00,50,20,00
49C,40,0A,07,B2,00,50,20,00
49C,40,0A,07,B2,00,50,20,00
49C,40,0A,07,B2,00,50,20,00
49C,40,0A,07,B2,00,50,20,00
49C,40,0A,07,B2,00,50,20,00
49C,40,0A,07,B2,00,50,20,00
49C,40,0A,07,B2,00,50,20,00
49C,40,0A,07,B2,00,50,20,00
49C,40,0A,07,B2,00,50,20,00
49C,40,0A,07,B2,00,50,20,00
49C,40,0A,07,B2,00,50,20,00
49C,40,0A,07,B2,00,50,20,00
49C,40,0A,07,B2,00,50,20,00
49C,40,0A,07,B2,00,50,20,00
49C,40,0A,07,B2,00,50,20,00
49C,40,0A,07,B2,00,50,20,00
49C,40,0A,07,B2,00,50,20,00
49C,40,24,21,9E,00,27,20,12
49C,40,29,26,C6,00,25,20,1A
49C,40,2E,2B,C4,07,2B,20,25
49C,40,37,34,C2,8E,30,20,31
49C,40,3E,3B,CE,9D,31,20,3D
49C,40,40,3D,D7,A6,32,20,45
49C,40,40,3D,DA,A7,31,1B,47
49C,40,41,3E,DA,A7,32,1B,4B
49C,40,43,3F,DB,A8,32,1A,4E
49C,40,44,41,D9,A9,33,1A,53
49C,40,45,42,D9,A8,33,1A,55
49C,40,41,3E,D6,A8,32,1B,4A
49C,40,30,2E,DA,A7,2A,1B,37
49C,40,11,0E,D0,8F,0C,3A,13
49C,40,0D,0A,C4,8F,0B,2A,09
49C,40,2A,27,B8,8D,2D,20,1F
49C,40,39,36,D5,98,2D,1B,34
49C,40,3E,3B,DA,A3,30,1B,43
49C,40,41,3D,DA,A6,31,1A,4A
49C,40,42,3F,DA,A7,32,1A,4E
49C,40,44,40,DB,A7,32,1A,50
49C,40,45,42,D8,A7,33,1A,53
49C,40,46,43,D7,A8,33,1A,56
49C,40,47,44,D7,A8,33,1A,57
49C,40,46,43,D5,A8,34,1A,58
49C,40,45,42,D7,A8,33,1A,53
49C,40,3E,3A,D7,A8,31,1A,42
49C,40,2A,28,DE,9B,24,1B,2C
49C,C0,11,0E,C9,8F,10,38,11
49C,40,03,03,C4,00,10,20,0B
49C,40,03,03,C2,00,05,20,01
49C,40,03,03,BF,00,50,20,01
49C,40,0A,07,BF,00,50,20,00
49C,40,0A,07,BF,00,50,20,00
49C,40,13,0F,BF,00,27,1B,08
49C,40,28,25,BE,00,27,20,1A
49C,40,2B,28,C5,02,28,20,20
49C,40,23,20,C0,88,27,20,1E
49C,40,20,1D,CE,8C,21,20,13
49C,40,23,20,EA,8F,23,20,14
49C,40,27,24,EB,93,24,1E,17
49C,40,27,24,E6,96,25,1D,19
49C,40,25,22,E4,99,24,1D,16
49C,40,25,22,E5,9B,25,1D,17
49C,40,25,22,E2,9C,25,1D,17
49C,40,25,22,E4,9C,25,1C,17
49C,40,27,23,E0,9D,25,1C,18
49C,40,2B,28,E0,9E,27,1B,1F
49C,40,2D,2A,DE,A0,29,1B,22
49C,40,30,2D,DE,A2,2A,1B,26
49C,40,32,2E,DA,A4,2B,1B,29
49C,40,32,2F,D8,A5,2C,1B,2A
49C,40,32,2F,DA,A6,2C,1B,2C
49C,40,31,2E,DB,A7,2B,1A,2C
49C,40,32,2F,DB,A8,2C,1A,2E
49C,40,33,30,DB,A9,2C,1A,2F
49C,40,34,30,DA,A8,2C,1A,30
49C,40,35,31,DB,A8,2C,1A,32
49C,40,36,33,DB,A8,2D,1A,34
49C,40,36,33,DB,A8,2D,1A,35
49C,40,37,34,DB,A7,2D,1A,37
49C,40,38,35,DB,A7,2D,1A,38
49C,40,33,30,DA,A8,2C,1B,31
49C,40,31,2E,DD,A8,2B,1B,2B
49C,40,2E,2A,DD,A5,29,1B,23
49C,40,30,2C,DE,A3,2A,1B,25
49C,40,2E,2A,DD,A3,29,1B,22
49C,40,2E,2A,DE,A1,29,1B,21
49C,40,2E,2B,DF,A1,29,1B,23
49C,40,28,24,DA,A1,26,1B,1A
49C,40,28,24,D8,A0,26,1C,19
49C,40,2A,27,DD,9F,27,1B,1D
49C,40,2C,29,DE,9F,27,1B,1F
49C,40,2D,29,DD,9F,28,1B,20
49C,40,2D,29,DC,9F,28,1B,20
49C,40,2A,27,D9,9F,27,1B,1C
49C,40,2A,27,DD,9F,27,1B,1C
49C,40,2A,27,DE,9F,27,1B,1D
49C,40,2B,28,DE,9F,27,1B,1E
49C,40,2C,29,DE,9F,27,1B,1F
49C,40,2C,29,DE,9F,28,1B,20
49C,40,2D,29,DD,9F,28,1B,20
49C,40,2A,27,DD,9F,26,1B,1D
49C,40,28,25,DA,9F,26,1B,1A
49C,40,29,26,DC,A0,26,1B,1B
49C,40,29,25,DC,9F,26,1B,1B
49C,40,29,26,DB,9F,26,1B,1C
49C,40,2B,27,DC,9F,27,1B,1E
49C,40,2D,29,DE,9F,28,1B,20
49C,40,2D,2A,DE,9F,28,1B,21
49C,40,2E,2A,DC,A1,29,1B,22
49C,40,2E,2B,DB,A2,29,1B,23
49C,40,2F,2C,DD,A2,29,1B,24
49C,40,30,2D,DC,A3,2A,1B,27
49C,40,32,2E,D9,A4,2B,1B,28
49C,40,32,2F,DA,A5,2B,1B,2A
49C,40,32,2F,DA,A6,2B,1B,2B
49C,40,32,2E,DC,A7,2B,1A,2C
49C,40,32,2F,DC,A9,2B,1A,2D
49C,40,30,2D,DD,A9,2A,1A,2A
49C,40,32,2F,DA,A8,2B,1A,2A
49C,40,31,2E,DB,A6,2B,1B,26
49C,40,31,2E,DD,A4,2A,1B,27
49C,40,31,2E,DC,A5,2B,1B,28
49C,40,2D,2A,DB,A5,29,1B,24
49C,40,2A,27,D7,A0,27,1C,1C
49C,40,2C,29,E1,A0,28,1C,20
49C,40,2F,2C,E0,A0,29,1B,24
49C,40,31,2D,DE,A2,2A,1B,26
49C,40,31,2E,DC,A3,2A,1B,27
49C,40,32,2E,DB,A4,2B,1B,28
49C,40,32,2F,DA,A5,2B,1B,29
49C,40,32,2F,DA,A6,2B,1B,2A
49C,40,30,2D,DE,A6,2A,1B,28
49C,40,32,2F,DC,A5,2B,1B,28
49C,40,2C,29,DD,A4,28,1B,21
49C,40,2D,2A,DB,A0,28,1B,20
49C,40,2B,27,DD,A0,26,1B,1D
49C,40,2A,27,DB,A0,27,1B,1C
49C,40,2B,27,DC,9F,27,1B,1E
49C,40,2F,2C,E1,9F,29,1B,24
49C,40,30,2D,DC,A2,2A,1B,26
49C,40,31,2E,DB,A3,2B,1B,28
49C,40,32,2F,D9,A4,2B,1B,29
49C,40,32,2F,D8,A4,2B,1B,29
49C,40,33,2F,DA,A5,2B,1B,2A
49C,40,32,2F,D9,A6,2B,1B,2A
49C,40,32,2E,D9,A7,2B,1A,2B
49C,40,32,2E,DB,A7,2B,1A,28
49C,40,30,2D,DA,A7,2B,1B,28
49C,40,30,2D,DB,A6,2B,1B,26
49C,40,2F,2C,DC,A6,29,1B,25
49C,40,22,20,DC,9F,23,1C,15
49C,40,1B,18,EC,97,1E,20,10
49C,40,1C,19,E1,97,22,20,13
49C,40,1C,19,DF,98,20,1E,14
49C,40,1B,19,F2,9A,20,1D,13
49C,40,0B,0A,C3,80,17,20,0C
49C,40,03,03,BE,00,50,20,0B
49C,40,0A,07,BE,00,50,20,00
49C,40,0A,07,BE,00,50,20,00
49C,40,0A,07,BE,00,50,20,00
49C,40,0A,07,BE,00,50,20,00
49C,40,0B,07,BE,00,50,1A,00
49C,40,25,22,A8,00,26,20,15
49C,40,2A,27,C6,00,26,20,1C
49C,40,2B,28,C1,87,29,20,1F
49C,40,2C,29,C4,8C,29,20,20
49C,40,2E,2B,E3,94,27,20,1F
49C,40,2E,2B,E2,9B,27,1B,20
49C,40,2E,2B,DF,9F,28,1B,22
49C,40,2E,2B,E0,A0,28,1B,22
49C,40,2E,2B,E0,A0,28,1B,22
49C,40,2E,2B,DE,A1,29,1B,23
49C,40,2F,2C,DF,A2,29,1B,23
49C,40,31,2D,DE,A3,2A,1B,26
49C,40,31,2E,DD,A4,2A,1B,28
49C,40,32,2E,DB,A5,2B,1B,28
49C,40,32,2F,DB,A6,2B,1B,29
49C,40,33,2F,DA,A5,2B,1B,2A
49C,40,32,2F,DA,A6,2B,1B,2A
49C,40,31,2E,DC,A7,2B,1A,2B
49C,40,32,2F,DD,A8,2B,1A,2C
49C,40,33,2F,DB,A8,2B,1A,2E
49C,40,33,30,DC,A8,2B,1A,2F
49C,40,34,30,DD,A8,2C,1A,30
49C,40,35,31,DC,A8,2C,1A,31
49C,40,2C,29,DE,A8,28,1B,24
49C,40,26,24,D8,A1,26,1C,18
49C,40,22,1F,DA,A0,24,1D,15
49C,40,21,1E,E8,A0,23,1D,15
49C,40,1E,1B,ED,9F,21,1C,14
49C,40,1E,1B,F2,9E,21,1C,13
49C,40,1E,1B,F0,9F,21,1C,13
49C,40,1F,1C,ED,9F,21,1B,14
49C,40,1F,1C,EF,9F,21,1B,14
49C,40,0D,0C,C4,80,18,20,0C
49C,40,03,03,C1,00,0B,20,03
49C,40,0A,07,BE,00,50,20,00
49C,40,0A,07,BE,00,50,20,00
49C,40,0A,07,BE,00,50,20,00
49C,40,0A,07,BE,00,50,20,00
49C,40,0A,07,BE,00,50,20,00
49C,40,0A,07,BE,00,50,20,00
49C,40,0A,07,BE,00,50,20,00
49C,40,0A,07,BE,00,50,20,00
49C,40,0A,07,BE,00,50,20,00
49C,40,0A,07,BE,00,50,20,00
49C,40,0A,07,BE,00,50,20,00
49C,40,0A,07,BE,00,50,20,00
49C,40,0A,07,BE,00,50,20,00
49C,40,0A,07,BE,00,50,20,00
49C,40,0A,07,BE,00,50,20,00
49C,40,0A,07,BE,00,50,20,00
49C,40,0A,07,BE,00,50,20,00
49C,40,0A,07,BE,00,50,20,00
49C,40,0A,07,BE,00,50,20,00
49C,40,0A,07,BE,00,50,20,00
49C,40,0A,07,BE,00,50,20,00
49C,40,0A,07,BE,00,50,20,00
49C,40,0A,07,BE,00,50,20,00
49C,40,0A,07,BE,00,50,20,00
49C,40,0A,07,BE,00,50,20,00
49C,40,0A,07,BE,00,50,20,00
49C,40,0A,07,BE,00,50,20,00
49C,40,0A,07,BE,00,50,20,00
49C,40,0A,07,BE,00,50,20,00
49C,40,0A,07,BE,00,50,20,00
49C,40,0A,07,BE,00,50,20,00
49C,40,0A,07,BE,00,50,20,00
49C,40,0A,07,BE,00,50,20,00
49C,40,0A,07,BE,00,50,20,00
49C,40,0A,07,BE,00,50,20,00
49C,40,0A,07,BE,00,50,20,00
49C,40,0A,07,BE,00,50,20,00
49C,40,0A,07,BE,00,50,20,00
49C,40,0A,07,BE,00,50,20,00
49C,40,0A,07,BE,00,50,20,00
49C,40,0A,07,BE,00,50,20,00
49C,40,0A,07,BE,00,50,20,00
49C,40,0A,07,BE,00,50,20,00
49C,40,0A,07,BE,00,50,20,00
49C,40,0A,07,BE,00,50,20,00
49C,40,0A,07,BE,00,50,20,00
49C,40,0A,07,BE,00,50,20,00
49C,40,0A,07,BE,00,50,20,00
49C,40,0A,07,BE,00,50,20,00
49C,40,0A,07,BE,00,50,20,00
49C,40,0A,07,BE,00,50,20,00
49C,40,0A,07,BE,00,50,20,00
49C,40,0A,07,BE,00,50,20,00
49C,40,0A,07,BE,00,50,20,00
49C,40,0A,07,BE,00,50,20,00
49C,40,0A,07,BE,00,50,20,00
49C,40,0A,07,BE,00,50,20,00
49C,40,0A,07,BE,00,50,20,00
49C,40,0A,07,BE,00,50,20,00
49C,40,0A,07,BE,00,50,20,00
49C,40,0A,07,BE,00,50,20,00
49C,40,0A,07,BE,00,50,20,00
49C,40,0A,07,BE,00,50,20,00
49C,40,0A,07,BE,00,50,20,00
49C,40,0A,07,BE,00,50,20,00
49C,40,0A,07,BE,00,50,20,00
49C,40,0A,07,BE,00,50,20,00
49C,40,0A,07,BE,00,50,20,00
49C,40,0A,07,BE,00,50,20,00
49C,40,0A,07,BE,00,50,20,00
49C,40,0A,07,BE,00,50,20,00
49C,40,0A,07,BE,00,50,20,00
49C,40,0A,07,BE,00,50,20,00
49C,40,0A,07,BE,00,50,20,00
49C,40,0A,07,BE,00,50,20,00
49C,40,0A,07,BE,00,50,20,00
49C,40,0A,07,BE,00,50,20,00
49C,40,0A,07,BE,00,50,20,00
49C,40,0A,07,BE,00,50,20,00
49C,40,0A,07,BE,00,50,20,00
49C,40,0A,07,BE,00,50,20,00
49C,40,0A,07,BE,00,50,20,00
49C,40,0A,07,BE,00,50,20,00
49C,40,0A,07,BE,00,50,20,00
49C,40,0A,07,BE,00,50,20,00
49C,40,0A,07,BE,00,50,20,00
49C,40,0A,07,BE,00,50,20,00
49C,40,0A,07,BE,00,50,20,00
49C,40,0A,07,BE,00,50,20,00
49C,40,0A,07,BE,00,50,20,00
49C,40,0A,07,BE,00,50,20,00
49C,40,0A,07,BE,00,50,20,00
49C,40,0A,07,BE,00,50,20,00
49C,40,0A,07,BE,00,50,20,00
49C,40,0A,07,BE,00,50,20,00
49C,40,0A,07,BE,00,50,20,00
49C,40,0A,07,BE,00,50,20,00
49C,40,0A,07,BE,00,50,20,00
49C,40,0A,07,BE,00,50,20,00
49C,40,0A,07,BE,00,50,20,00
49C,40,0A,07,BE,00,50,20,00
49C,40,0A,07,BE,00,50,20,00
49C,40,0A,07,BE,00,50,20,00
49C,40,0A,07,BE,00,50,20,00
49C,40,0A,07,BE,00,50,20,00
49C,40,0A,07,BE,00,50,20,00
49C,40,0A,07,BE,00,50,20,00
49C,40,0A,07,BE,00,50,20,00
49C,40,0A,07,BE,00,50,20,00
49C,40,0A,07,BE,00,50,20,00
49C,40,0A,07,BE,00,50,20,00
49C,40,0A,07,BE,00,50,20,00
49C,40,0A,07,BE,00,50,20,00
49C,40,0A,07,BE,00,50,20,00
49C,40,0A,07,BE,00,50,20,00
49C,40,0A,07,BE,00,50,20,00
49C,40,0A,07,BE,00,50,20,00
49C,40,0A,07,BE,00,50,20,00
49C,40,0A,07,BE,00,50,20,00
49C,40,0A,07,BE,00,50,20,00
49C,40,0A,07,BE,00,50,20,00
49C,40,0A,07,BE,00,50,20,00
49C,40,0A,07,BE,00,50,20,00
49C,40,0A,07,BE,00,50,20,00
49C,40,0A,07,BE,00,50,20,00
49C,40,0A,07,BE,00,50,20,00
49C,40,0A,07,BE,00,50,20,00
49C,40,0A,07,BE,00,50,20,00
49C,40,0A,07,BE,00,50,20,00
49C,40,0A,07,BE,00,50,20,00
49C,40,0A,07,BE,00,50,20,00
49C,40,0A,07,BE,00,50,20,00
49C,40,0A,07,BE,00,50,20,00
49C,40,0A,07,BE,00,50,20,00
49C,40,0A,07,BE,00,50,20,00
49C,40,0A,07,BE,00,50,20,00
49C,40,0A,07,BE,00,50,20,00
49C,40,0A,07,BE,00,50,20,00
49C,40,0A,07,BE,00,50,20,00
49C,40,0A,07,BE,00,50,20,00
49C,40,0A,07,BE,00,50,20,00
49C,40,0A,07,BE,00,50,20,00
49C,40,0A,07,BE,00,50,20,00
49C,40,0A,07,BE,00,50,20,00
49C,40,0A,07,BE,00,50,20,00
49C,40,0A,07,BE,00,50,20,00
49C,40,0A,07,BE,00,50,20,00
49C,40,0A,07,BE,00,50,20,00
49C,40,0A,07,BE,00,50,20,00
49C,40,0A,07,BE,00,50,20,00
49C,40,0A,07,94,00,1C,20,0B
49C,40,0A,07,BC,00,0B,20,06
49C,40,0A,07,C4,00,08,20,04
49C,40,0A,07,C4,05,08,20,04
49C,40,0A,07,C4,88,09,20,04
49C,40,0A,07,C4,88,0A,20,04
49C,40,0A,07,C5,88,0A,20,04
49C,40,0A,07,C4,89,0A,20,05
49C,40,0A,07,C3,89,0A,20,05
49C,40,0A,07,C4,89,0A,20,05
49C,40,0E,0B,C4,00,0D,2D,05
49C,40,0E,0B,C4,00,10,2D,08
49C,40,0E,0B,C4,00,10,2D,08
49C,40,0E,0B,C4,00,10,2D,08
49C,40,0E,0B,C4,00,10,2D,08
49C,40,0E,0B,C4,00,10,2D,08
49C,40,0E,0B,C4,00,11,2D,08
49C,40,0E,0B,C4,00,11,2D,08
49C,40,0E,0B,C4,00,11,2D,08
49C,40,0E,0B,C4,00,11,2D,08
49C,40,0E,0B,C4,00,11,2D,08
49C,40,0E,0B,C4,00,11,2D,08
49C,40,0E,0B,C4,00,11,2D,08
49C,40,0E,0B,C4,00,11,2D,08
49C,40,0E,0B,C4,00,11,2D,08
49C,40,0E,0B,C4,00,11,2D,08
49C,40,0E,0B,C4,00,11,2D,08
49C,40,0E,0B,C4,00,11,2D,08
49C,40,0E,0B,C4,00,11,2D,08
49C,40,0E,0B,C4,00,11,2D,08
49C,40,0A,07,B0,02,0B,20,06
49C,40,0A,07,C4,05,0A,20,05
49C,40,03,03,C4,00,06,20,02
49C,40,03,03,BC,00,50,20,03
49C,40,0A,07,BC,00,50,20,00
49C,40,0A,07,BC,00,50,20,00
49C,40,0A,07,BC,00,50,20,00
49C,40,0A,07,BC,00,50,20,00
49C,40,0A,07,BC,00,50,20,00
49C,40,0A,07,BC,00,50,20,00
49C,40,0A,07,BC,00,50,20,00
49C,40,0A,07,BC,00,50,20,00
49C,40,0A,07,BC,00,50,20,00
49C,40,0A,07,BC,00,50,20,00
49C,40,0A,07,BC,00,50,20,00
49C,40,0A,07,BC,00,50,20,00
49C,40,0A,07,BC,00,50,20,00
49C,40,15,11,BC,00,27,1A,0B
49C,40,19,16,BC,00,1E,20,13
49C,40,1A,17,C7,04,1F,20,14
49C,40,1C,19,C6,8B,23,20,16
49C,40,21,1E,E0,93,23,20,17
49C,40,24,21,F5,9A,25,20,19
49C,40,2C,29,DC,9D,29,1C,20
49C,40,2E,2A,DD,9F,29,1C,22
49C,40,2F,2C,DA,A0,2A,1B,24
49C,40,31,2D,DA,A2,2B,1B,27
49C,40,32,2E,D7,A3,2C,1B,29
49C,40,2E,2B,D7,A4,2A,1B,27
49C,40,2D,2A,D7,A2,2A,1C,21
49C,40,28,25,D5,A1,27,1C,1B
49C,40,24,21,D6,A0,25,1C,18
49C,40,20,1D,EA,A0,23,1C,16
49C,40,20,1D,EF,9F,22,1C,15
49C,40,1F,1C,EF,A0,22,1C,15
49C,40,1C,19,F0,9F,20,1C,13
49C,40,0F,0D,C5,80,19,20,0C
49C,40,03,03,BF,00,0A,20,02
49C,40,03,03,B2,00,50,20,01
49C,40,0A,07,B2,00,50,20,00
49C,40,0A,07,B2,00,50,20,00
49C,40,0A,07,B2,00,50,20,00
49C,40,0A,07,B2,00,50,20,00
49C,40,0A,07,B2,00,50,20,00
49C,40,0A,07,B2,00,50,20,00
49C,40,0A,07,B2,00,50,20,00
49C,40,0A,07,B2,00,50,20,00
49C,40,0A,07,B2,00,50,20,00
49C,40,0A,07,B2,00,50,20,00
49C,40,0A,07,B2,00,50,20,00
49C,40,0A,07,B2,00,50,20,00
49C,40,0A,07,B2,00,50,20,00
49C,40,0A,07,B2,00,50,20,00
49C,40,0A,07,B2,00,50,20,00
49C,40,0A,07,B2,00,50,20,00
49C,40,0A,07,B2,00,50,20,00
49C,40,0A,07,B2,00,50,20,00
49C,40,0A,07,B2,00,50,20,00
49C,40,0A,07,B2,00,50,20,00
49C,40,0A,07,B2,00,50,20,00
49C,40,0A,07,B2,00,50,20,00
49C,40,0A,07,B2,00,50,20,00
49C,40,0A,07,B2,00,50,20,00
49C,40,0A,07,B2,00,50,20,00
49C,40,0A,07,B2,00,50,20,00
49C,40,0A,07,B2,00,50,20,00
49C,40,0A,07,B2,00,50,20,00
49C,40,0A,07,B2,00,50,20,00
49C,40,0A,07,B2,00,50,20,00
49C,40,0A,07,B2,00,50,20,00
49C,40,0A,07,B2,00,50,20,00
49C,40,0A,07,B2,00,50,20,00
49C,40,0A,07,B2,00,50,20,00
49C,40,0A,07,B2,00,50,20,00
49C,40,0A,07,B2,00,50,20,00
49C,40,0A,07,B2,00,50,20,00
49C,40,0A,07,B2,00,50,20,00
49C,40,0A,07,B2,00,50,20,00
49C,40,0A,07,B2,00,50,20,00
49C,40,0A,07,B2,00,50,20,00
49C,40,0A,07,B2,00,50,20,00
49C,40,0A,07,B2,00,50,20,00
49C,40,0A,07,B2,00,50,20,00
49C,40,0A,07,B2,00,50,20,00
49C,40,0A,07,B2,00,50,20,00
49C,40,0A,07,B2,00,50,20,00
49C,40,16,11,B2,00,27,1E,0A
49C,40,1F,1C,C1,00,21,20,16
49C,40,1F,1C,C6,05,23,20,18
49C,40,21,1E,C3,8B,27,20,1B
49C,40,27,24,D3,95,27,20,1B
49C,40,2B,28,DD,9B,29,20,1D
49C,40,2B,28,DB,9D,28,1C,1E
49C,40,2D,29,DB,9E,29,1C,21
49C,40,2E,2A,DD,9F,29,1B,22
49C,40,2F,2B,DB,A0,2A,1B,24
49C,40,2F,2C,DC,A1,2A,1B,24
49C,40,2F,2C,DB,A1,2A,1B,24
49C,40,2F,2C,DB,A2,2A,1B,25
49C,40,30,2D,DA,A2,2A,1B,25
49C,40,30,2D,D9,A3,2B,1B,25
49C,40,30,2D,DA,A3,2B,1B,25
49C,40,2E,2B,DB,A3,2A,1B,24
49C,40,2C,29,D8,A3,29,1B,20
49C,40,2B,28,D7,A1,28,1B,1E
49C,40,2B,28,D8,A1,28,1B,1F
49C,40,2C,29,DA,A0,29,1B,20
49C,40,2C,29,DB,A0,29,1B,20
49C,40,2C,29,DB,A0,29,1B,20
49C,40,2C,29,DB,9F,28,1B,20
49C,40,2D,29,DD,9F,29,1B,20
49C,40,2D,2A,DD,9F,29,1B,21
49C,40,2E,2A,DB,A0,29,1B,22
49C,40,2E,2A,DB,A0,29,1B,23
49C,40,2E,2B,DC,A0,2A,1B,23
49C,40,2E,2B,DC,A1,29,1B,23
49C,40,2F,2B,DB,A1,2A,1B,24
49C,40,2F,2C,DB,A2,2A,1B,24
49C,40,2F,2C,DB,A2,2A,1B,25
49C,40,30,2C,DA,A3,2A,1B,26
49C,40,30,2D,DA,A3,2A,1B,26
49C,40,30,2D,DA,A3,2A,1B,26
49C,40,31,2D,D9,A4,2B,1B,27
49C,40,2F,2B,DB,A4,2A,1B,24
49C,40,30,2C,DC,A3,2A,1B,25
49C,40,30,2D,D9,A3,2B,1B,26
49C,40,30,2D,DA,A3,2A,1B,26
49C,40,30,2D,DB,A3,2A,1B,26
49C,40,30,2D,DA,A3,2B,1B,26
49C,40,30,2D,D9,A3,2A,1B,26
49C,40,30,2D,D9,A4,2B,1B,26
49C,40,30,2D,DA,A3,2A,1B,26
49C,40,31,2D,DA,A3,2B,1B,27
49C,40,31,2E,DA,A3,2B,1B,27
49C,40,31,2D,D9,A4,2B,1B,27
49C,40,31,2D,D9,A4,2B,1B,26
49C,40,2D,2A,DC,A3,29,1B,21
49C,40,2D,2A,DA,A0,28,1B,20
49C,40,2B,28,DA,A0,28,1B,1E
49C,40,2B,28,DC,9F,28,1B,1E
49C,40,2C,29,DE,9F,28,1B,20
49C,40,2D,29,DC,9F,28,1B,20
49C,40,2E,2A,DE,A0,29,1B,22
49C,40,2E,2B,DE,A0,29,1B,23
49C,40,2F,2B,DD,A1,29,1B,24
49C,40,2F,2C,DE,A1,29,1B,24
49C,40,30,2C,DD,A1,29,1B,25
49C,40,30,2D,DC,A2,2A,1B,26
49C,40,31,2E,DB,A4,2B,1B,27
49C,40,32,2E,D9,A4,2B,1B,29
49C,40,32,2F,D8,A5,2C,1B,2A
49C,40,32,2F,DA,A6,2C,1B,2C
49C,40,32,2E,DB,A7,2B,1A,2C
49C,40,32,2F,DC,A7,2B,1A,2D
49C,40,33,2F,DC,A8,2C,1A,2E
49C,40,34,30,DB,A8,2C,1A,30
49C,40,34,31,DB,A8,2C,1A,31
49C,40,35,31,DB,A8,2D,1A,32
49C,40,36,32,DB,A8,2D,1A,33
49C,40,36,33,DC,A8,2D,1A,34
49C,40,30,2D,DE,A8,2B,1B,2B
49C,40,30,2D,DC,A8,2B,1A,2B
49C,40,31,2E,DD,A7,2B,1B,2B
49C,40,31,2E,DE,A7,2B,1B,2B
49C,40,2F,2C,DC,A7,2A,1B,29
49C,40,2D,2A,D9,A0,28,1C,1F
49C,40,2D,2A,DF,9F,28,1B,21
49C,40,2E,2A,DD,9F,28,1B,22
49C,40,2E,2B,DC,A0,29,1B,23
49C,40,2F,2C,DE,A1,29,1B,24
49C,40,30,2D,DD,A2,2A,1B,25
49C,40,31,2D,DB,A3,2A,1B,27
49C,40,32,2E,DC,A3,2B,1B,28
49C,40,32,2F,DA,A4,2B,1B,29
49C,40,32,2F,D8,A5,2C,1B,2A
49C,40,32,2F,D9,A6,2C,1B,2B
49C,40,32,2F,DA,A7,2C,1B,2B
49C,40,31,2E,DB,A7,2B,1A,2C
49C,40,32,2F,DD,A8,2B,1A,2C
49C,40,33,30,DB,A8,2C,1A,2E
49C,40,33,30,DC,A8,2C,1A,2F
49C,40,34,30,DC,A8,2C,1A,2F
49C,40,34,31,DC,A8,2C,1A,30
49C,40,35,31,DC,A8,2C,1A,31
49C,40,35,32,DA,A8,2C,1A,32
49C,40,35,32,DB,A8,2D,1A,33
49C,40,36,32,DB,A8,2D,1A,33
49C,40,36,33,DC,A8,2C,1A,33
49C,40,36,33,DD,A8,2C,1A,34
49C,40,35,32,DD,A8,2C,1A,33
49C,40,30,2E,DD,A9,2A,1A,2D
49C,40,32,2E,D9,A8,2B,1B,29
49C,40,32,2F,DA,A7,2C,1B,2B
49C,40,32,2F,DA,A7,2B,1B,2B
49C,40,30,2D,DA,A6,2A,1B,27
49C,40,31,2E,DD,A4,2A,1B,27
49C,40,32,2E,DD,A3,2A,1B,28
49C,40,32,2E,DC,A4,2B,1B,28
49C,40,32,2F,DB,A4,2B,1B,29
49C,40,32,2F,D9,A5,2B,1B,2A
49C,40,32,2F,DA,A6,2B,1B,2A
49C,40,32,2E,DA,A7,2B,1B,2B
49C,40,32,2E,DC,A7,2B,1A,2C
49C,40,33,2F,DC,A7,2B,1A,2D
49C,40,33,2F,DB,A8,2B,1A,2E
49C,40,33,2F,DB,A9,2C,1A,2E
49C,40,33,2F,DB,A8,2B,1A,2E
49C,40,32,2F,DB,A8,2B,1A,2D
49C,40,31,2E,DC,A8,2B,1A,2C
49C,40,31,2E,DD,A7,2B,1A,29
49C,40,20,1D,F2,96,1E,1B,19
49C,40,1E,1A,FC,94,1F,1D,17
49C,40,2B,28,E6,9B,27,1C,1D
49C,40,2D,2A,DF,9E,27,1B,20
49C,40,2E,2A,E0,9F,28,1B,21
49C,40,2E,2B,DE,9F,28,1B,22
49C,40,30,2D,DE,A3,2A,1B,26
49C,40,31,2E,DD,A4,2A,1B,27
49C,40,31,2E,DC,A5,2A,1B,27
49C,40,31,2E,DC,A5,2A,1B,27
49C,40,32,2E,DB,A5,2B,1B,28
49C,40,32,2F,DA,A5,2B,1B,29
49C,40,32,2F,DA,A5,2B,1B,2A
49C,40,32,2F,DB,A6,2B,1B,2B
49C,40,32,2E,DC,A6,2B,1A,2B
49C,40,31,2E,DD,A7,2B,1A,2B
49C,40,2B,28,E2,A8,27,1A,23
49C,40,2C,29,DD,A3,28,1B,20
49C,40,2D,2A,DF,A0,28,1B,21
49C,40,2D,2A,DE,A1,28,1B,21
49C,40,2A,27,DC,A1,26,1B,1D
49C,40,1F,1C,F0,9F,20,1C,17
49C,40,1E,1B,FA,9F,20,1C,16
49C,40,20,1D,F3,9E,22,1C,16
49C,40,29,26,DB,9E,26,1B,1B
49C,40,2B,27,DD,9F,27,1B,1E
49C,40,2C,29,DE,A0,28,1B,20
49C,40,2D,2A,DE,A1,28,1B,21
49C,40,2E,2A,DD,A2,28,1B,22
49C,40,2E,2B,DE,A1,28,1B,22
49C,40,30,2D,DD,A1,2A,1B,26
49C,40,37,33,DA,A6,2D,1A,31
49C,40,3D,3A,DA,A7,2F,1A,3E
49C,40,3E,3B,DB,A7,2F,1A,44
49C,40,43,3F,DC,A8,31,1A,4E
49C,40,49,46,D0,A9,34,1A,5E
49C,40,4B,48,CC,A9,35,1A,62
49C,40,5C,57,C7,A7,39,1B,69
49C,40,6D,69,C4,A6,3B,1C,6F
49C,40,69,67,C4,A6,3B,1C,72
49C,40,8D,87,C3,A0,3D,1D,77
49C,40,7B,80,C3,A0,3C,1E,78
49C,40,2D,2B,D5,98,25,1D,4F
49C,40,1F,1C,DC,97,16,1D,2A
49C,C0,14,12,D4,90,0C,48,11
49C,C0,10,0D,C4,91,0C,36,0C
49C,C0,0A,07,C4,80,0A,21,06
49C,40,03,03,C4,00,05,20,02
49C,40,03,03,BC,00,50,20,04
49C,40,0A,07,BC,00,50,20,00
49C,40,0A,07,BC,00,50,20,00
49C,40,0A,07,BC,00,50,20,00
49C,40,0A,07,BC,00,50,20,00
49C,40,0A,07,BC,00,50,20,00
49C,40,0A,07,BC,00,50,20,00
49C,40,0A,07,BC,00,50,20,00
49C,40,0A,07,BC,00,50,20,00
49C,40,0A,07,BC,00,50,20,00
49C,40,0A,07,BC,00,50,20,00
49C,40,0A,07,BC,00,50,20,00
49C,40,0A,07,BC,00,50,20,00
49C,40,0A,07,BC,00,50,20,00
49C,40,0A,07,BC,00,50,20,00
49C,40,0A,07,BC,00,50,20,00
49C,40,0A,07,BC,00,50,20,00
49C,40,0A,07,BC,00,50,20,00
49C,40,0A,07,BC,00,50,20,00
49C,40,0A,07,BC,00,50,20,00
49C,40,0A,07,BC,00,50,20,00
49C,40,0A,07,BC,00,50,20,00
49C,40,0A,07,BC,00,50,20,00
49C,40,0A,07,BC,00,50,20,00
49C,40,0A,07,BC,00,50,20,00
49C,40,0A,07,BC,00,50,20,00
49C,40,0A,07,BC,00,50,20,00
49C,40,0A,07,BC,00,50,20,00
49C,40,0A,07,BC,00,50,20,00
49C,40,0A,07,BC,00,50,20,00
49C,40,0A,07,BC,00,50,20,00
49C,40,0A,07,BC,00,50,20,00
49C,40,0A,07,BC,00,50,20,00
49C,40,0A,07,BC,00,50,20,00
49C,40,0A,07,BC,00,50,20,00
49C,40,0A,07,BC,00,50,20,00
49C,40,0A,07,BC,00,50,20,00
49C,40,0A,07,BC,00,50,20,00
49C,40,0A,07,BC,00,50,20,00
49C,40,0A,07,BC,00,50,20,00
49C,40,0A,07,BC,00,50,20,00
49C,40,0A,07,BC,00,50,20,00
49C,40,0A,07,BC,00,50,20,00
49C,40,0A,07,BC,00,50,20,00
49C,40,0A,07,BC,00,50,20,00
49C,40,0A,07,BC,00,50,20,00
49C,40,0A,07,BC,00,50,20,00
49C,40,0A,07,BC,00,50,20,00
49C,40,0A,07,BC,00,50,20,00
49C,40,0A,07,BC,00,50,20,00
49C,40,0A,07,BC,00,50,20,00
49C,40,0A,07,BC,00,50,20,00
49C,40,0A,07,BC,00,50,20,00
49C,40,0A,07,BC,00,50,20,00
49C,40,0A,07,BC,00,50,20,00
49C,40,0A,07,BC,00,50,20,00
49C,40,0A,07,BC,00,50,20,00
49C,40,0A,07,BC,00,50,20,00
49C,40,0A,07,BC,00,50,20,00
49C,40,0A,07,BC,00,50,20,00
49C,40,0A,07,BC,00,50,20,00
49C,40,0A,07,BC,00,50,20,00
49C,40,0A,07,BC,00,50,20,00
49C,40,0A,07,BC,00,50,20,00
49C,40,0A,07,BC,00,50,20,00
49C,40,0A,07,BC,00,50,20,00
49C,40,0A,07,BC,00,50,20,00
49C,40,0A,07,BC,00,50,20,00
49C,40,0A,07,BC,00,50,20,00
49C,40,0A,07,BC,00,50,20,00
49C,40,0A,07,BC,00,50,20,00
49C,40,0A,07,BC,00,50,20,00
49C,40,0A,07,BC,00,50,20,00
49C,40,0A,07,BC,00,50,20,00
49C,40,0A,07,BC,00,50,20,00
49C,40,0A,07,BC,00,50,20,00
49C,40,0A,07,BC,00,50,20,00
49C,40,0A,07,BC,00,50,20,00
49C,40,0A,07,BC,00,50,20,00
49C,40,0A,07,BC,00,50,20,00
49C,40,0A,07,BC,00,50,20,00
49C,40,0A,07,BC,00,50,20,00
49C,40,0A,07,BC,00,50,20,00
49C,40,0A,07,BC,00,50,20,00
49C,40,0A,07,BC,00,50,20,00
49C,40,0A,07,BC,00,50,20,00
49C,40,0A,07,BC,00,50,20,00
49C,40,0A,07,BC,00,50,20,00
49C,40,0A,07,BC,00,50,20,00
49C,40,0A,07,BC,00,50,20,00
49C,40,0A,07,BC,00,50,20,00
49C,40,0A,07,BC,00,50,20,00
49C,40,0A,07,BC,00,50,20,00
49C,40,0A,07,BC,00,50,20,00
49C,40,0A,07,BC,00,50,20,00
49C,40,0A,07,BC,00,50,20,00
49C,40,0A,07,BC,00,50,20,00
49C,40,0A,07,BC,00,50,20,00
49C,40,0A,07,BC,00,50,20,00
49C,40,0A,07,BC,00,50,20,00
49C,40,0A,07,BC,00,50,20,00
49C,40,0A,07,BC,00,50,20,00
49C,40,0A,07,BC,00,50,20,00
49C,40,0A,07,BC,00,50,20,00
49C,40,0A,07,BC,00,50,20,00
49C,40,0A,07,BC,00,50,20,00
49C,40,0A,07,BC,00,50,20,00
49C,40,0A,07,BC,00,50,20,00
49C,40,0A,07,BC,00,50,20,00
49C,40,0A,07,BC,00,50,20,00
49C,40,0A,07,BC,00,50,20,00
49C,40,0A,07,BC,00,50,20,00
49C,40,0A,07,BC,00,50,20,00
49C,40,0A,07,BC,00,50,20,00
49C,40,0A,07,BC,00,50,20,00
49C,40,0A,07,BC,00,50,20,00
49C,40,0A,07,BC,00,50,20,00
49C,40,0A,07,BC,00,50,20,00
49C,40,0A,07,BC,00,50,20,00
49C,40,0A,07,BC,00,50,20,00
49C,40,0A,07,BC,00,50,20,00
49C,40,0A,07,BC,00,50,20,00
49C,40,0A,07,BC,00,50,20,00
49C,40,0A,07,BC,00,50,20,00
49C,40,0A,07,BC,00,50,20,00
49C,40,0A,07,BC,00,50,20,00
49C,40,0A,07,BC,00,50,20,00
49C,40,0A,07,BC,00,50,20,00
49C,40,0A,07,BC,00,50,20,00
49C,40,0A,07,BC,00,50,20,00
49C,40,09,05,BC,00,50,1A,00
49C,40,0A,07,A5,00,10,20,09
49C,40,0A,07,C4,00,0A,20,05
49C,40,0A,07,C4,01,08,20,04
49C,40,0A,07,C4,82,09,20,04
49C,40,0A,07,C4,82,09,20,04
49C,40,0A,07,C4,82,0A,20,04
49C,40,0A,07,C4,83,0A,20,05
49C,40,0E,0B,C4,00,0F,2D,07
49C,40,0E,0B,C4,00,10,2D,08
49C,40,0E,0B,C4,00,10,2D,08
49C,40,0E,0B,C4,00,10,2D,08
49C,40,0E,0B,C4,00,11,2D,08
49C,40,0E,0B,C4,00,11,2D,08
49C,40,0E,0B,C4,00,11,2D,08
49C,40,0E,0B,C4,00,11,2D,08
49C,40,0E,0B,C4,00,11,2D,08
49C,40,0E,0B,C4,00,11,2D,08
49C,40,0E,0B,C4,00,11,2D,08
49C,40,0E,0B,C4,00,11,2D,08
49C,40,0E,0B,C4,00,11,2D,08
49C,40,0E,0B,C4,00,11,2D,08
49C,40,0E,0B,C4,00,11,2D,08
49C,40,0E,0B,C4,00,11,2D,08
49C,40,0E,0B,C4,00,11,2D,08
49C,40,0E,0B,C4,00,11,2D,08
49C,40,0E,0B,C4,00,11,2D,08
49C,40,0E,0B,C4,00,11,2D,08
49C,40,0E,0B,C4,00,11,2D,08
49C,40,0E,0B,C4,00,11,2D,08
49C,40,0E,0B,C4,00,11,2D,08
49C,40,0A,07,AA,01,0B,20,06
49C,40,0A,07,C4,01,0A,20,05
49C,40,0A,07,C4,03,0A,20,05
49C,40,0A,07,C4,80,09,20,04
49C,40,03,03,BE,00,06,20,00
49C,40,0A,07,BE,00,50,20,00
49C,40,0A,07,BE,00,50,20,00
49C,40,0A,07,BE,00,50,20,00
49C,40,0A,07,BE,00,50,20,00
49C,40,0A,07,BE,00,50,20,00
49C,40,0A,07,BE,00,50,20,00
49C,40,0A,07,BE,00,50,20,00
49C,40,0A,07,BE,00,50,20,00
49C,40,0A,07,BE,00,50,20,00
49C,40,0A,07,BE,00,50,20,00
49C,40,0A,07,BE,00,50,20,00
49C,40,0A,07,BE,00,50,20,00
49C,40,0A,07,BE,00,50,20,00
49C,40,0A,07,BE,00,50,20,00
49C,40,0A,07,BE,00,50,20,00
49C,40,0A,07,BE,00,50,20,00
49C,40,0A,07,BE,00,50,20,00
49C,40,0A,07,BE,00,50,20,00
49C,40,0A,07,BE,00,50,20,00
49C,40,0A,07,BE,00,50,20,00
49C,40,0A,07,BE,00,50,20,00
49C,40,0A,07,BE,00,50,20,00
49C,40,0A,07,BE,00,50,20,00
49C,40,0A,07,BE,00,50,20,00
49C,40,1B,17,A0,00,22,20,10
49C,40,1C,19,C8,00,1F,20,15
49C,40,19,17,C5,11,21,20,16
49C,40,19,16,C5,91,1F,20,15
49C,40,19,16,E9,96,1E,20,13
49C,40,23,20,F2,A2,26,20,18
49C,40,2E,2B,D9,A2,2B,1F,23
49C,40,30,2D,D9,A3,2C,1F,25
49C,40,30,2E,D8,A4,2C,1E,27
49C,40,30,2E,D7,A5,2C,1E,28
49C,40,22,1F,F0,A4,23,1E,19
49C,40,25,22,E2,A4,27,1E,19
49C,40,26,23,DC,A4,27,1E,1A
49C,40,26,23,DB,A3,27,1D,19
49C,40,29,26,D3,A3,29,1D,1D
49C,40,2E,2B,DE,A3,2A,1B,24
49C,40,30,2C,DA,A3,2B,1B,26
49C,40,30,2D,DA,A3,2B,1B,25
49C,40,2D,2A,DC,A3,29,1B,23
49C,40,25,22,D5,A2,26,1B,18
49C,40,1E,1C,DD,A0,23,1D,15
49C,40,13,11,E2,8B,19,20,0F
49C,40,03,03,C4,00,0B,20,05
49C,40,03,03,B2,00,50,20,01
49C,40,0A,07,B2,00,50,20,01
49C,40,0A,07,B2,00,50,20,00
49C,40,0A,07,B2,00,50,20,00
49C,40,0A,07,B2,00,50,20,00
49C,40,0A,07,B2,00,50,20,00
49C,40,0A,07,B2,00,50,20,00
49C,40,0A,07,B2,00,50,20,00
49C,40,0A,07,B2,00,50,20,00
49C,40,0A,07,B2,00,50,20,00
49C,40,0A,07,B2,00,50,20,00
49C,40,0A,07,B2,00,50,20,00
49C,40,0A,07,B2,00,50,20,00
49C,40,0A,07,B2,00,50,20,00
49C,40,0A,07,B2,00,50,20,00
49C,40,0A,07,B2,00,50,20,00
49C,40,0A,07,B2,00,50,20,00
49C,40,0A,07,B2,00,50,20,00
49C,40,0A,07,B2,00,50,20,00
49C,40,0A,07,B2,00,50,20,00
49C,40,0A,07,B2,00,50,20,00
49C,40,0A,07,B2,00,50,20,00
49C,40,0A,07,B2,00,50,20,00
49C,40,0A,07,B2,00,50,20,00
49C,40,0A,07,B2,00,50,20,00
49C,40,0A,07,B2,00,50,20,00
49C,40,0A,07,B2,00,50,20,00
49C,40,0A,07,B2,00,50,20,00
49C,40,0A,07,B2,00,50,20,00
49C,40,0A,07,B2,00,50,20,00
49C,40,0A,07,B2,00,50,20,00
49C,40,11,0C,B2,00,50,1A,00
49C,40,18,15,B7,00,1D,20,11
49C,40,18,15,C8,06,1D,20,13
49C,40,0A,07,C4,00,0C,20,07
49C,40,03,03,BE,00,07,20,01
49C,40,14,11,94,00,29,20,0D
49C,40,29,25,BC,00,2A,20,1C
49C,40,2A,27,BE,0A,2C,20,21
49C,40,2B,28,B9,8F,2D,20,22
49C,40,2E,2B,CA,97,2B,20,22
49C,40,2E,2B,DB,9F,2A,1E,23
49C,40,2F,2C,DB,A1,2A,1D,24
49C,40,30,2D,DB,A2,2B,1D,26
49C,40,30,2D,D8,A2,2B,1C,26
49C,40,30,2D,D8,A3,2B,1C,26
49C,40,30,2D,D9,A3,2B,1B,26
49C,40,2E,2A,DB,A3,2A,1B,23
49C,40,2D,2A,DB,A2,29,1B,21
49C,40,2D,2A,DC,A1,29,1B,22
49C,40,2E,2A,DC,A1,29,1B,22
49C,40,23,21,DB,A0,24,1B,17
49C,40,21,1E,E4,9F,23,1C,16
49C,40,24,21,E4,9E,25,1C,17
49C,40,27,24,DA,9E,26,1B,1A
