4AE,08,8C,00,E0,01,38,02,48
4AE,08,8C,00,E0,01,38,02,48
4AE,06,8D,00,E0,01,38,02,48
4AE,08,8E,00,E0,01,38,02,48
4AE,08,8E,00,E0,01,38,02,48
4AE,08,8F,00,E0,01,38,02,48
4AE,08,8F,00,E0,01,38,02,48
4AE,08,90,00,E0,01,38,02,48
4AE,08,90,00,E0,01,38,02,48
4AE,08,91,00,E0,01,38,02,48
4AE,08,92,00,E0,01,38,02,48
4AE,08,93,00,E0,01,38,02,48
4AE,0A,93,00,E0,01,38,02,48
4AE,08,93,00,E0,01,38,02,48
4AE,0A,93,00,E0,01,38,02,48
4AE,0A,93,00,C0,01,38,02,48
4AE,0C,93,00,C0,01,38,02,48
4AE,0C,93,00,C0,01,38,02,48
4AE,0C,93,00,C0,01,38,02,48
4AE,0C,93,00,C0,01,40,02,48
4AE,0C,93,00,C0,01,40,02,48
4AE,0C,93,00,C0,01,40,02,48
4AE,0E,93,00,C0,01,40,02,48
4AE,0E,93,00,C0,01,40,02,48
4AE,0E,93,00,C0,01,40,02,48
4AE,0E,93,00,C0,01,40,02,48
4AE,10,93,00,C0,01,40,02,48
4AE,10,93,00,C0,01,40,02,48
4AE,08,8E,00,E0,01,40,52,48
4AE,10,93,00,E0,01,48,4A,48
4AE,20,93,00,E0,01,50,42,48
4AE,24,93,00,E0,01,58,42,48
4AE,20,93,00,E0,01,58,42,48
4AE,1A,93,00,E0,01,50,42,48
4AE,20,93,00,E0,01,58,42,48
4AE,1E,93,00,E0,01,58,42,48
4AE,1C,93,00,E0,01,58,42,48
4AE,1C,93,02,E0,01,50,42,48
4AE,18,93,00,E0,01,50,42,48
4AE,1A,93,00,E0,01,50,42,48
4AE,1A,93,00,E0,01,50,42,48
4AE,16,93,00,E0,01,50,42,48
4AE,0E,8F,00,E0,01,48,42,48
4AE,08,8D,00,E0,01,48,4A,48
4AE,12,90,00,E0,01,48,42,48
4AE,18,92,00,E0,01,50,42,48
4AE,26,93,02,E0,01,58,42,48
4AE,28,93,00,E0,01,60,42,48
4AE,2E,93,04,E0,01,60,3A,48
4AE,2A,93,00,E0,01,60,3A,48
4AE,2A,93,00,E0,01,60,3A,48
4AE,26,93,00,E0,01,58,42,48
4AE,26,8F,00,E0,01,58,42,48
4AE,20,8C,02,E0,01,58,42,48
4AE,08,88,00,E0,01,48,52,48
4AE,00,8F,00,E0,01,48,02,48
4AE,10,93,00,E0,01,38,02,48
4AE,24,8B,30,C0,01,28,92,48
4AE,1E,8A,02,C0,01,30,8A,48
4AE,16,8C,18,C0,01,40,62,48
4AE,18,8D,1A,C0,01,48,52,48
4AE,14,8D,20,C0,01,50,4A,48
4AE,14,8D,22,C0,01,50,4A,48
4AE,0A,8C,26,C0,01,50,4A,48
4AE,0C,8C,1E,C0,01,48,4A,48
4AE,0C,8C,20,C0,01,50,4A,48
4AE,0A,8C,22,C0,01,50,4A,48
4AE,06,8B,20,C0,01,50,4A,48
4AE,04,8B,1C,C0,01,50,4A,48
4AE,04,8C,1E,C0,01,50,4A,48
4AE,04,8C,20,C0,01,50,4A,48
4AE,04,8C,1E,C0,01,50,4A,48
4AE,04,8C,1E,C0,01,50,4A,48
4AE,02,8C,1E,C0,01,50,4A,48
4AE,02,8C,1C,C0,01,50,4A,48
4AE,00,8C,1C,C0,01,50,4A,48
4AE,00,8C,1A,C0,01,50,4A,48
4AE,00,8C,1A,C0,01,50,4A,48
4AE,00,8C,1A,C0,01,50,4A,48
4AE,00,8C,1A,C0,01,50,4A,48
4AE,00,8C,1C,C0,01,50,4A,48
4AE,02,8D,1C,C0,01,50,4A,48
4AE,02,8D,1C,C0,01,50,4A,48
4AE,04,8D,1C,C0,01,50,4A,48
4AE,04,8D,1C,C0,01,50,4A,48
4AE,04,8D,1C,C0,01,50,4A,48
4AE,04,8E,1E,C0,01,50,4A,48
4AE,04,8D,1E,C0,01,50,4A,48
4AE,04,8D,1C,C0,01,50,4A,48
4AE,02,8D,1E,C0,01,50,4A,48
4AE,00,8D,1C,C0,01,58,4A,48
4AE,10,8F,20,C0,01,58,42,48
4AE,0A,8A,0C,C0,01,50,6A,48
4AE,08,87,04,C0,01,48,82,48
4AE,08,87,02,C0,01,48,7A,48
4AE,08,88,00,E0,01,48,72,48
4AE,0A,93,00,C0,01,48,02,49
4AE,0A,93,00,C0,01,48,02,49
4AE,0A,93,00,C0,01,48,02,49
4AE,08,93,00,C0,01,48,02,49
4AE,08,93,00,C0,01,48,02,49
4AE,08,93,00,C0,01,48,02,49
4AE,08,93,00,C0,01,48,02,49
4AE,1C,8E,00,E0,01,50,42,49
4AE,2A,8F,00,E0,01,58,42,49
4AE,2A,8E,00,E0,01,58,42,49
4AE,26,8C,00,E0,01,58,42,49
4AE,1E,8A,00,E0,01,50,42,49
4AE,06,87,00,E0,01,48,3A,49
4AE,08,8A,00,E0,01,48,02,49
4AE,06,8A,00,E0,01,48,02,49
4AE,14,8A,00,E0,01,40,62,49
4AE,2A,8A,1C,C0,01,30,8A,49
4AE,1E,89,08,C0,01,38,82,49
4AE,12,8A,1C,C0,01,50,52,49
4AE,20,8E,12,C0,01,40,5A,49
4AE,24,8B,20,C0,01,50,6A,49
4AE,22,89,1E,C0,01,50,7A,49
4AE,20,8A,22,C0,01,50,7A,49
4AE,20,8A,20,C0,01,50,7A,49
4AE,20,8B,22,C0,01,50,7A,49
4AE,20,8B,22,C0,01,50,7A,49
4AE,1E,8B,22,C0,01,50,7A,49
4AE,1C,8C,24,C0,01,50,7A,49
4AE,1C,8C,24,C0,01,50,7A,49
4AE,1C,8C,28,C0,01,58,7A,49
4AE,1C,8C,22,C0,01,50,82,49
4AE,1E,8D,20,C0,01,48,82,49
4AE,1C,8D,20,C0,01,48,82,49
4AE,1C,8D,24,C0,01,50,82,49
4AE,1C,8D,22,C0,01,48,82,49
4AE,1A,8D,24,C0,01,50,82,49
4AE,1C,8D,24,C0,01,50,82,49
4AE,1A,8D,22,C0,01,50,82,49
4AE,18,8D,26,C0,01,50,82,49
4AE,18,8D,24,C0,01,50,82,49
4AE,18,8D,24,C0,01,50,82,49
4AE,16,90,22,C0,01,50,72,49
4AE,12,93,24,C0,01,50,4A,49
4AE,16,93,20,C0,01,50,4A,49
4AE,16,93,20,C0,01,50,4A,49
4AE,14,93,20,C0,01,50,4A,49
4AE,10,93,26,C0,01,50,4A,49
4AE,0C,92,20,C0,01,50,52,49
4AE,0A,91,20,C0,01,50,4A,49
4AE,0A,91,20,C0,01,50,4A,49
4AE,08,91,20,C0,01,50,4A,49
4AE,0A,91,20,C0,01,50,4A,49
4AE,0C,91,20,C0,01,50,4A,49
4AE,0A,91,20,C0,01,50,4A,49
4AE,0C,91,20,C0,01,50,4A,49
4AE,0C,91,20,C0,01,50,4A,49
4AE,0E,92,20,C0,01,50,4A,49
4AE,10,92,22,C0,01,50,4A,49
4AE,12,93,1E,C0,01,48,5A,49
4AE,14,93,20,C0,01,50,52,49
4AE,16,93,22,C0,01,50,4A,49
4AE,14,93,20,C0,01,50,52,49
4AE,14,93,22,C0,01,50,52,49
4AE,14,93,20,C0,01,50,52,49
4AE,24,93,12,C0,01,30,7A,49
4AE,26,91,1F,00,01,40,82,49
4AE,26,91,27,00,01,48,82,49
4AE,26,91,25,00,01,48,82,4A
4AE,26,91,23,00,01,48,8A,4A
4AE,26,92,25,00,01,48,82,4A
4AE,26,92,23,00,01,48,82,4A
4AE,26,92,25,00,01,48,82,4A
4AE,28,92,27,00,01,50,82,4A
4AE,22,92,27,00,01,50,7A,4A
4AE,04,8C,21,00,01,70,62,4A
4AE,10,93,20,C0,01,70,42,4A
4AE,02,90,06,C0,01,50,52,4A
4AE,00,90,00,C0,01,48,5A,4A
4AE,00,8F,00,C0,01,48,5A,4A
4AE,04,90,00,C0,01,48,5A,4A
4AE,0C,92,00,C0,01,40,6A,4A
4AE,0C,92,00,C0,01,40,6A,4A
4AE,14,93,00,C0,01,38,6A,4A
4AE,10,92,0E,C0,01,38,6A,4A
4AE,0E,91,1A,C0,01,48,5A,4A
4AE,0C,91,1C,C0,01,48,52,4A
4AE,0C,91,1E,C0,01,50,4A,4A
4AE,0E,91,1E,C0,01,50,4A,4A
4AE,0E,91,1E,C0,01,50,4A,4A
4AE,0E,91,20,C0,01,50,4A,4A
4AE,10,91,20,C0,01,50,4A,4A
4AE,10,92,20,C0,01,50,52,4A
4AE,12,92,22,C0,01,50,52,4A
4AE,12,92,20,C0,01,50,52,4A
4AE,12,92,1E,C0,01,48,52,4A
4AE,16,93,1C,C0,01,48,5A,4A
4AE,16,93,20,C0,01,48,5A,4A
4AE,18,93,20,C0,01,48,52,4A
4AE,16,93,20,C0,01,48,52,4A
4AE,16,93,20,C0,01,48,52,4A
4AE,16,93,1E,C0,01,48,52,4A
4AE,16,93,20,C0,01,50,4A,4A
4AE,18,93,1E,C0,01,48,5A,4A
4AE,18,93,20,C0,01,48,5A,4A
4AE,1A,93,1C,C0,01,48,5A,4A
4AE,18,93,20,C0,01,48,52,4A
4AE,18,93,22,C0,01,50,4A,4A
4AE,14,90,24,C0,01,60,42,4A
4AE,0C,8E,0A,C0,01,50,4A,4A
4AE,08,8D,00,C0,01,50,4A,4A
4AE,08,8D,00,C0,01,50,52,4A
4AE,0A,93,00,C0,01,48,02,4A
4AE,08,93,00,C0,01,48,02,4A
4AE,0E,93,00,C0,01,40,02,4A
4AE,1E,93,0C,C0,01,30,6A,4A
4AE,18,93,18,C0,01,40,6A,4A
4AE,16,93,20,C0,01,48,5A,4A
4AE,16,93,20,C0,01,48,5A,4A
4AE,16,93,20,C0,01,48,5A,4A
4AE,14,93,20,C0,01,48,5A,4A
4AE,14,93,20,C0,01,48,5A,4A
4AE,1A,93,1C,C0,01,48,5A,4A
4AE,16,93,20,C0,01,48,5A,4A
4AE,18,93,22,C0,01,48,5A,4A
4AE,18,93,20,C0,01,48,5A,4A
4AE,1A,93,1E,C0,01,48,5A,4A
4AE,1A,93,20,C0,01,48,5A,4A
4AE,1E,93,1E,C0,01,48,5A,4A
4AE,1C,93,22,C0,01,48,52,4B
4AE,1E,93,1E,C0,01,48,5A,4B
4AE,1E,93,24,C0,01,48,5A,4B
4AE,20,93,22,C0,01,48,5A,4B
4AE,12,93,2C,C0,01,58,42,4B
4AE,10,93,26,C0,01,50,4A,4B
4AE,02,91,24,C0,01,50,4A,4B
4AE,02,91,1C,C0,01,50,4A,4B
4AE,04,90,20,C0,01,50,4A,4B
4AE,04,90,1E,C0,01,50,4A,4B
4AE,04,90,20,C0,01,58,4A,4B
4AE,10,92,20,C0,01,50,52,4B
4AE,14,93,22,C0,01,50,52,4B
4AE,14,93,20,C0,01,48,52,4B
4AE,14,93,20,C0,01,48,52,4B
4AE,14,93,20,C0,01,48,5A,4B
4AE,14,93,1E,C0,01,48,5A,4B
4AE,16,93,1E,C0,01,48,5A,4B
4AE,16,93,1C,C0,01,48,5A,4B
4AE,14,93,20,C0,01,48,5A,4B
4AE,16,93,1E,C0,01,48,5A,4B
4AE,16,93,1C,C0,01,48,5A,4B
4AE,18,93,1E,C0,01,48,5A,4B
4AE,1A,93,1E,C0,01,48,5A,4B
4AE,1A,93,20,C0,01,48,5A,4B
4AE,1A,93,1E,C0,01,48,5A,4B
4AE,1A,93,20,C0,01,48,5A,4B
4AE,1C,93,20,C0,01,48,5A,4B
4AE,14,93,26,C0,01,50,4A,4B
4AE,10,92,22,C0,01,50,4A,4B
4AE,10,92,1E,C0,01,48,52,4B
4AE,10,92,20,C0,01,50,4A,4B
4AE,10,92,20,C0,01,50,4A,4B
4AE,12,92,20,C0,01,50,4A,4B
4AE,12,92,20,C0,01,50,52,4B
4AE,12,92,20,C0,01,50,52,4B
4AE,12,92,1E,C0,01,50,52,4B
4AE,12,92,20,C0,01,50,52,4B
4AE,14,92,22,C0,01,50,52,4B
4AE,14,92,20,C0,01,50,52,4B
4AE,12,92,20,C0,01,50,52,4B
4AE,16,92,20,C0,01,50,52,4B
4AE,14,93,20,C0,01,48,52,4B
4AE,18,93,1E,C0,01,48,52,4B
4AE,1A,93,20,C0,01,48,52,4B
4AE,1A,93,20,C0,01,48,52,4B
4AE,1C,93,20,C0,01,48,52,4B
4AE,1C,93,20,C0,01,48,52,4B
4AE,1C,93,22,C0,01,50,52,4B
4AE,1E,93,22,C0,01,50,52,4B
4AE,1A,91,22,C0,01,48,72,4B
4AE,1C,8E,20,C0,01,48,8A,4B
4AE,1C,8E,20,C0,01,48,82,4B
4AE,1E,8E,20,C0,01,48,82,4B
4AE,1E,8E,22,C0,01,48,82,4B
4AE,18,8D,26,C0,01,50,7A,4B
4AE,18,8D,22,C0,01,50,82,4B
4AE,16,8D,20,C0,01,48,82,4B
4AE,16,8D,22,C0,01,50,82,4B
4AE,14,8E,24,C0,01,50,7A,4B
4AE,14,92,20,C0,01,50,62,4B
4AE,14,93,20,C0,01,50,52,4B
4AE,14,93,20,C0,01,50,4A,4B
4AE,0E,92,20,C0,01,50,4A,4B
4AE,08,91,22,C0,01,50,4A,4B
4AE,04,90,20,C0,01,58,42,4B
4AE,00,8E,22,C0,01,58,42,4B
4AE,00,8E,1C,C0,01,58,42,4B
4AE,00,8D,1E,C0,01,58,42,4B
4AE,14,91,28,C0,01,68,42,4B
4AE,0C,8D,08,C0,01,58,4A,4B
4AE,08,8C,00,C0,01,50,52,4B
4AE,0C,93,00,C0,01,50,02,4B
4AE,0A,93,00,C0,01,50,02,4B
4AE,0A,93,00,C0,01,50,02,4B
4AE,04,93,00,C0,01,48,02,4B
4AE,0C,93,00,C0,01,48,02,4B
4AE,0A,93,00,C0,01,48,02,4B
4AE,0C,93,00,C0,01,48,02,4B
4AE,0E,93,00,C0,01,40,02,4B
4AE,0E,93,00,C0,01,40,02,4B
4AE,0C,93,00,C0,01,40,02,4B
4AE,0E,93,00,C0,01,40,02,4B
4AE,0E,93,00,C0,01,40,02,4B
4AE,10,93,00,C0,01,40,02,4B
4AE,10,93,00,C0,01,40,02,4B
4AE,08,8B,00,C0,01,48,52,4B
4AE,0C,89,10,C0,01,48,72,4B
4AE,08,87,00,C0,01,48,7A,4B
4AE,0A,89,00,E0,01,50,72,4B
4AE,08,93,00,E0,01,50,0A,4B
4AE,0C,93,00,C0,01,50,02,4B
4AE,0C,93,00,C0,01,50,02,4B
4AE,0C,93,00,C0,01,50,02,4B
4AE,0E,93,00,C0,01,50,02,4B
4AE,0E,93,00,C0,01,50,02,4B
4AE,08,8E,00,E0,01,50,4A,4B
4AE,10,90,00,E0,01,50,42,4B
4AE,18,93,00,E0,01,58,42,4B
4AE,1E,93,00,E0,01,60,3A,4B
4AE,1C,93,00,E0,01,60,3A,4B
4AE,1C,93,00,E0,01,60,3A,4B
4AE,1C,93,00,E0,01,60,3A,4B
4AE,20,93,00,E0,01,60,3A,4B
4AE,1E,93,00,E0,01,68,3A,4B
4AE,1E,93,00,E0,01,68,3A,4B
4AE,1E,93,00,E0,01,68,3A,4B
4AE,1C,93,04,E0,01,68,3A,4B
4AE,1E,93,00,E0,01,68,3A,4B
4AE,1A,93,00,E0,01,60,3A,4B
4AE,0A,8E,00,E0,01,58,42,4B
4AE,08,8E,00,E0,01,58,4A,4B
4AE,08,8E,00,E0,01,58,4A,4B
4AE,08,8E,00,E0,01,58,4A,4B
4AE,08,8E,00,E0,01,58,4A,4B
4AE,08,8E,00,E0,01,50,4A,4B
4AE,08,8E,00,E0,01,50,4A,4B
4AE,08,8E,00,E0,01,50,4A,4B
4AE,08,8E,00,E0,01,50,4A,4B
4AE,08,8E,00,E0,01,50,4A,4B
4AE,08,8E,00,E0,01,50,4A,4B
4AE,18,93,00,E0,01,60,3A,4B
4AE,16,93,00,E0,01,60,42,4B
4AE,1A,93,00,E0,01,60,3A,4B
4AE,1A,93,00,E0,01,60,3A,4B
4AE,18,93,00,E0,01,60,3A,4B
4AE,1E,93,00,E0,01,68,3A,4B
4AE,18,93,00,E0,01,60,3A,4B
4AE,16,93,00,E0,01,60,3A,4B
4AE,16,93,00,E0,01,60,3A,4B
4AE,18,93,00,E0,01,60,3A,4B
4AE,16,93,00,E0,01,60,3A,4B
4AE,14,93,00,E0,01,60,3A,4B
4AE,12,90,00,E0,01,60,42,4B
4AE,12,90,00,E0,01,60,42,4B
4AE,10,90,00,E0,01,60,42,4B
4AE,08,8E,00,E0,01,58,42,4B
4AE,0A,93,00,E0,01,50,12,4B
4AE,14,93,00,E0,01,40,6A,4B
4AE,18,93,02,E0,01,38,6A,4B
4AE,16,93,00,C0,01,38,7A,4B
4AE,1A,8F,10,C0,01,28,9A,4B
4AE,12,8F,22,C0,01,58,62,4B
4AE,0C,93,06,C0,01,58,4A,4B
4AE,0C,90,0C,C0,01,58,52,4B
4AE,08,8B,00,C0,01,50,7A,4B
4AE,08,8A,00,E0,01,50,82,4B
4AE,0A,8F,00,E0,01,58,62,4B
4AE,30,93,02,E0,01,70,3A,4B
4AE,32,93,00,E0,01,78,32,4B
4AE,32,93,00,E0,01,78,32,4B
4AE,2C,93,02,E0,01,78,32,4B
4AE,2C,93,00,E0,01,78,32,4B
4AE,2E,93,00,E0,01,78,32,4B
4AE,2C,93,00,E0,01,78,32,4B
4AE,28,93,00,E0,01,78,32,4B
4AE,26,93,00,E0,01,78,3A,4B
4AE,24,93,00,E0,01,70,3A,4B
4AE,24,93,00,E0,01,70,3A,4B
4AE,1E,93,00,E0,01,70,3A,4B
4AE,1C,93,00,E0,01,70,3A,4B
4AE,16,93,00,E0,01,68,3A,4B
4AE,14,93,00,E0,01,68,3A,4B
4AE,10,93,00,E0,01,68,3A,4B
4AE,10,93,00,E0,01,68,3A,4B
4AE,16,93,00,E0,01,68,3A,4B
4AE,16,93,00,E0,01,68,3A,4B
4AE,16,93,00,E0,01,68,3A,4B
4AE,16,93,00,E0,01,68,3A,4B
4AE,1E,93,00,E0,01,70,3A,4B
4AE,22,93,00,E0,01,78,32,4B
4AE,22,93,00,E0,01,78,32,4B
4AE,22,93,00,E0,01,78,3A,4B
4AE,22,93,00,E0,01,78,32,4B
4AE,28,93,00,E0,01,78,32,4B
4AE,2E,93,00,E0,01,80,32,4B
4AE,2C,93,00,E0,01,80,32,4B
4AE,2C,93,04,E0,01,80,32,4B
4AE,2A,93,00,E0,01,80,32,4B
4AE,26,93,00,E0,01,78,32,4B
4AE,20,93,00,E0,01,78,32,4B
4AE,24,93,00,E0,01,78,32,4B
4AE,22,93,00,E0,01,78,32,4B
4AE,1E,93,00,E0,01,78,32,4B
4AE,0A,8F,00,E0,01,68,42,4B
4AE,08,8F,00,E0,01,60,3A,4B
4AE,08,8F,00,E0,01,60,42,4B
4AE,08,8F,00,E0,01,60,42,4B
4AE,08,90,00,E0,01,60,42,4B
4AE,08,90,00,E0,01,60,42,4B
4AE,12,93,00,E0,01,68,3A,4B
4AE,1E,93,00,E0,01,78,3A,4B
4AE,1C,93,00,E0,01,70,3A,4B
4AE,1C,93,00,E0,01,78,3A,4B
4AE,20,93,00,E0,01,78,32,4B
4AE,28,93,00,E0,01,80,32,4B
4AE,1E,93,02,E0,01,78,32,4B
4AE,1C,93,00,E0,01,78,3A,4B
4AE,18,93,00,E0,01,70,3A,4B
4AE,1C,93,00,E0,01,78,32,4B
4AE,1C,93,00,E0,01,78,3A,4B
4AE,1C,93,02,E0,01,78,32,4B
4AE,1C,93,00,E0,01,78,3A,4B
4AE,1C,93,00,E0,01,78,3A,4B
4AE,1A,93,00,E0,01,78,3A,4B
4AE,1E,93,00,E0,01,78,32,4B
4AE,20,93,00,E0,01,78,32,4B
4AE,1C,93,00,E0,01,78,3A,4B
4AE,1E,93,00,E0,01,78,32,4B
4AE,1C,93,00,E0,01,78,32,4B
4AE,1C,93,00,E0,01,78,32,4B
4AE,1E,93,00,E0,01,78,32,4B
4AE,1C,93,02,E0,01,78,32,4B
4AE,20,93,00,E0,01,78,32,4B
4AE,20,93,00,E0,01,78,32,4B
4AE,1E,93,00,E0,01,78,32,4B
4AE,20,93,00,E0,01,78,32,4B
4AE,20,93,00,E0,01,78,32,4B
4AE,20,93,00,E0,01,78,32,4B
4AE,1E,93,00,E0,01,78,32,4B
4AE,1A,93,00,E0,01,78,32,4B
4AE,1A,93,00,E0,01,78,3A,4B
4AE,0A,8E,00,E0,01,68,42,4B
4AE,08,8E,00,E0,01,68,42,4B
4AE,08,8E,00,E0,01,60,42,4B
4AE,08,8F,00,E0,01,60,42,4B
4AE,08,8F,00,E0,01,60,42,4B
4AE,08,8F,00,E0,01,60,42,4B
4AE,08,8F,00,E0,01,60,3A,4B
4AE,08,90,00,E0,01,60,3A,4B
4AE,1E,93,00,E0,01,78,3A,4B
4AE,1A,93,00,E0,01,70,3A,4B
4AE,20,93,00,E0,01,78,32,4B
4AE,1E,93,00,E0,01,78,32,4B
4AE,1C,93,00,E0,01,78,3A,4B
4AE,22,93,00,E0,01,78,32,4B
4AE,20,93,00,E0,01,78,32,4B
4AE,20,93,00,E0,01,78,32,4B
4AE,20,93,00,E0,01,78,32,4B
4AE,1E,93,00,E0,01,78,32,4B
4AE,20,93,00,E0,01,78,32,4B
4AE,16,93,00,E0,01,70,3A,4B
4AE,14,93,00,E0,01,70,3A,4B
4AE,16,93,00,E0,01,70,3A,4B
4AE,1C,93,00,E0,01,78,3A,4B
4AE,18,93,00,E0,01,70,3A,4B
4AE,18,93,00,E0,01,78,32,4B
4AE,2A,93,00,E0,01,80,32,4B
4AE,2E,93,00,E0,01,80,32,4B
4AE,2C,93,02,E0,01,80,32,4B
4AE,2A,93,00,E0,01,80,32,4B
4AE,2E,93,00,E0,01,80,32,4B
4AE,28,93,00,E0,01,80,32,4B
4AE,0A,89,00,E0,01,68,4A,4B
4AE,04,8F,00,E0,01,60,02,4B
4AE,0C,93,00,E0,01,58,02,4B
4AE,1C,8F,00,E0,01,48,62,4B
4AE,28,8B,18,C0,01,30,92,4B
4AE,1E,8B,18,C0,01,50,82,4B
4AE,1C,91,1C,C0,01,50,62,4B
4AE,1C,92,1C,C0,01,50,62,4B
4AE,1C,92,1C,C0,01,50,62,4B
4AE,1C,92,1C,C0,01,50,62,4B
4AE,1E,93,1C,C0,01,50,62,4B
4AE,1C,93,1E,C0,01,50,5A,4B
4AE,1A,93,20,C0,01,50,52,4B
4AE,18,93,20,C0,01,50,52,4B
4AE,18,93,20,C0,01,50,62,4B
4AE,18,93,20,C0,01,50,5A,4B
4AE,18,93,20,C0,01,50,62,4B
4AE,18,93,20,C0,01,50,5A,4B
4AE,18,93,20,C0,01,50,5A,4B
4AE,14,93,22,C0,01,50,52,4B
4AE,16,93,20,C0,01,50,62,4B
4AE,14,93,22,C0,01,50,5A,4B
4AE,06,91,2C,C0,01,58,42,4B
4AE,00,8F,06,C0,01,58,5A,4B
4AE,04,8C,10,C0,01,48,8A,4B
4AE,08,8A,00,C0,01,48,8A,4B
4AE,06,8B,00,E0,01,50,82,4B
4AE,08,90,00,E0,01,48,72,4B
4AE,0C,92,00,E0,01,48,62,4B
4AE,0C,93,00,E0,01,48,62,4B
4AE,0C,93,00,E0,01,48,62,4B
4AE,08,92,00,E0,01,48,62,4B
4AE,06,8F,00,E0,01,58,52,4B
4AE,08,8F,00,E0,01,58,42,4B
4AE,08,8F,00,E0,01,58,42,4B
4AE,08,8F,00,E0,01,58,4A,4B
4AE,08,8F,00,E0,01,58,4A,4B
4AE,22,93,00,E0,01,70,3A,4B
4AE,34,93,00,E0,01,78,32,4B
4AE,2E,93,00,E0,01,78,32,4B
4AE,2A,93,00,E0,01,78,32,4B
4AE,30,93,00,E0,01,78,32,4B
4AE,2E,93,00,E0,01,78,32,4B
4AE,30,8F,00,E0,01,70,3A,4B
4AE,06,87,00,E0,01,60,4A,4B
4AE,06,88,00,E0,01,60,42,4B
4AE,08,8F,00,E0,01,58,02,4B
4AE,0E,91,00,E0,01,50,02,4B
4AE,1C,8E,00,E0,01,48,62,4B
4AE,22,8F,00,E0,01,40,62,4B
4AE,28,8B,18,C0,01,30,92,4B
4AE,1E,8A,16,C0,01,48,7A,4B
4AE,1A,8F,1C,C0,01,50,5A,4B
4AE,1A,90,1E,C0,01,48,62,4B
4AE,1A,90,1E,C0,01,48,62,4B
4AE,1C,91,1C,C0,01,48,62,4B
4AE,1C,92,1C,C0,01,48,62,4B
4AE,1C,92,1E,C0,01,48,62,4B
4AE,18,92,1E,C0,01,48,62,4B
4AE,1A,92,1E,C0,01,48,62,4B
4AE,1A,92,20,C0,01,48,62,4B
4AE,18,93,20,C0,01,48,62,4B
4AE,18,93,1E,C0,01,48,62,4B
4AE,18,93,20,C0,01,48,62,4B
4AE,18,93,20,C0,01,48,62,4B
4AE,1A,93,1E,C0,01,48,62,4B
4AE,1A,93,20,C0,01,48,62,4B
4AE,18,93,1E,C0,01,48,62,4B
4AE,14,92,24,C0,01,48,5A,4B
4AE,16,92,1E,C0,01,48,62,4B
4AE,10,92,24,C0,01,48,5A,4B
4AE,0E,91,1A,C0,01,48,62,4B
4AE,10,92,1A,C0,01,48,62,4B
4AE,16,92,1A,C0,01,48,6A,4B
4AE,18,93,1E,C0,01,48,62,4B
4AE,18,93,1E,C0,01,48,62,4B
4AE,16,93,1E,C0,01,48,62,4B
4AE,12,93,22,C0,01,48,5A,4B
4AE,14,93,1E,C0,01,48,5A,4B
4AE,14,93,1E,C0,01,48,62,4B
4AE,18,93,1E,C0,01,48,62,4B
4AE,18,93,1C,C0,01,40,6A,4B
4AE,16,93,1E,C0,01,48,62,4B
4AE,18,93,1E,C0,01,48,62,4B
4AE,18,93,1E,C0,01,48,62,4B
4AE,18,93,1E,C0,01,48,62,4B
4AE,18,93,20,C0,01,48,62,4B
4AE,18,93,20,C0,01,48,5A,4B
4AE,18,93,20,C0,01,48,62,4B
4AE,18,93,20,C0,01,48,62,4B
4AE,14,93,24,C0,01,48,5A,4B
4AE,14,93,1E,C0,01,48,6A,4B
4AE,16,93,20,C0,01,40,6A,4B
4AE,12,93,22,C0,01,48,5A,4B
4AE,10,92,1C,C0,01,40,6A,4B
4AE,00,8E,18,C0,01,50,52,4B
4AE,04,8A,12,C0,01,40,82,4B
4AE,08,89,00,C0,01,40,8A,4B
4AE,08,8A,00,E0,01,40,82,4B
4AE,12,90,00,E0,01,38,72,4B
4AE,1E,8C,04,C0,01,30,9A,4B
4AE,1C,8C,04,C0,01,30,92,4B
4AE,10,8D,1E,C0,01,48,6A,4B
4AE,12,90,1C,C0,01,40,62,4B
4AE,12,90,1C,C0,01,40,62,4B
4AE,12,91,1A,C0,01,40,6A,4B
4AE,12,8F,1C,C0,01,40,5A,4B
4AE,10,90,1C,C0,01,40,5A,4B
4AE,10,90,1A,C0,01,40,5A,4B
4AE,12,90,1C,C0,01,40,5A,4B
4AE,12,91,1A,C0,01,40,62,4B
4AE,12,90,1A,C0,01,40,62,4B
4AE,12,90,1A,C0,01,40,62,4B
4AE,18,91,18,C0,01,40,6A,4B
4AE,14,91,1C,C0,01,40,5A,4B
4AE,14,91,1C,C0,01,40,6A,4B
4AE,14,91,1C,C0,01,40,62,4B
4AE,16,91,1C,C0,01,40,6A,4B
4AE,14,91,1E,C0,01,40,62,4B
4AE,16,92,1C,C0,01,40,6A,4B
4AE,16,92,1E,C0,01,40,6A,4B
4AE,16,92,1C,C0,01,40,6A,4B
4AE,18,92,1E,C0,01,40,62,4B
4AE,18,92,1E,C0,01,40,62,4B
4AE,16,92,1E,C0,01,40,62,4B
4AE,18,92,1E,C0,01,40,62,4B
4AE,16,92,1E,C0,01,40,62,4B
4AE,16,92,1C,C0,01,40,62,4B
4AE,14,92,20,C0,01,40,5A,4B
4AE,18,92,20,C0,01,40,5A,4B
4AE,14,92,1E,C0,01,40,5A,4B
4AE,14,92,1E,C0,01,40,5A,4B
4AE,16,92,20,C0,01,40,5A,4B
4AE,16,92,1E,C0,01,40,5A,4B
4AE,16,92,1E,C0,01,40,5A,4B
4AE,10,91,22,C0,01,48,5A,4B
4AE,10,90,1C,C0,01,40,5A,4B
4AE,0E,90,1C,C0,01,40,5A,4B
4AE,10,90,1C,C0,01,40,5A,4B
4AE,10,90,1C,C0,01,40,5A,4B
4AE,10,90,1C,C0,01,40,5A,4B
4AE,10,90,1C,C0,01,40,5A,4B
4AE,16,92,1A,C0,01,40,6A,4B
4AE,1A,92,1A,C0,01,40,6A,4B
4AE,1A,93,1C,C0,01,40,5A,4B
4AE,1A,93,20,C0,01,40,5A,4B
4AE,1A,93,20,C0,01,40,5A,4B
4AE,1A,93,20,C0,01,40,5A,4B
4AE,18,93,22,C0,01,48,5A,4B
4AE,14,93,22,C0,01,48,5A,4B
4AE,12,92,1E,C0,01,40,5A,4B
4AE,0E,91,22,C0,01,48,5A,4B
4AE,0A,91,1C,C0,01,40,5A,4B
4AE,0A,91,1A,C0,01,40,5A,4B
4AE,0A,91,1C,C0,01,40,5A,4B
4AE,0A,91,1C,C0,01,40,5A,4B
4AE,0A,91,1C,C0,01,40,5A,4B
4AE,0A,91,1E,C0,01,40,5A,4B
4AE,0A,91,1C,C0,01,40,5A,4B
4AE,0A,91,1C,C0,01,40,5A,4B
4AE,0A,91,1E,C0,01,40,5A,4B
4AE,08,91,1E,C0,01,40,5A,4B
4AE,0A,91,1C,C0,01,40,5A,4B
4AE,08,91,1C,C0,01,40,5A,4B
4AE,0A,91,1E,C0,01,40,5A,4B
4AE,0A,91,1C,C0,01,40,5A,4B
4AE,0A,91,1C,C0,01,40,5A,4B
4AE,0C,91,1C,C0,01,40,5A,4B
4AE,0C,92,1C,C0,01,40,5A,4B
4AE,0C,91,1E,C0,01,40,5A,4B
4AE,0C,91,1C,C0,01,40,5A,4B
4AE,0C,91,1E,C0,01,40,5A,4B
4AE,0C,91,1E,C0,01,40,5A,4B
4AE,0C,91,1C,C0,01,40,5A,4B
4AE,0C,91,1C,C0,01,40,5A,4B
4AE,0E,91,1C,C0,01,40,5A,4B
4AE,0E,91,1C,C0,01,40,5A,4B
4AE,0C,91,1E,C0,01,40,5A,4B
4AE,0E,91,1E,C0,01,40,5A,4B
4AE,0C,90,1E,C0,01,40,5A,4B
4AE,0A,8F,1C,C0,01,40,5A,4B
4AE,02,8E,14,C0,01,40,5A,4B
4AE,04,8A,12,C0,01,38,8A,4B
4AE,0C,89,00,C0,01,38,92,4B
4AE,10,8B,00,E0,01,38,8A,4B
4AE,1E,8B,02,C0,01,28,9A,4B
4AE,26,8C,08,C0,01,20,9A,4B
4AE,22,90,16,C0,01,30,82,4B
4AE,20,92,1E,C0,01,38,6A,4B
4AE,1E,92,20,C0,01,40,5A,4B
4AE,1E,93,1E,C0,01,38,62,4B
4AE,1E,93,20,C0,01,40,5A,4B
4AE,1C,93,22,C0,01,40,5A,4B
4AE,1E,93,1E,C0,01,40,5A,4B
4AE,1C,93,20,C0,01,40,5A,4B
4AE,1C,93,20,C0,01,40,5A,4B
4AE,1C,93,20,C0,01,40,5A,4B
4AE,1E,93,20,C0,01,40,5A,4B
4AE,1C,93,20,C0,01,40,5A,4B
4AE,1C,93,22,C0,01,40,5A,4B
4AE,1C,93,20,C0,01,40,5A,4B
4AE,18,93,20,C0,01,40,5A,4B
4AE,12,91,26,C0,01,48,4A,4B
4AE,0C,90,26,C0,01,48,5A,4B
4AE,10,91,1C,C0,01,40,5A,4B
4AE,1E,93,14,C0,01,38,6A,4B
4AE,1C,93,20,C0,01,40,5A,4B
4AE,1C,93,20,C0,01,40,5A,4B
4AE,1E,93,1E,C0,01,40,5A,4B
4AE,1E,93,1E,C0,01,40,5A,4B
4AE,1E,93,20,C0,01,40,5A,4B
4AE,16,93,2E,C0,01,48,4A,4B
4AE,16,92,20,C0,01,40,5A,4B
4AE,16,92,1E,C0,01,40,5A,4B
4AE,16,92,20,C0,01,40,5A,4B
4AE,14,93,20,C0,01,40,5A,4B
4AE,16,93,20,C0,01,40,5A,4B
4AE,16,93,20,C0,01,40,5A,4B
4AE,12,92,22,C0,01,48,5A,4B
4AE,16,93,20,C0,01,40,5A,4B
4AE,14,92,20,C0,01,40,5A,4B
4AE,16,92,1E,C0,01,40,5A,4B
4AE,14,92,1C,C0,01,40,5A,4B
4AE,16,92,20,C0,01,40,5A,4B
4AE,16,92,1E,C0,01,40,5A,4B
4AE,14,92,20,C0,01,40,5A,4B
4AE,14,92,20,C0,01,40,5A,4B
4AE,12,92,20,C0,01,40,5A,4B
4AE,14,92,20,C0,01,40,5A,4B
4AE,14,92,20,C0,01,40,5A,4B
4AE,16,92,1E,C0,01,40,5A,4B
4AE,16,92,20,C0,01,40,5A,4B
4AE,16,92,20,C0,01,40,5A,4B
4AE,16,92,20,C0,01,40,5A,4B
4AE,14,92,20,C0,01,40,5A,4B
4AE,18,92,1E,C0,01,40,5A,4B
4AE,14,92,1E,C0,01,40,5A,4B
4AE,16,92,1E,C0,01,40,5A,4B
4AE,14,92,20,C0,01,40,5A,4B
4AE,14,92,20,C0,01,40,5A,4B
4AE,14,92,20,C0,01,40,5A,4B
4AE,14,92,22,C0,01,40,5A,4B
4AE,12,92,20,C0,01,40,5A,4B
4AE,10,91,22,C0,01,40,5A,4B
4AE,10,91,20,C0,01,40,5A,4B
4AE,08,8E,20,C0,01,40,5A,4B
4AE,08,8E,1A,C0,01,40,5A,4B
4AE,08,8F,16,C0,01,40,5A,4B
4AE,08,8E,1A,C0,01,40,5A,4B
4AE,0A,8E,18,C0,01,40,5A,4B
4AE,08,8E,18,C0,01,40,5A,4B
4AE,0A,8E,1A,C0,01,40,5A,4B
4AE,04,8F,1A,C0,01,48,52,4B
4AE,00,8B,10,C0,01,48,5A,4B
4AE,0A,89,12,C0,01,48,7A,4B
4AE,0A,87,00,C0,01,48,82,4B
4AE,08,89,00,E0,01,48,72,4B
4AE,0A,93,00,C0,01,48,02,4B
4AE,0A,93,00,C0,01,48,02,4B
4AE,0A,93,00,C0,01,48,02,4B
4AE,0A,93,00,C0,01,48,02,4B
4AE,0A,93,00,C0,01,48,02,4B
4AE,0A,93,00,C0,01,48,02,4B
4AE,0A,93,00,C0,01,48,02,4B
4AE,0A,93,00,C0,01,48,02,4B
4AE,0C,93,00,C0,01,48,02,4B
4AE,0A,93,00,C0,01,48,02,4B
4AE,0C,93,00,C0,01,48,02,4B
4AE,0C,93,00,C0,01,48,02,4B
4AE,0C,93,00,C0,01,48,02,4B
4AE,0C,8E,00,C0,01,50,4A,4B
4AE,0C,8E,00,E0,01,50,42,4B
4AE,08,8D,00,E0,01,50,52,4B
4AE,14,91,00,E0,01,58,42,4B
4AE,16,92,00,E0,01,58,42,4B
4AE,20,93,02,E0,01,60,3A,4B
4AE,22,93,00,E0,01,60,3A,4B
4AE,22,93,00,E0,01,60,3A,4B
4AE,20,93,00,E0,01,60,3A,4B
4AE,20,93,00,E0,01,60,3A,4B
4AE,20,93,04,E0,01,60,3A,4B
4AE,20,93,00,E0,01,68,3A,4B
4AE,20,93,00,E0,01,68,3A,4B
4AE,20,93,00,E0,01,68,3A,4B
4AE,1C,93,00,E0,01,60,3A,4B
4AE,1A,93,00,E0,01,60,3A,4B
4AE,1A,93,00,E0,01,60,3A,4B
4AE,10,8F,00,E0,01,58,42,4B
4AE,10,8F,00,E0,01,58,42,4B
4AE,0E,8E,00,E0,01,58,42,4B
4AE,0C,8D,00,E0,01,58,42,4B
4AE,0C,8D,00,E0,01,58,42,4B
4AE,0C,8D,00,E0,01,58,42,4B
4AE,0C,8D,00,E0,01,58,42,4B
4AE,0E,8D,00,E0,01,58,42,4B
4AE,0A,8D,00,E0,01,58,42,4B
4AE,08,8C,00,E0,01,58,52,4B
4AE,08,8C,00,E0,01,58,52,4B
4AE,08,8C,00,E0,01,50,52,4B
4AE,08,8C,00,E0,01,58,52,4B
4AE,08,8D,00,E0,01,50,52,4B
4AE,08,8D,00,E0,01,50,52,4B
4AE,10,8F,00,E0,01,58,42,4B
4AE,10,8E,00,E0,01,58,42,4B
4AE,16,90,00,E0,01,60,42,4B
4AE,14,90,00,E0,01,60,42,4B
4AE,14,90,00,E0,01,60,42,4B
4AE,14,90,00,E0,01,60,42,4B
4AE,14,90,00,E0,01,60,42,4B
4AE,12,90,00,E0,01,60,42,4B
4AE,10,90,00,E0,01,60,42,4B
4AE,12,90,00,E0,01,60,42,4B
4AE,10,90,00,E0,01,60,42,4B
4AE,10,90,00,E0,01,60,42,4B
4AE,12,91,00,E0,01,60,42,4B
4AE,12,90,00,E0,01,60,42,4B
4AE,14,91,00,E0,01,60,42,4B
4AE,14,92,00,E0,01,60,3A,4B
4AE,14,92,00,E0,01,60,3A,4B
4AE,14,93,00,E0,01,60,3A,4B
4AE,16,93,00,E0,01,60,3A,4B
4AE,18,93,00,E0,01,68,3A,4B
4AE,1A,93,00,E0,01,68,3A,4B
4AE,1A,93,00,E0,01,68,3A,4B
4AE,1A,93,00,E0,01,68,3A,4B
4AE,1A,93,00,E0,01,68,3A,4B
4AE,1A,93,00,E0,01,68,3A,4B
4AE,18,93,00,E0,01,68,3A,4B
4AE,18,93,00,E0,01,68,3A,4B
4AE,1E,93,00,E0,01,70,3A,4B
4AE,1E,93,00,E0,01,70,3A,4B
4AE,1E,93,00,E0,01,70,3A,4B
4AE,20,93,00,E0,01,70,3A,4B
4AE,1E,93,00,E0,01,70,3A,4B
4AE,1C,93,00,E0,01,70,3A,4B
4AE,14,93,00,E0,01,68,3A,4B
4AE,10,90,00,E0,01,68,3A,4B
4AE,0E,90,00,E0,01,60,3A,4B
4AE,10,91,00,E0,01,68,3A,4B
4AE,10,92,00,E0,01,68,3A,4B
4AE,14,93,00,E0,01,68,3A,4B
4AE,14,93,00,E0,01,68,3A,4B
4AE,18,93,00,E0,01,68,3A,4B
4AE,1A,93,00,E0,01,70,3A,4B
4AE,20,93,00,E0,01,70,3A,4B
4AE,1C,93,00,E0,01,70,3A,4B
4AE,14,93,00,E0,01,70,3A,4B
4AE,12,93,00,E0,01,68,3A,4B
4AE,14,93,00,E0,01,68,3A,4B
4AE,18,93,00,E0,01,70,3A,4B
4AE,1A,93,00,E0,01,70,3A,4B
4AE,1A,93,00,E0,01,70,3A,4B
4AE,18,93,00,E0,01,70,3A,4B
4AE,22,93,00,E0,01,78,32,4B
4AE,22,93,02,E0,01,78,32,4B
4AE,22,93,00,E0,01,78,32,4B
4AE,20,93,00,E0,01,78,32,4B
4AE,26,93,00,E0,01,78,32,4B
4AE,22,93,00,E0,01,78,32,4B
4AE,22,93,04,E0,01,78,32,4B
4AE,22,93,00,E0,01,78,32,4B
4AE,22,93,00,E0,01,78,32,4B
4AE,22,93,00,E0,01,78,32,4B
4AE,20,93,00,E0,01,78,32,4B
4AE,1E,93,02,E0,01,78,32,4B
4AE,20,93,00,E0,01,78,32,4B
4AE,1E,93,00,E0,01,78,32,4B
4AE,1E,93,00,E0,01,78,3A,4B
4AE,1C,93,00,E0,01,70,3A,4B
4AE,16,90,02,E0,01,70,3A,4B
4AE,14,90,00,E0,01,68,3A,4B
4AE,12,90,00,E0,01,68,3A,4B
4AE,10,90,00,E0,01,68,3A,4B
4AE,10,90,00,E0,01,68,3A,4B
4AE,12,90,00,E0,01,68,3A,4B
4AE,12,90,00,E0,01,68,3A,4B
4AE,12,90,00,E0,01,68,3A,4B
4AE,12,91,00,E0,01,68,3A,4B
4AE,14,91,00,E0,01,70,3A,4B
4AE,18,93,00,E0,01,70,3A,4B
4AE,14,92,02,E0,01,70,3A,4B
4AE,18,92,00,E0,01,70,3A,4B
4AE,16,92,00,E0,01,70,3A,4B
4AE,14,92,00,E0,01,70,3A,4B
4AE,14,92,00,E0,01,70,3A,4B
4AE,12,90,00,E0,01,68,3A,4B
4AE,12,90,00,E0,01,68,3A,4B
4AE,12,90,00,E0,01,68,3A,4B
4AE,10,8F,00,E0,01,68,3A,4B
4AE,10,8F,00,E0,01,68,3A,4B
4AE,10,8F,00,E0,01,68,3A,4B
4AE,0C,8F,00,E0,01,68,3A,4B
4AE,08,8E,00,E0,01,60,42,4B
4AE,08,8E,00,E0,01,60,4A,4B
4AE,0C,90,00,E0,01,68,3A,4B
4AE,0C,90,00,E0,01,68,3A,4B
4AE,08,8F,00,E0,01,60,42,4B
4AE,08,8F,00,E0,01,60,4A,4B
4AE,08,8F,00,E0,01,60,42,4B
4AE,08,8F,00,E0,01,60,42,4B
4AE,02,8A,18,C0,01,60,82,4B
4AE,08,89,00,C0,01,60,7A,4B
4AE,08,8C,00,C0,01,60,62,4B
4AE,08,8E,00,C0,01,60,4A,4B
4AE,08,8E,00,C0,01,60,4A,4B
4AE,08,8E,00,C0,01,60,52,4B
4AE,08,8E,00,C0,01,60,52,4B
4AE,08,8E,00,C0,01,60,52,4B
4AE,08,8E,00,C0,01,60,52,4B
4AE,08,8E,00,C0,01,60,52,4B
4AE,02,8D,08,C0,01,58,52,4B
4AE,04,8D,06,C0,01,58,52,4B
4AE,04,8D,06,C0,01,58,52,4B
4AE,04,8D,06,C0,01,58,52,4B
4AE,06,8D,04,C0,01,58,52,4B
4AE,04,8D,04,C0,01,58,52,4B
4AE,04,8D,06,C0,01,58,52,4B
4AE,04,8D,06,C0,01,58,52,4B
4AE,04,8E,04,C0,01,58,52,4B
4AE,04,8E,06,C0,01,58,52,4B
4AE,04,8E,04,C0,01,58,52,4B
4AE,04,8E,06,C0,01,58,52,4B
4AE,06,8E,06,C0,01,58,52,4B
4AE,02,8E,06,C0,01,58,52,4B
4AE,04,8E,06,C0,01,58,52,4B
4AE,04,8E,06,C0,01,58,52,4B
4AE,04,8E,06,C0,01,58,52,4B
4AE,06,8E,04,C0,01,58,52,4B
4AE,04,8E,06,C0,01,58,52,4B
4AE,06,8E,06,C0,01,58,52,4B
4AE,04,8E,06,C0,01,58,52,4B
4AE,06,8E,06,C0,01,58,52,4B
4AE,04,8E,08,C0,01,58,52,4B
4AE,04,8E,08,C0,01,58,52,4B
4AE,04,8D,08,C0,01,58,52,4B
4AE,04,8D,06,C0,01,58,52,4B
4AE,04,8C,06,C0,01,58,52,4B
4AE,08,93,06,C0,01,58,02,4B
4AE,06,93,06,C0,01,58,02,4B
4AE,04,93,06,C0,01,58,02,4B
4AE,04,90,08,C0,01,58,02,4B
4AE,04,8F,06,C0,01,58,02,4B
4AE,04,8E,06,C0,01,58,02,4B
4AE,06,89,00,C0,01,58,52,4B
4AE,1A,8E,00,C0,01,40,6A,4B
4AE,20,8F,00,C0,01,38,6A,4B
4AE,1A,8F,18,C0,01,48,62,4B
4AE,18,8F,1E,C0,01,50,52,4B
4AE,18,8F,1C,C0,01,50,5A,4B
4AE,18,90,1C,C0,01,48,62,4B
4AE,1C,91,1E,C0,01,48,62,4B
4AE,18,91,20,C0,01,48,5A,4B
4AE,1A,92,1E,C0,01,48,62,4B
4AE,1A,92,1E,C0,01,48,62,4B
4AE,18,92,20,C0,01,48,5A,4B
4AE,1A,92,20,C0,01,48,62,4B
4AE,18,93,20,C0,01,48,62,4B
4AE,14,93,20,C0,01,48,5A,4B
4AE,14,92,20,C0,01,50,5A,4B
4AE,12,92,20,C0,01,48,62,4B
4AE,0E,92,22,C0,01,48,62,4B
4AE,0E,92,1C,C0,01,48,62,4B
4AE,0C,91,1E,C0,01,48,5A,4B
4AE,08,91,1A,C0,01,48,5A,4B
4AE,0C,91,12,C0,01,48,62,4B
4AE,06,8E,0E,C0,01,48,62,4B
4AE,0C,8C,04,C0,01,40,8A,4B
4AE,0E,8A,02,C0,01,40,92,4B
4AE,0C,8D,00,E0,01,40,82,4B
4AE,0C,92,00,E0,01,40,62,4B
4AE,0C,92,00,E0,01,40,62,4B
4AE,0E,92,00,E0,01,40,62,4B
4AE,0C,92,00,E0,01,40,62,4B
4AE,0C,92,00,E0,01,40,62,4B
4AE,0A,91,00,E0,01,40,62,4B
4AE,0A,91,00,E0,01,40,62,4B
4AE,06,8E,00,E0,01,50,52,4B
4AE,08,8E,00,E0,01,50,4A,4B
4AE,08,8E,00,E0,01,50,4A,4B
4AE,0A,8D,00,E0,01,50,4A,4B
4AE,16,91,02,E0,01,60,42,4B
4AE,14,90,00,E0,01,60,42,4B
4AE,14,8F,00,E0,01,60,42,4B
4AE,16,8E,00,E0,01,60,42,4B
4AE,18,8D,00,E0,01,60,42,4B
4AE,16,8C,00,E0,01,60,42,4B
4AE,18,8A,00,E0,01,60,42,4B
4AE,1E,8A,00,E0,01,60,42,4B
4AE,1E,88,00,E0,01,58,42,4B
4AE,24,88,00,E0,01,58,32,4B
4AE,02,85,00,E0,01,58,02,4B
4AE,02,88,00,E0,01,50,02,4B
4AE,18,89,00,E0,01,48,32,4B
4AE,16,89,00,E0,01,48,32,4B
4AE,1C,8A,00,E0,01,48,42,4B
4AE,20,8A,00,E0,01,48,52,4B
4AE,2E,88,02,C0,01,38,82,4B
4AE,30,89,0C,C0,01,38,82,4B
4AE,30,8B,1E,C0,01,48,6A,4B
4AE,2E,8F,1E,C0,01,40,6A,4B
4AE,32,91,1C,C0,01,40,6A,4B
4AE,32,92,1E,C0,01,40,6A,4B
4AE,2C,93,1E,C0,01,40,6A,4B
4AE,2A,93,20,C0,01,48,62,4B
4AE,28,93,20,C0,01,48,6A,4B
4AE,28,93,20,C0,01,48,62,4B
4AE,24,93,22,C0,01,48,5A,4B
4AE,22,93,20,C0,01,48,5A,4B
4AE,1A,93,22,C0,01,48,62,4B
4AE,1C,93,1E,C0,01,40,6A,4B
4AE,1A,93,20,C0,01,48,5A,4B
4AE,18,93,22,C0,01,48,5A,4B
4AE,16,93,22,C0,01,48,5A,4B
4AE,0E,93,24,C0,01,48,5A,4B
4AE,02,92,1C,C0,01,48,5A,4B
4AE,04,8E,0E,C0,01,50,62,4B
4AE,08,8A,00,C0,01,50,7A,4B
4AE,0A,89,00,E0,01,50,82,4B
4AE,08,8D,00,E0,01,50,6A,4B
4AE,08,91,00,E0,01,50,42,4B
4AE,08,91,00,E0,01,58,42,4B
4AE,08,91,00,E0,01,58,42,4B
4AE,08,90,00,E0,01,58,42,4B
4AE,08,90,00,E0,01,58,42,4B
4AE,08,90,00,E0,01,58,42,4B
4AE,08,90,00,E0,01,58,42,4B
4AE,16,93,00,E0,01,60,3A,4B
4AE,14,93,00,E0,01,60,3A,4B
4AE,14,93,00,E0,01,60,42,4B
4AE,16,93,02,E0,01,60,3A,4B
4AE,16,93,00,E0,01,60,3A,4B
4AE,14,90,00,E0,01,60,3A,4B
4AE,16,8F,00,E0,01,60,3A,4B
4AE,16,8E,00,E0,01,60,42,4B
4AE,18,8D,00,E0,01,60,42,4B
4AE,1A,8A,00,E0,01,60,42,4B
4AE,1E,89,00,E0,01,60,42,4B
4AE,10,87,00,E0,01,58,2A,4B
4AE,02,8A,00,E0,01,50,02,4B
4AE,36,89,10,C0,01,30,8A,4B
4AE,2E,8A,18,C0,01,48,82,4B
4AE,38,91,14,C0,01,38,6A,4B
4AE,38,93,1C,C0,01,40,6A,4B
4AE,3A,90,20,C0,01,40,8A,4B
4AE,3A,8E,21,00,01,40,92,4B
4AE,38,8F,23,00,01,40,92,4B
4AE,38,90,23,00,01,40,9A,4B
4AE,32,91,25,00,01,40,8A,4B
4AE,30,91,25,00,01,40,8A,4B
4AE,30,92,25,00,01,48,8A,4B
4AE,24,92,2E,C0,01,58,7A,4B
4AE,10,8E,2A,C0,01,58,72,4B
4AE,08,8E,0E,C0,01,60,52,4B
4AE,00,8F,0C,C0,01,50,52,4B
4AE,2C,93,12,C0,01,28,72,4B
4AE,2A,93,12,C0,01,18,8A,4B
4AE,26,91,1E,C0,01,30,9A,4B
4AE,28,92,22,C0,01,40,92,4B
4AE,24,92,22,C0,01,40,92,4B
4AE,28,92,25,00,01,40,8A,4B
4AE,24,92,27,00,01,40,8A,4B
4AE,2A,93,25,00,01,40,8A,4B
4AE,28,93,29,00,01,40,8A,4B
4AE,28,93,2B,00,01,48,82,4B
4AE,22,93,2B,00,01,50,82,4B
4AE,1E,92,2A,C0,01,48,8A,4B
4AE,06,8D,30,C0,01,60,6A,4B
4AE,10,93,1A,C0,01,60,4A,4B
4AE,06,90,08,C0,01,50,52,4B
4AE,02,8C,0E,C0,01,48,7A,4B
4AE,00,89,00,C0,01,48,82,4B
4AE,04,8A,00,E0,01,48,82,4B
4AE,12,92,00,E0,01,38,7A,4B
4AE,26,90,2C,C0,01,28,9A,4B
4AE,1C,90,10,C0,01,28,92,4B
4AE,18,93,1C,C0,01,38,72,4B
4AE,0C,91,28,C0,01,48,5A,4B
4AE,08,92,1C,C0,01,40,62,4B
4AE,10,92,16,C0,01,40,6A,4B
4AE,0E,92,1A,C0,01,40,6A,4B
4AE,0A,91,20,C0,01,48,5A,4B
4AE,0C,91,1C,C0,01,40,62,4B
4AE,0C,91,1C,C0,01,40,5A,4B
4AE,0E,91,1C,C0,01,40,5A,4B
4AE,0E,91,1C,C0,01,40,62,4B
4AE,10,92,1C,C0,01,40,6A,4B
4AE,16,93,18,C0,01,38,6A,4B
4AE,18,93,1E,C0,01,40,6A,4B
4AE,1A,93,1E,C0,01,40,62,4B
4AE,1C,93,20,C0,01,40,5A,4B
4AE,1C,93,1E,C0,01,40,5A,4B
4AE,1E,93,20,C0,01,40,5A,4B
4AE,1E,93,20,C0,01,40,6A,4B
4AE,20,93,1E,C0,01,40,6A,4B
4AE,20,93,20,C0,01,40,62,4B
4AE,22,93,22,C0,01,40,62,4B
4AE,22,93,22,C0,01,40,62,4B
4AE,22,93,22,C0,01,40,62,4B
4AE,24,93,20,C0,01,40,6A,4B
4AE,26,93,20,C0,01,40,6A,4B
4AE,26,93,20,C0,01,40,6A,4B
4AE,1E,93,2A,C0,01,48,4A,4B
4AE,1A,93,22,C0,01,40,5A,4B
4AE,16,93,22,C0,01,40,62,4B
4AE,16,93,20,C0,01,40,6A,4B
4AE,12,93,22,C0,01,40,5A,4B
4AE,16,93,1E,C0,01,40,6A,4B
4AE,14,93,1E,C0,01,40,6A,4B
4AE,0A,92,26,C0,01,40,5A,4B
4AE,0E,92,1C,C0,01,40,6A,4B
4AE,16,93,18,C0,01,38,6A,4B
4AE,12,93,1E,C0,01,40,6A,4B
4AE,12,93,1E,C0,01,40,6A,4B
4AE,14,93,1E,C0,01,40,6A,4B
4AE,10,93,1E,C0,01,40,6A,4B
4AE,10,92,20,C0,01,40,62,4B
4AE,14,93,1C,C0,01,38,6A,4B
4AE,14,93,1E,C0,01,38,6A,4B
4AE,12,93,1E,C0,01,40,6A,4B
4AE,14,93,1E,C0,01,40,6A,4B
4AE,16,93,1E,C0,01,40,6A,4B
4AE,10,92,24,C0,01,40,5A,4B
4AE,10,92,1E,C0,01,40,6A,4B
4AE,10,92,1C,C0,01,40,6A,4B
4AE,10,92,1E,C0,01,40,6A,4B
4AE,10,92,1E,C0,01,40,6A,4B
4AE,18,93,1A,C0,01,38,6A,4B
4AE,16,93,1E,C0,01,38,6A,4B
4AE,16,93,20,C0,01,40,6A,4B
4AE,16,93,20,C0,01,40,6A,4B
4AE,18,93,1E,C0,01,38,6A,4B
4AE,18,93,1E,C0,01,38,6A,4B
4AE,1A,93,20,C0,01,40,62,4B
4AE,18,93,20,C0,01,40,62,4B
4AE,1C,93,1E,C0,01,40,62,4B
4AE,1C,93,1E,C0,01,40,62,4B
4AE,1E,93,1E,C0,01,38,6A,4B
4AE,1E,93,1E,C0,01,38,6A,4B
4AE,18,93,26,C0,01,40,5A,4B
4AE,1A,93,20,C0,01,38,6A,4B
4AE,18,93,22,C0,01,38,6A,4B
4AE,18,93,20,C0,01,38,62,4B
4AE,18,93,20,C0,01,38,62,4B
4AE,12,92,28,C0,01,48,5A,4B
4AE,14,93,1C,C0,01,38,6A,4B
4AE,16,93,1C,C0,01,38,6A,4B
4AE,18,93,1E,C0,01,38,6A,4B
4AE,18,93,1E,C0,01,38,6A,4B
4AE,18,93,20,C0,01,38,6A,4B
4AE,1C,93,1E,C0,01,38,6A,4B
4AE,1A,93,20,C0,01,38,62,4B
4AE,1C,93,20,C0,01,38,6A,4B
4AE,18,93,22,C0,01,40,5A,4B
4AE,18,93,20,C0,01,38,62,4B
4AE,12,93,26,C0,01,40,5A,4B
4AE,14,93,1C,C0,01,38,6A,4B
4AE,0E,92,22,C0,01,40,5A,4B
4AE,12,93,1C,C0,01,38,6A,4B
4AE,14,93,1E,C0,01,38,6A,4B
4AE,18,93,1C,C0,01,38,6A,4B
4AE,18,93,1E,C0,01,38,6A,4B
4AE,18,93,22,C0,01,38,6A,4B
4AE,18,93,20,C0,01,38,5A,4B
4AE,18,93,20,C0,01,38,62,4B
4AE,1C,93,20,C0,01,38,6A,4B
4AE,1C,93,20,C0,01,38,6A,4B
4AE,1C,93,20,C0,01,38,6A,4B
4AE,1A,93,22,C0,01,38,6A,4B
4AE,18,93,22,C0,01,40,5A,4B
4AE,1A,93,20,C0,01,38,6A,4B
4AE,16,93,22,C0,01,40,5A,4B
4AE,08,91,22,C0,01,40,5A,4B
4AE,0A,91,18,C0,01,38,6A,4B
4AE,10,92,14,C0,01,38,6A,4B
4AE,0C,91,18,C0,01,38,6A,4B
4AE,0C,91,18,C0,01,38,6A,4B
4AE,0E,92,0E,C0,01,38,6A,4B
4AE,10,8D,12,C0,01,28,8A,4B
4AE,12,8B,00,C0,01,28,9A,4B
4AE,16,8D,00,E0,01,30,8A,4B
4AE,16,93,00,E0,01,28,72,4B
4AE,1A,93,00,E0,01,28,72,4B
4AE,1E,8D,00,C0,01,20,9A,4B
4AE,20,8E,04,C0,01,18,9A,4B
4AE,16,91,1A,C0,01,30,82,4B
4AE,16,93,1E,C0,01,30,6A,4B
4AE,14,93,20,C0,01,30,6A,4B
4AE,16,93,1C,C0,01,30,6A,4B
4AE,16,93,1C,C0,01,30,6A,4B
4AE,16,93,20,C0,01,38,62,4B
4AE,14,93,22,C0,01,38,62,4B
4AE,14,93,1E,C0,01,38,6A,4B
4AE,14,93,1E,C0,01,38,62,4B
4AE,14,93,20,C0,01,38,62,4B
4AE,16,93,20,C0,01,38,62,4B
4AE,18,93,22,C0,01,38,5A,4B
4AE,18,93,20,C0,01,38,62,4B
4AE,1A,93,20,C0,01,38,6A,4B
4AE,1A,93,20,C0,01,38,6A,4B
4AE,1A,93,20,C0,01,38,6A,4B
4AE,1C,93,20,C0,01,38,6A,4B
4AE,1C,93,20,C0,01,38,6A,4B
4AE,1C,93,20,C0,01,38,6A,4B
4AE,1E,93,1E,C0,01,38,6A,4B
4AE,1E,93,20,C0,01,38,6A,4B
4AE,20,93,20,C0,01,30,6A,4B
4AE,0E,93,2E,C0,01,40,4A,4B
4AE,08,91,26,C0,01,38,5A,4B
4AE,08,91,1C,C0,01,38,62,4B
4AE,0A,91,1C,C0,01,38,62,4B
4AE,0A,91,1C,C0,01,38,62,4B
4AE,0C,91,18,C0,01,38,6A,4B
4AE,0C,91,1A,C0,01,38,6A,4B
4AE,0C,91,1C,C0,01,38,6A,4B
4AE,0A,91,1C,C0,01,38,62,4B
4AE,04,90,18,C0,01,38,62,4B
4AE,08,8B,12,C0,01,30,8A,4B
4AE,06,89,00,C0,01,38,8A,4B
4AE,02,8B,00,E0,01,38,7A,4B
4AE,00,8D,00,E0,01,38,6A,4B
4AE,02,8F,00,E0,01,38,5A,4B
4AE,00,8F,00,E0,01,38,5A,4B
4AE,02,8F,00,E0,01,38,5A,4B
4AE,00,8F,00,E0,01,38,5A,4B
4AE,08,8F,00,E0,01,40,4A,4B
4AE,08,8F,00,E0,01,40,4A,4B
4AE,08,8F,00,E0,01,40,4A,4B
4AE,08,8F,00,E0,01,48,4A,4B
4AE,08,8F,00,E0,01,48,4A,4B
4AE,08,8F,00,E0,01,48,4A,4B
4AE,08,90,00,E0,01,48,4A,4B
4AE,08,90,00,E0,01,48,4A,4B
4AE,08,90,00,E0,01,48,4A,4B
4AE,1A,93,00,E0,01,58,42,4B
4AE,1A,93,00,E0,01,58,42,4B
4AE,1A,93,00,E0,01,58,42,4B
4AE,18,93,00,E0,01,58,42,4B
4AE,18,93,02,E0,01,58,42,4B
4AE,18,93,00,E0,01,58,42,4B
4AE,18,93,00,E0,01,58,42,4B
4AE,18,93,00,E0,01,58,42,4B
4AE,18,93,00,E0,01,58,42,4B
4AE,16,93,02,E0,01,58,42,4B
4AE,1A,93,00,E0,01,58,42,4B
4AE,18,93,00,E0,01,58,42,4B
4AE,1A,93,00,E0,01,58,42,4B
4AE,18,93,00,E0,01,58,42,4B
4AE,18,93,02,E0,01,58,42,4B
4AE,18,93,00,E0,01,60,42,4B
4AE,18,93,00,E0,01,58,42,4B
4AE,18,93,00,E0,01,60,42,4B
4AE,1A,93,00,E0,01,60,42,4B
4AE,1A,93,00,E0,01,60,3A,4B
4AE,1C,93,00,E0,01,60,3A,4B
4AE,1C,93,00,E0,01,60,3A,4B
4AE,1C,93,00,E0,01,60,3A,4B
4AE,1C,93,00,E0,01,60,3A,4B
4AE,1C,93,00,E0,01,60,3A,4B
4AE,1E,93,00,E0,01,60,3A,4B
4AE,1E,93,00,E0,01,68,3A,4B
4AE,20,93,00,E0,01,68,3A,4B
4AE,1E,93,00,E0,01,68,3A,4B
4AE,1E,93,00,E0,01,68,3A,4B
4AE,20,93,00,E0,01,68,3A,4B
4AE,20,93,00,E0,01,68,3A,4B
4AE,22,93,00,E0,01,68,3A,4B
4AE,20,93,00,E0,01,68,3A,4B
4AE,22,93,00,E0,01,68,3A,4B
4AE,20,93,00,E0,01,68,3A,4B
4AE,1E,93,00,E0,01,68,3A,4B
4AE,20,93,00,E0,01,68,3A,4B
4AE,20,93,00,E0,01,68,3A,4B
4AE,20,93,00,E0,01,70,3A,4B
4AE,20,93,00,E0,01,70,3A,4B
4AE,22,93,02,E0,01,70,3A,4B
4AE,22,93,00,E0,01,70,3A,4B
4AE,22,93,00,E0,01,70,3A,4B
4AE,20,93,02,E0,01,70,3A,4B
4AE,22,93,00,E0,01,70,3A,4B
4AE,22,93,00,E0,01,70,3A,4B
4AE,22,93,00,E0,01,70,3A,4B
4AE,20,93,00,E0,01,70,3A,4B
4AE,1E,93,00,E0,01,68,3A,4B
4AE,18,93,00,E0,01,68,3A,4B
4AE,08,8C,00,E0,01,58,4A,4B
4AE,08,8D,00,E0,01,58,4A,4B
4AE,08,8D,00,E0,01,58,4A,4B
4AE,08,8D,00,E0,01,58,4A,4B
4AE,08,8D,00,E0,01,58,4A,4B
4AE,08,8D,00,E0,01,58,4A,4B
4AE,08,8E,00,E0,01,58,4A,4B
4AE,18,93,00,E0,01,68,3A,4B
4AE,20,93,00,E0,01,70,3A,4B
4AE,20,93,02,E0,01,70,3A,4B
4AE,0A,8E,00,E0,01,60,42,4B
4AE,08,8E,00,E0,01,58,4A,4B
4AE,08,8E,00,E0,01,58,4A,4B
4AE,08,8E,00,E0,01,58,4A,4B
4AE,08,8E,00,E0,01,58,4A,4B
4AE,08,8E,00,E0,01,58,4A,4B
4AE,08,8E,00,E0,01,58,4A,4B
4AE,08,8E,00,E0,01,58,4A,4B
4AE,08,8E,00,E0,01,58,4A,4B
4AE,08,8E,00,E0,01,58,4A,4B
4AE,08,8E,00,E0,01,58,4A,4B
4AE,08,8E,00,E0,01,58,4A,4B
4AE,08,8E,00,E0,01,58,4A,4B
4AE,08,8E,00,E0,01,58,4A,4B
4AE,08,8E,00,E0,01,58,4A,4B
4AE,02,8D,00,E0,01,58,52,4B
4AE,0C,93,00,C0,01,58,02,4B
4AE,08,8E,00,E0,01,58,4A,4B
4AE,08,8E,00,E0,01,58,4A,4B
4AE,08,8E,00,E0,01,58,4A,4B
4AE,08,8E,00,E0,01,58,4A,4B
4AE,08,8E,00,E0,01,58,4A,4B
4AE,08,8E,00,E0,01,58,4A,4B
4AE,16,93,00,E0,01,60,3A,4B
4AE,12,93,00,E0,01,60,3A,4B
4AE,0E,90,00,E0,01,60,42,4B
4AE,14,93,00,E0,01,60,3A,4B
4AE,14,93,00,E0,01,68,3A,4B
4AE,14,93,00,E0,01,60,3A,4B
4AE,14,93,00,E0,01,68,3A,4B
4AE,14,93,00,E0,01,68,3A,4B
4AE,14,93,00,E0,01,60,3A,4B
4AE,0A,90,00,E0,01,60,42,4B
4AE,0C,90,00,E0,01,60,42,4B
4AE,0C,90,00,E0,01,60,42,4B
4AE,0C,90,00,E0,01,60,42,4B
4AE,0C,91,00,E0,01,60,42,4B
4AE,0C,91,00,E0,01,60,42,4B
4AE,0C,91,00,E0,01,60,42,4B
4AE,08,90,00,E0,01,60,42,4B
4AE,08,90,00,E0,01,58,42,4B
4AE,08,90,00,E0,01,58,42,4B
4AE,08,90,00,E0,01,58,42,4B
4AE,08,91,00,E0,01,58,42,4B
4AE,08,91,00,E0,01,58,42,4B
4AE,14,93,00,E0,01,68,3A,4B
4AE,14,93,00,E0,01,68,3A,4B
4AE,10,93,00,E0,01,68,3A,4B
4AE,10,93,00,E0,01,68,3A,4B
4AE,10,93,00,E0,01,68,3A,4B
4AE,12,93,00,E0,01,68,3A,4B
4AE,10,93,00,E0,01,60,3A,4B
4AE,10,93,00,E0,01,60,3A,4B
4AE,10,93,00,E0,01,68,3A,4B
4AE,0E,93,00,E0,01,60,3A,4B
4AE,10,93,00,E0,01,60,3A,4B
4AE,0E,93,00,E0,01,60,3A,4B
4AE,0E,93,00,E0,01,60,3A,4B
4AE,0C,90,00,E0,01,60,42,4B
4AE,0C,8F,00,E0,01,60,3A,4B
4AE,0E,8F,00,E0,01,60,42,4B
4AE,0E,8F,00,E0,01,60,42,4B
4AE,10,8F,00,E0,01,60,3A,4B
4AE,08,8D,00,E0,01,60,4A,4B
4AE,08,8C,00,E0,01,58,4A,4B
4AE,08,8C,00,E0,01,58,4A,4B
4AE,08,8C,00,E0,01,58,4A,4B
4AE,08,93,00,E0,01,60,02,4B
4AE,0A,93,00,C0,01,58,02,4B
4AE,0C,93,00,C0,01,58,02,4B
4AE,0C,93,00,C0,01,58,02,4B
4AE,0C,93,00,C0,01,58,02,4B
4AE,0C,93,00,C0,01,58,02,4B
4AE,02,86,18,C0,01,58,82,4B
4AE,08,89,00,C0,01,58,72,4B
4AE,0C,93,00,C0,01,58,02,4B
4AE,0C,93,00,C0,01,58,02,4B
4AE,0C,93,00,C0,01,58,02,4B
4AE,0C,93,00,C0,01,58,02,4B
4AE,0E,93,00,C0,01,58,02,4B
4AE,0C,93,00,C0,01,58,02,4B
4AE,0C,93,00,C0,01,58,02,4B
4AE,0C,93,00,C0,01,58,02,4B
4AE,0A,93,04,C0,01,58,02,4B
4AE,0A,93,06,C0,01,58,02,4B
4AE,0C,93,06,C0,01,58,02,4B
4AE,0A,93,06,C0,01,58,02,4B
4AE,0A,93,06,C0,01,58,02,4B
4AE,0C,93,06,C0,01,58,02,4B
4AE,0A,93,06,C0,01,58,02,4B
4AE,0A,93,06,C0,01,58,02,4B
4AE,0A,93,06,C0,01,58,02,4B
4AE,0A,93,06,C0,01,58,02,4B
4AE,0C,93,06,C0,01,58,02,4B
4AE,0A,93,04,C0,01,58,02,4B
4AE,08,93,06,C0,01,58,02,4B
4AE,06,93,06,C0,01,58,02,4B
4AE,06,93,06,C0,01,58,02,4B
4AE,04,93,06,C0,01,58,02,4B
4AE,04,90,06,C0,01,58,02,4B
4AE,04,90,06,C0,01,58,02,4B
4AE,04,8F,06,C0,01,58,02,4B
4AE,04,8E,08,C0,01,50,02,4B
4AE,08,87,02,C0,01,58,52,4B
4AE,08,87,00,C0,01,58,32,4B
4AE,0A,86,0E,C0,01,58,42,4B
4AE,08,85,00,C0,01,58,3A,4B
4AE,08,86,00,E0,01,58,02,4B
4AE,02,86,00,E0,01,58,02,4B
4AE,02,86,00,E0,01,50,02,4B
4AE,02,86,00,E0,01,50,02,4B
4AE,00,85,00,E0,01,50,02,4B
4AE,00,85,00,E0,01,50,02,4B
4AE,00,84,00,E0,01,50,02,4B
4AE,00,83,00,E0,01,50,02,4B
4AE,0A,84,00,E0,01,50,02,4B
4AE,0C,84,00,E0,01,50,02,4B
4AE,0C,85,00,E0,01,50,02,4B
4AE,18,87,00,E0,01,50,02,4B
4AE,2E,8B,00,E0,01,48,02,4B
4AE,40,86,18,C0,01,30,8A,4B
4AE,36,86,10,C0,01,40,8A,4B
4AE,30,8B,18,C0,01,48,62,4B
4AE,2C,8C,18,C0,01,48,62,4B
4AE,2A,8C,18,C0,01,48,62,4B
4AE,2C,8E,18,C0,01,40,6A,4B
4AE,2A,90,1C,C0,01,48,6A,4B
4AE,26,91,1C,C0,01,48,62,4B
4AE,28,91,1E,C0,01,48,62,4B
4AE,26,92,20,C0,01,48,5A,4B
4AE,22,92,20,C0,01,48,5A,4B
4AE,1C,91,26,C0,01,50,52,4B
4AE,18,92,20,C0,01,48,5A,4B
4AE,10,91,24,C0,01,50,5A,4B
4AE,10,91,1E,C0,01,48,5A,4B
4AE,0E,91,1C,C0,01,48,5A,4B
4AE,0C,91,1C,C0,01,48,62,4B
4AE,0C,91,1C,C0,01,48,5A,4B
4AE,0A,90,1A,C0,01,48,5A,4B
4AE,06,91,18,C0,01,48,62,4B
4AE,0C,8C,12,C0,01,40,82,4B
4AE,0C,8A,00,C0,01,40,92,4B
4AE,0A,8B,00,E0,01,40,82,4B
4AE,00,8E,00,E0,01,48,62,4B
4AE,00,8F,00,E0,01,48,52,4B
4AE,00,8F,00,E0,01,48,52,4B
4AE,02,8E,00,E0,01,50,52,4B
4AE,04,8E,00,E0,01,50,52,4B
4AE,04,8E,00,E0,01,50,52,4B
4AE,08,8F,00,E0,01,50,4A,4B
4AE,08,8E,00,E0,01,50,4A,4B
4AE,08,8E,00,E0,01,50,4A,4B
4AE,08,8E,00,E0,01,50,4A,4B
4AE,08,8E,00,E0,01,50,4A,4B
4AE,08,8E,00,E0,01,50,4A,4B
4AE,12,90,00,E0,01,58,42,4B
4AE,10,90,00,E0,01,58,42,4B
4AE,12,90,00,E0,01,58,42,4B
4AE,10,8F,00,E0,01,58,42,4B
4AE,12,8F,00,E0,01,58,42,4B
4AE,10,8E,00,E0,01,58,42,4B
4AE,10,8D,00,E0,01,58,42,4B
4AE,12,8D,00,E0,01,58,42,4B
4AE,12,8C,00,E0,01,58,42,4B
4AE,12,8C,00,E0,01,58,42,4B
4AE,12,8B,00,E0,01,58,42,4B
4AE,12,8B,00,E0,01,58,42,4B
4AE,06,88,00,E0,01,58,52,4B
4AE,08,8D,00,E0,01,58,02,4B
4AE,08,8B,00,E0,01,50,02,4B
4AE,06,88,00,E0,01,50,02,4B
4AE,06,86,00,E0,01,50,02,4B
4AE,00,85,00,E0,01,50,02,4B
4AE,00,83,00,E0,01,50,02,4B
4AE,00,82,00,E0,01,50,02,4B
4AE,00,81,00,C0,01,50,02,4B
4AE,04,81,00,C0,01,50,02,4B
4AE,02,80,00,C0,01,50,02,4B
4AE,02,80,00,C0,01,50,02,4B
4AE,00,80,00,C0,01,50,02,4B
4AE,00,80,00,C0,01,50,02,4B
4AE,00,80,00,C0,01,50,02,4B
4AE,1A,82,00,C0,01,50,02,4B
4AE,18,83,00,C0,01,50,02,4B
4AE,14,83,00,C0,01,50,02,4B
4AE,12,84,00,C0,01,50,02,4B
4AE,22,87,00,E0,01,48,02,4B
4AE,28,89,00,E0,01,48,02,4B
4AE,34,8A,00,E0,01,40,42,4B
4AE,3A,87,16,C0,01,28,8A,4B
4AE,34,87,14,C0,01,40,8A,4B
4AE,2E,8B,1C,C0,01,40,6A,4B
4AE,2A,8D,1E,C0,01,40,6A,4B
4AE,28,8E,1E,C0,01,40,6A,4B
4AE,26,90,1C,C0,01,40,6A,4B
4AE,24,90,1E,C0,01,40,6A,4B
4AE,22,91,1E,C0,01,40,6A,4B
4AE,20,92,1E,C0,01,40,62,4B
4AE,20,92,20,C0,01,48,5A,4B
4AE,1C,92,1E,C0,01,48,5A,4B
4AE,1C,92,20,C0,01,48,5A,4B
4AE,1C,93,20,C0,01,48,5A,4B
4AE,1C,93,20,C0,01,48,5A,4B
4AE,1A,93,20,C0,01,48,62,4B
4AE,1A,93,20,C0,01,48,5A,4B
4AE,16,93,24,C0,01,48,5A,4B
4AE,16,93,20,C0,01,40,62,4B
4AE,14,93,1E,C0,01,40,6A,4B
4AE,16,93,1E,C0,01,40,6A,4B
4AE,16,93,20,C0,01,40,6A,4B
4AE,14,93,20,C0,01,40,5A,4B
4AE,16,93,1E,C0,01,40,6A,4B
4AE,16,93,1E,C0,01,40,6A,4B
4AE,18,93,20,C0,01,40,6A,4B
4AE,18,93,1E,C0,01,40,6A,4B
4AE,16,93,20,C0,01,40,6A,4B
4AE,18,93,20,C0,01,40,6A,4B
4AE,18,93,20,C0,01,40,6A,4B
4AE,1A,93,20,C0,01,40,6A,4B
4AE,1C,93,20,C0,01,40,6A,4B
4AE,1A,93,20,C0,01,40,6A,4B
4AE,18,93,20,C0,01,40,6A,4B
4AE,18,93,20,C0,01,40,62,4B
4AE,1A,93,20,C0,01,40,6A,4B
4AE,1A,93,20,C0,01,40,6A,4B
4AE,1A,93,20,C0,01,40,62,4B
4AE,18,93,20,C0,01,40,6A,4B
4AE,1A,93,1E,C0,01,40,6A,4B
4AE,18,93,20,C0,01,40,62,4B
4AE,18,93,20,C0,01,40,62,4B
4AE,18,93,22,C0,01,40,5A,4B
4AE,18,93,20,C0,01,40,62,4B
4AE,18,93,20,C0,01,40,6A,4B
4AE,18,93,20,C0,01,40,62,4B
4AE,1A,93,20,C0,01,40,6A,4B
4AE,18,93,20,C0,01,40,6A,4B
4AE,18,93,20,C0,01,40,62,4B
4AE,1A,93,20,C0,01,40,62,4B
4AE,18,93,20,C0,01,40,5A,4B
4AE,14,93,24,C0,01,40,5A,4B
4AE,14,93,20,C0,01,40,6A,4B
4AE,12,93,20,C0,01,40,6A,4B
4AE,14,93,1C,C0,01,40,6A,4B
4AE,14,93,1E,C0,01,40,6A,4B
4AE,18,93,1C,C0,01,40,6A,4B
4AE,16,93,1E,C0,01,40,6A,4B
4AE,16,93,20,C0,01,40,6A,4B
4AE,16,93,20,C0,01,40,62,4B
4AE,18,93,1C,C0,01,40,6A,4B
4AE,18,93,1E,C0,01,40,6A,4B
4AE,18,93,1E,C0,01,40,6A,4B
4AE,1A,93,20,C0,01,40,62,4B
4AE,1C,93,20,C0,01,40,6A,4B
4AE,1A,93,20,C0,01,40,6A,4B
4AE,1C,93,20,C0,01,40,62,4B
4AE,1C,93,20,C0,01,40,6A,4B
4AE,20,93,20,C0,01,40,6A,4B
4AE,20,93,20,C0,01,38,6A,4B
4AE,20,93,20,C0,01,40,6A,4B
4AE,22,93,20,C0,01,40,6A,4B
4AE,22,93,22,C0,01,40,6A,4B
4AE,22,93,20,C0,01,38,6A,4B
4AE,24,93,24,C0,01,38,6A,4B
4AE,1A,93,26,C0,01,40,5A,4B
4AE,1C,93,20,C0,01,40,6A,4B
4AE,1C,93,1E,C0,01,38,6A,4B
4AE,1A,93,22,C0,01,40,62,4B
4AE,10,93,2A,C0,01,48,4A,4B
4AE,14,93,1E,C0,01,38,6A,4B
4AE,12,93,20,C0,01,38,6A,4B
4AE,14,93,1E,C0,01,38,6A,4B
4AE,16,93,20,C0,01,38,6A,4B
4AE,16,93,20,C0,01,38,6A,4B
4AE,14,93,20,C0,01,38,6A,4B
4AE,16,93,20,C0,01,40,6A,4B
4AE,1A,93,20,C0,01,38,6A,4B
4AE,18,93,20,C0,01,38,6A,4B
4AE,18,93,20,C0,01,38,6A,4B
4AE,1C,93,20,C0,01,38,6A,4B
4AE,1C,93,20,C0,01,38,6A,4B
4AE,1C,93,20,C0,01,38,6A,4B
4AE,1C,93,20,C0,01,38,6A,4B
4AE,1C,93,20,C0,01,38,6A,4B
4AE,1C,93,20,C0,01,38,6A,4B
4AE,1E,93,20,C0,01,38,6A,4B
4AE,20,93,20,C0,01,38,6A,4B
4AE,1E,93,20,C0,01,38,62,4B
4AE,20,93,22,C0,01,38,6A,4B
4AE,20,93,20,C0,01,38,6A,4B
4AE,20,93,22,C0,01,38,6A,4B
4AE,20,93,20,C0,01,38,6A,4B
4AE,20,93,22,C0,01,38,5A,4B
4AE,1E,93,22,C0,01,40,5A,4B
4AE,14,93,2C,C0,01,48,4A,4B
4AE,1A,93,1E,C0,01,38,6A,4B
4AE,18,93,20,C0,01,38,62,4B
4AE,18,93,22,C0,01,38,5A,4B
4AE,14,93,24,C0,01,40,5A,4B
4AE,16,93,20,C0,01,38,6A,4B
4AE,16,93,20,C0,01,38,6A,4B
4AE,16,93,20,C0,01,38,6A,4B
4AE,18,93,20,C0,01,38,6A,4B
4AE,18,93,20,C0,01,38,6A,4B
4AE,18,93,20,C0,01,38,6A,4B
4AE,1A,93,20,C0,01,38,6A,4B
4AE,1C,93,20,C0,01,38,6A,4B
4AE,1C,93,20,C0,01,38,6A,4B
4AE,1A,93,20,C0,01,38,6A,4B
4AE,1A,93,22,C0,01,38,5A,4B
4AE,1C,93,20,C0,01,38,62,4B
4AE,18,93,22,C0,01,38,62,4B
4AE,18,93,22,C0,01,38,5A,4B
4AE,18,93,22,C0,01,38,6A,4B
4AE,08,92,1E,C0,01,40,5A,4B
4AE,0E,93,16,C0,01,38,6A,4B
4AE,12,93,1C,C0,01,38,6A,4B
4AE,14,93,1E,C0,01,38,6A,4B
4AE,12,93,1E,C0,01,38,6A,4B
4AE,16,93,1C,C0,01,38,6A,4B
4AE,18,93,1E,C0,01,38,6A,4B
4AE,16,93,20,C0,01,38,5A,4B
4AE,16,93,20,C0,01,38,62,4B
4AE,18,93,20,C0,01,38,6A,4B
4AE,18,93,20,C0,01,38,6A,4B
4AE,1A,93,20,C0,01,38,6A,4B
4AE,1A,93,20,C0,01,38,6A,4B
4AE,1A,93,20,C0,01,38,6A,4B
4AE,1C,93,20,C0,01,38,6A,4B
4AE,1C,93,20,C0,01,38,6A,4B
4AE,14,93,26,C0,01,38,5A,4B
4AE,14,93,20,C0,01,38,6A,4B
4AE,14,93,1E,C0,01,38,6A,4B
4AE,12,93,20,C0,01,38,6A,4B
4AE,06,92,2A,C0,01,40,5A,4B
4AE,0C,93,18,C0,01,38,6A,4B
4AE,0A,93,18,C0,01,38,6A,4B
4AE,0E,93,18,C0,01,38,6A,4B
4AE,14,93,18,C0,01,30,6A,4B
4AE,10,93,20,C0,01,38,6A,4B
4AE,12,93,1C,C0,01,38,6A,4B
4AE,12,93,1E,C0,01,38,6A,4B
4AE,12,93,1E,C0,01,38,6A,4B
4AE,12,93,20,C0,01,38,6A,4B
4AE,16,93,1C,C0,01,30,6A,4B
4AE,26,93,16,C0,01,28,72,4B
4AE,2A,93,1E,C0,01,30,72,4B
4AE,26,93,1E,C0,01,28,92,4B
4AE,2A,93,1D,00,01,18,A2,4B
4AE,2A,93,23,00,01,30,8A,4B
4AE,2A,93,27,00,01,38,8A,4B
4AE,2A,93,27,00,01,38,8A,4B
4AE,2A,93,27,00,01,38,8A,4B
4AE,2E,93,29,00,01,38,8A,4B
4AE,32,93,29,00,01,30,9A,4B
4AE,26,93,31,00,01,40,7A,4B
4AE,10,91,21,00,01,50,6A,4B
4AE,08,93,1B,00,01,50,52,4B
4AE,04,93,12,C0,01,48,4A,4B
4AE,00,93,10,C0,01,48,4A,4B
4AE,02,93,08,C0,01,40,5A,4B
4AE,00,8E,10,C0,01,38,7A,4B
4AE,06,8B,00,C0,01,38,8A,4B
4AE,06,8C,00,E0,01,38,82,4B
4AE,04,90,00,E0,01,38,6A,4B
4AE,06,93,00,E0,01,38,62,4B
4AE,04,93,00,E0,01,38,62,4B
4AE,02,93,00,E0,01,40,52,4B
4AE,08,93,00,E0,01,48,4A,4B
4AE,08,93,00,E0,01,48,4A,4B
4AE,0A,93,00,E0,01,48,4A,4B
4AE,08,93,00,E0,01,48,4A,4B
4AE,08,93,00,E0,01,48,4A,4B
4AE,08,93,00,E0,01,48,4A,4B
4AE,0A,93,00,E0,01,48,4A,4B
4AE,08,93,00,C0,01,48,4A,4B
4AE,08,93,00,C0,01,48,4A,4B
4AE,08,93,00,C0,01,48,4A,4B
4AE,16,93,00,C0,01,58,42,4B
4AE,16,93,00,C0,01,58,42,4B
4AE,0A,93,00,C0,01,48,4A,4B
4AE,1A,93,02,C0,01,58,42,4B
4AE,18,93,00,C0,01,58,42,4B
4AE,18,93,00,C0,01,58,42,4B
4AE,18,93,00,C0,01,58,42,4B
4AE,18,93,00,C0,01,58,42,4B
4AE,18,93,00,C0,01,58,42,4B
4AE,18,93,00,C0,01,58,42,4B
4AE,18,93,00,C0,01,58,42,4B
4AE,1C,93,00,C0,01,58,42,4B
4AE,16,93,00,C0,01,58,42,4B
4AE,18,93,02,C0,01,58,42,4B
4AE,18,93,00,C0,01,58,42,4B
4AE,18,93,00,C0,01,58,42,4B
4AE,16,93,02,C0,01,60,42,4B
4AE,18,93,00,C0,01,58,42,4B
4AE,16,93,02,C0,01,60,42,4B
4AE,18,93,00,C0,01,60,42,4B
4AE,18,93,00,C0,01,60,42,4B
4AE,18,93,00,C0,01,60,42,4B
4AE,18,93,00,C0,01,60,3A,4B
4AE,18,93,00,C0,01,60,42,4B
4AE,16,93,00,C0,01,60,3A,4B
4AE,18,93,02,E0,01,60,3A,4B
4AE,18,93,00,E0,01,60,3A,4B
4AE,18,93,00,E0,01,60,3A,4B
4AE,16,93,00,E0,01,60,42,4B
4AE,18,93,00,E0,01,60,3A,4B
4AE,18,93,00,E0,01,60,3A,4B
4AE,1A,93,00,E0,01,60,3A,4C
4AE,18,93,00,E0,01,60,3A,4C
4AE,18,93,00,E0,01,60,3A,4C
4AE,1A,93,00,E0,01,60,3A,4C
4AE,18,93,00,E0,01,60,3A,4C
4AE,1C,93,02,E0,01,60,3A,4C
4AE,1A,93,00,E0,01,60,3A,4C
4AE,1A,93,00,E0,01,60,3A,4C
4AE,1A,93,02,E0,01,60,3A,4C
4AE,1A,93,00,E0,01,60,3A,4C
4AE,1A,93,00,E0,01,60,3A,4C
4AE,0C,8F,00,E0,01,58,42,4C
4AE,08,8F,00,E0,01,58,42,4C
4AE,08,8F,00,E0,01,58,4A,4C
4AE,08,8F,00,E0,01,58,4A,4C
4AE,0E,91,00,E0,01,58,42,4B
4AE,18,93,00,E0,01,60,3A,4B
4AE,18,93,00,E0,01,60,3A,4B
4AE,18,93,02,E0,01,60,3A,4B
4AE,08,8F,00,E0,01,58,42,4B
4AE,08,8F,00,E0,01,58,42,4B
4AE,00,8F,00,E0,01,50,52,4B
4AE,00,90,00,E0,01,50,52,4B
4AE,08,8F,00,E0,01,58,4A,4B
4AE,08,90,00,E0,01,58,42,4B
4AE,08,90,00,E0,01,58,42,4B
4AE,08,8F,00,E0,01,58,42,4B
4AE,08,8F,00,E0,01,58,42,4B
4AE,08,8F,00,E0,01,58,42,4B
4AE,08,8F,00,E0,01,58,42,4B
4AE,08,8F,00,E0,01,58,42,4B
4AE,08,8F,00,E0,01,58,42,4B
4AE,08,8F,00,E0,01,58,42,4B
4AE,08,8F,00,E0,01,58,42,4B
4AE,0E,92,00,E0,01,58,42,4B
4AE,0C,93,00,E0,01,58,42,4B
4AE,12,93,00,E0,01,60,42,4B
4AE,18,93,02,E0,01,60,3A,4B
4AE,10,93,00,E0,01,60,42,4B
4AE,08,8F,00,E0,01,58,42,4B
4AE,08,8F,00,E0,01,58,42,4B
4AE,08,8F,00,E0,01,58,42,4B
4AE,08,90,00,E0,01,58,42,4B
4AE,08,90,00,E0,01,58,42,4B
4AE,08,90,00,E0,01,58,42,4B
4AE,18,93,00,E0,01,60,3A,4B
4AE,18,93,00,E0,01,60,3A,4B
4AE,12,93,00,E0,01,60,3A,4B
4AE,0E,93,00,E0,01,60,42,4B
4AE,10,93,00,E0,01,60,42,4B
4AE,12,93,00,E0,01,60,3A,4B
4AE,1A,93,00,E0,01,68,3A,4B
4AE,18,93,00,E0,01,68,3A,4B
4AE,18,93,00,E0,01,68,3A,4B
4AE,18,93,00,E0,01,68,3A,4B
4AE,0E,93,00,E0,01,60,42,4B
4AE,14,93,00,E0,01,68,3A,4B
4AE,12,93,00,E0,01,68,3A,4B
4AE,14,93,02,E0,01,68,3A,4B
4AE,16,93,00,E0,01,68,3A,4B
4AE,14,93,00,E0,01,68,3A,4B
4AE,14,93,00,E0,01,68,3A,4B
4AE,12,93,00,E0,01,68,3A,4B
4AE,12,93,02,E0,01,68,3A,4B
4AE,12,93,00,E0,01,60,3A,4B
4AE,12,93,00,E0,01,60,3A,4B
4AE,12,93,00,E0,01,60,3A,4B
4AE,10,93,00,E0,01,60,3A,4B
4AE,0E,93,00,E0,01,60,3A,4B
4AE,10,93,00,E0,01,60,3A,4B
4AE,10,93,00,E0,01,60,3A,4B
4AE,0E,93,00,E0,01,60,42,4B
4AE,0E,93,00,E0,01,60,42,4B
4AE,0E,93,00,E0,01,60,3A,4B
4AE,0C,93,00,E0,01,60,42,4B
4AE,0C,90,00,E0,01,60,42,4B
4AE,0E,90,00,E0,01,60,42,4B
4AE,0A,8E,00,E0,01,60,42,4B
4AE,08,8E,00,E0,01,58,4A,4B
4AE,08,8E,00,E0,01,58,4A,4B
4AE,08,8D,00,E0,01,58,4A,4B
4AE,08,8D,00,E0,01,58,4A,4B
4AE,08,8D,00,E0,01,58,4A,4B
4AE,04,89,04,C0,01,60,82,4B
4AE,06,88,00,C0,01,58,7A,4B
4AE,08,8B,00,C0,01,58,62,4B
4AE,08,8D,00,C0,01,58,52,4B
4AE,08,8E,00,C0,01,58,52,4B
4AE,08,8E,00,C0,01,58,52,4B
4AE,08,8E,00,C0,01,58,52,4B
4AE,08,8E,00,C0,01,58,52,4B
4AE,02,8D,08,C0,01,58,52,4B
4AE,04,8D,06,C0,01,58,52,4B
4AE,04,8D,06,C0,01,58,52,4B
4AE,04,8D,06,C0,01,58,52,4B
4AE,04,8C,06,C0,01,58,52,4B
4AE,04,8C,06,C0,01,58,52,4B
4AE,04,8C,06,C0,01,58,52,4B
4AE,04,8C,06,C0,01,58,52,4B
4AE,04,8D,06,C0,01,58,52,4B
4AE,04,8D,06,C0,01,58,52,4B
4AE,02,8D,06,C0,01,58,52,4B
4AE,04,8D,04,C0,01,58,52,4B
4AE,04,8D,06,C0,01,58,52,4B
4AE,04,8D,06,C0,01,58,52,4B
4AE,04,8D,06,C0,01,58,52,4B
4AE,04,8E,06,C0,01,58,52,4B
4AE,04,8E,06,C0,01,58,52,4B
4AE,04,8E,06,C0,01,58,52,4B
4AE,04,8D,06,C0,01,58,52,4B
4AE,04,8D,06,C0,01,58,52,4B
4AE,04,8C,08,C0,01,50,52,4B
4AE,0A,93,06,C0,01,50,02,4B
4AE,06,93,06,C0,01,50,02,4B
4AE,0A,93,02,C0,01,58,02,4B
4AE,08,93,00,C0,01,58,02,4B
4AE,08,8F,00,C0,01,58,02,4B
4AE,0A,87,00,C0,01,58,52,4B
4AE,0C,86,12,C0,01,50,5A,4B
4AE,08,86,00,C0,01,58,52,4B
4AE,06,86,00,E0,01,58,2A,4B
4AE,06,87,00,E0,01,50,02,4B
4AE,04,85,00,E0,01,50,02,4B
4AE,00,85,00,E0,01,50,02,4B
4AE,00,83,00,E0,01,50,02,4B
4AE,00,80,00,C0,01,50,02,4B
4AE,04,81,00,C0,01,50,02,4B
4AE,02,80,00,C0,01,50,02,4B
4AE,00,80,00,C0,01,50,02,4B
4AE,00,80,00,C0,01,50,02,4B
4AE,00,80,00,C0,01,50,02,4B
4AE,00,80,00,C0,01,50,02,4B
4AE,00,80,00,C0,01,50,02,4B
4AE,00,80,00,C0,01,50,02,4B
4AE,02,81,00,C0,01,50,02,4B
4AE,18,81,00,C0,01,50,02,4B
4AE,26,03,00,C0,01,50,02,4B
4AE,3E,86,00,C0,01,48,02,4B
4AE,3E,8A,00,E0,01,40,02,4B
4AE,08,85,00,E0,01,50,02,4B
4AE,1C,88,00,E0,01,48,02,4B
4AE,28,8B,00,E0,01,48,02,4B
4AE,34,86,02,C0,01,38,82,4B
4AE,36,88,04,C0,01,38,82,4B
4AE,30,89,18,C0,01,48,72,4B
4AE,24,8B,1C,C0,01,48,5A,4B
4AE,1E,8B,18,C0,01,48,5A,4B
4AE,20,8C,12,C0,01,40,6A,4B
4AE,24,8E,1A,C0,01,40,6A,4B
4AE,2A,90,1C,C0,01,40,6A,4B
4AE,28,91,20,C0,01,48,5A,4B
4AE,26,92,20,C0,01,48,5A,4B
4AE,14,8F,2A,C0,01,50,4A,4B
4AE,16,90,1E,C0,01,48,62,4B
4AE,14,90,1C,C0,01,48,62,4B
4AE,14,90,1E,C0,01,48,5A,4B
4AE,14,91,1E,C0,01,48,62,4B
4AE,18,93,18,C0,01,40,6A,4B
4AE,1A,93,1C,C0,01,40,6A,4B
4AE,18,93,20,C0,01,48,5A,4B
4AE,16,93,22,C0,01,48,5A,4B
4AE,12,93,26,C0,01,48,5A,4B
4AE,08,91,22,C0,01,48,5A,4B
4AE,06,91,1E,C0,01,48,5A,4B
4AE,02,90,16,C0,01,48,5A,4B
4AE,04,8B,10,C0,01,48,72,4B
4AE,08,88,00,C0,01,50,82,4B
4AE,08,89,00,E0,01,50,7A,4B
4AE,08,8D,00,E0,01,50,62,4B
4AE,08,8F,00,E0,01,50,42,4B
4AE,08,8F,00,E0,01,50,42,4B
4AE,08,8F,00,E0,01,50,42,4B
4AE,08,8F,00,E0,01,50,4A,4B
4AE,08,8F,00,E0,01,50,4A,4B
4AE,08,8F,00,E0,01,50,4A,4B
4AE,08,8E,00,E0,01,50,4A,4B
4AE,08,8E,00,E0,01,50,4A,4B
4AE,14,92,00,E0,01,58,42,4B
4AE,10,90,00,E0,01,58,42,4B
4AE,12,90,00,E0,01,58,42,4B
4AE,14,90,00,E0,01,58,42,4B
4AE,12,90,00,E0,01,58,42,4B
4AE,12,8F,00,E0,01,58,42,4B
4AE,10,8F,00,E0,01,58,42,4B
4AE,12,8E,00,E0,01,58,42,4B
4AE,10,8D,00,E0,01,58,42,4B
4AE,10,8C,00,E0,01,58,42,4B
4AE,10,8B,00,E0,01,58,42,4B
4AE,12,8A,00,E0,01,58,42,4B
4AE,14,8A,00,E0,01,58,42,4B
4AE,06,87,00,E0,01,58,42,4B
4AE,06,87,00,E0,01,50,2A,4B
4AE,06,87,00,E0,01,50,02,4B
4AE,04,85,00,E0,01,50,02,4B
4AE,00,86,00,E0,01,50,02,4B
4AE,1C,89,00,E0,01,48,42,4B
4AE,2A,8A,00,E0,01,40,5A,4B
4AE,36,88,26,C0,01,28,8A,4B
4AE,28,88,10,C0,01,40,82,4B
4AE,16,8A,1A,C0,01,50,52,4B
4AE,0A,89,08,C0,01,48,4A,4B
4AE,1C,8A,10,C0,01,38,7A,4B
4AE,2E,8B,12,C0,01,28,8A,4B
4AE,26,8B,18,C0,01,40,82,4B
4AE,20,90,20,C0,01,48,5A,4B
4AE,22,91,1E,C0,01,40,6A,4B
4AE,22,92,1C,C0,01,40,6A,4B
4AE,22,92,1E,C0,01,40,6A,4B
4AE,1E,92,20,C0,01,40,6A,4B
4AE,1C,93,20,C0,01,40,62,4B
4AE,1C,93,20,C0,01,48,5A,4B
4AE,1C,93,20,C0,01,40,62,4B
4AE,1A,93,22,C0,01,48,5A,4B
4AE,18,93,20,C0,01,48,5A,4B
4AE,18,93,20,C0,01,40,6A,4B
4AE,18,93,20,C0,01,40,6A,4B
4AE,16,93,22,C0,01,48,5A,4B
4AE,0C,91,20,C0,01,48,5A,4B
4AE,0E,91,1A,C0,01,40,6A,4B
4AE,12,92,1A,C0,01,40,6A,4B
4AE,16,92,1A,C0,01,40,6A,4B
