4C3,03,00,00,01,00,00,00,00
4C3,03,00,00,01,00,00,00,00
4C3,03,00,00,01,00,00,00,00
4C3,03,00,00,01,00,00,00,00
4C3,03,00,00,01,00,00,00,00
4C3,03,00,00,01,00,00,00,00
4C3,03,00,00,01,00,00,00,00
4C3,03,00,00,01,00,00,00,00
4C3,03,00,00,01,00,00,00,00
4C3,03,00,00,01,00,00,00,00
4C3,03,00,00,01,00,00,00,00
4C3,03,00,00,01,00,00,00,00
4C3,03,00,00,01,00,00,00,00
4C3,03,00,00,01,00,00,00,00
4C3,03,00,00,01,00,00,00,00
4C3,03,00,00,01,00,00,00,00
4C3,03,00,00,01,00,00,00,00
4C3,03,00,00,01,00,00,00,00
4C3,03,00,00,01,00,00,00,00
4C3,03,00,00,01,00,00,00,00
4C3,03,00,00,01,00,00,00,00
4C3,03,00,00,01,00,00,00,00
4C3,03,00,00,01,00,00,00,00
4C3,03,00,00,01,00,00,00,00
4C3,03,00,00,01,00,00,00,00
4C3,03,00,00,01,00,00,00,00
4C3,03,00,00,01,00,00,00,00
4C3,03,00,00,01,00,00,00,00
4C3,03,00,00,01,00,00,00,00
4C3,03,00,00,01,00,00,00,00
4C3,03,00,00,01,00,00,00,00
4C3,03,00,00,01,00,00,00,00
4C3,03,00,00,01,00,00,00,00
4C3,03,00,00,01,00,00,00,00
4C3,03,00,00,01,00,00,00,00
4C3,03,00,00,01,00,00,00,00
4C3,03,00,00,01,00,00,00,00
4C3,03,00,00,01,00,00,00,00
4C3,03,00,00,01,00,00,00,00
4C3,03,00,00,01,00,00,00,00
4C3,03,00,00,01,00,00,00,00
4C3,03,00,00,01,00,00,00,00
4C3,03,00,00,01,00,00,00,00
4C3,03,00,00,01,00,00,00,00
4C3,03,00,00,01,00,00,00,00
4C3,03,00,00,01,00,00,00,00
4C3,03,00,00,01,00,00,00,00
4C3,03,00,00,01,00,00,00,00
4C3,03,00,00,01,00,00,00,00
4C3,03,00,00,01,00,00,00,00
4C3,03,00,00,01,00,00,00,00
4C3,03,00,00,01,00,00,00,00
4C3,03,00,00,01,00,00,00,00
4C3,03,00,00,01,00,00,00,00
4C3,03,00,00,01,00,00,00,00
4C3,03,00,00,01,00,00,00,00
4C3,03,00,00,01,00,00,00,00
4C3,03,00,00,01,00,00,00,00
4C3,03,00,00,01,00,00,00,00
4C3,03,00,00,01,00,00,00,00
4C3,03,00,00,01,00,00,00,00
4C3,03,00,00,01,00,00,00,00
4C3,03,00,00,01,00,00,00,00
4C3,03,00,00,01,00,00,00,00
4C3,03,00,00,01,00,00,00,00
4C3,03,00,00,01,00,00,00,00
4C3,03,00,00,01,00,00,00,00
4C3,03,00,00,01,00,00,00,00
4C3,03,00,00,01,00,00,00,00
4C3,03,00,00,01,00,00,00,00
4C3,03,00,00,01,00,00,00,00
4C3,03,00,00,01,00,00,00,00
4C3,03,00,00,01,00,00,00,00
4C3,03,00,00,01,00,00,00,00
4C3,03,00,00,01,00,00,00,00
4C3,03,00,00,01,00,00,00,00
4C3,03,00,00,01,00,00,00,00
4C3,03,00,00,01,00,00,00,00
4C3,03,00,00,01,00,00,00,00
4C3,03,00,00,01,00,00,00,00
4C3,03,00,00,01,00,00,00,00
4C3,03,00,00,01,00,00,00,00
4C3,03,00,00,01,00,00,00,00
4C3,03,00,00,01,00,00,00,00
4C3,03,00,00,01,00,00,00,00
4C3,03,00,00,01,00,00,00,00
4C3,03,00,00,01,00,00,00,00
4C3,03,00,00,01,00,00,00,00
4C3,03,00,00,01,00,00,00,00
4C3,03,00,00,01,00,00,00,00
4C3,03,00,00,01,00,00,00,00
4C3,03,00,00,01,00,00,00,00
4C3,03,00,00,01,00,00,00,00
4C3,03,00,00,01,00,00,00,00
4C3,03,00,00,01,00,00,00,00
4C3,03,00,00,01,00,00,00,00
4C3,03,00,00,01,00,00,00,00
4C3,03,00,00,01,00,00,00,00
4C3,03,00,00,01,00,00,00,00
4C3,03,00,00,01,00,00,00,00
4C3,03,00,00,01,00,00,00,00
4C3,03,00,00,01,00,00,00,00
4C3,03,00,00,01,00,00,00,00
4C3,03,00,00,01,00,00,00,00
4C3,03,00,00,01,00,00,00,00
4C3,03,00,00,01,00,00,00,00
4C3,03,00,00,01,00,00,00,00
4C3,03,00,00,01,00,00,00,00
4C3,03,00,00,01,00,00,00,00
4C3,03,00,00,01,00,00,00,00
4C3,03,00,00,01,00,00,00,00
4C3,03,00,00,01,00,00,00,00
4C3,03,00,00,01,00,00,00,00
4C3,03,00,00,01,00,00,00,00
4C3,03,00,00,01,00,00,00,00
4C3,03,00,00,01,00,00,00,00
4C3,03,00,00,01,00,00,00,00
4C3,03,00,00,01,00,00,00,00
4C3,03,00,00,01,00,00,00,00
4C3,03,00,00,01,00,00,00,00
4C3,03,00,00,01,00,00,00,00
4C3,03,00,00,01,00,00,00,00
4C3,03,00,00,01,00,00,00,00
4C3,03,00,00,01,00,00,00,00
4C3,03,00,00,01,00,00,00,00
4C3,03,00,00,01,00,00,00,00
4C3,03,00,00,01,00,00,00,00
4C3,03,00,00,01,00,00,00,00
4C3,03,00,00,01,00,00,00,00
4C3,03,00,00,01,00,00,00,00
4C3,03,00,00,01,00,00,00,00
4C3,03,00,00,01,00,00,00,00
4C3,03,00,00,01,00,00,00,00
4C3,03,00,00,01,00,00,00,00
4C3,03,00,00,01,00,00,00,00
4C3,03,00,00,01,00,00,00,00
4C3,03,00,00,01,00,00,00,00
4C3,03,00,00,01,00,00,00,00
4C3,03,00,00,01,00,00,00,00
4C3,03,00,00,01,00,00,00,00
4C3,03,00,00,01,00,00,00,00
4C3,03,00,00,01,00,00,00,00
4C3,03,00,00,01,00,00,00,00
4C3,03,00,00,01,00,00,00,00
4C3,03,00,00,01,00,00,00,00
4C3,03,00,00,01,00,00,00,00
4C3,03,00,00,01,00,00,00,00
4C3,03,00,00,01,00,00,00,00
4C3,03,00,00,01,00,00,00,00
4C3,03,00,00,01,00,00,00,00
4C3,03,00,00,01,00,00,00,00
4C3,03,00,00,01,00,00,00,00
4C3,03,00,00,01,00,00,00,00
4C3,03,00,00,01,00,00,00,00
4C3,03,00,00,01,00,00,00,00
4C3,03,00,00,01,00,00,00,00
4C3,03,00,00,01,00,00,00,00
4C3,03,00,00,01,00,00,00,00
4C3,03,00,00,01,00,00,00,00
4C3,03,00,00,01,00,00,00,00
4C3,03,00,00,01,00,00,00,00
4C3,03,00,00,01,00,00,00,00
4C3,03,00,00,01,00,00,00,00
4C3,03,00,00,01,00,00,00,00
4C3,03,00,00,01,00,00,00,00
4C3,03,00,00,01,00,00,00,00
4C3,03,00,00,01,00,00,00,00
4C3,03,00,00,01,00,00,00,00
4C3,03,00,00,01,00,00,00,00
4C3,03,00,00,01,00,00,00,00
4C3,03,00,00,01,00,00,00,00
4C3,03,00,00,01,00,00,00,00
4C3,03,00,00,01,00,00,00,00
4C3,03,00,00,01,00,00,00,00
4C3,03,00,00,01,00,00,00,00
4C3,03,00,00,01,00,00,00,00
4C3,03,00,00,01,00,00,00,00
4C3,03,00,00,01,00,00,00,00
4C3,03,00,00,01,00,00,00,00
4C3,03,00,00,01,00,00,00,00
4C3,03,00,00,01,00,00,00,00
4C3,03,00,00,01,00,00,00,00
4C3,03,00,00,01,00,00,00,00
4C3,03,00,00,01,00,00,00,00
4C3,03,00,00,01,00,00,00,00
4C3,03,00,00,01,00,00,00,00
4C3,03,00,00,01,00,00,00,00
4C3,03,00,00,01,00,00,00,00
4C3,03,00,00,01,00,00,00,00
4C3,03,00,00,01,00,00,00,00
4C3,03,00,00,01,00,00,00,00
4C3,03,00,00,01,00,00,00,00
4C3,03,00,00,01,00,00,00,00
4C3,03,00,00,01,00,00,00,00
4C3,03,00,00,01,00,00,00,00
4C3,03,00,00,01,00,00,00,00
4C3,03,00,00,01,00,00,00,00
4C3,03,00,00,01,00,00,00,00
4C3,03,00,00,01,00,00,00,00
4C3,03,00,00,01,00,00,00,00
4C3,03,00,00,01,00,00,00,00
4C3,03,00,00,01,00,00,00,00
4C3,03,00,00,01,00,00,00,00
4C3,03,00,00,01,00,00,00,00
4C3,03,00,00,01,00,00,00,00
4C3,03,00,00,01,00,00,00,00
4C3,03,00,00,01,00,00,00,00
4C3,03,00,00,01,00,00,00,00
4C3,03,00,00,01,00,00,00,00
4C3,03,00,00,01,00,00,00,00
4C3,03,00,00,01,00,00,00,00
4C3,03,00,00,01,00,00,00,00
4C3,03,00,00,01,00,00,00,00
4C3,03,00,00,01,00,00,00,00
4C3,03,00,00,01,00,00,00,00
4C3,03,00,00,01,00,00,00,00
4C3,03,00,00,01,00,00,00,00
4C3,03,00,00,01,00,00,00,00
4C3,03,00,00,01,00,00,00,00
4C3,03,00,00,01,00,00,00,00
4C3,03,00,00,01,00,00,00,00
4C3,03,00,00,01,00,00,00,00
4C3,03,00,00,01,00,00,00,00
4C3,03,00,00,01,00,00,00,00
4C3,03,00,00,01,00,00,00,00
4C3,03,00,00,01,00,00,00,00
4C3,03,00,00,01,00,00,00,00
4C3,03,00,00,01,00,00,00,00
4C3,03,00,00,01,00,00,00,00
4C3,03,00,00,01,00,00,00,00
4C3,03,00,00,01,00,00,00,00
4C3,03,00,00,01,00,00,00,00
4C3,03,00,00,01,00,00,00,00
4C3,03,00,00,01,00,00,00,00
4C3,03,00,00,01,00,00,00,00
4C3,03,00,00,01,00,00,00,00
4C3,03,00,00,01,00,00,00,00
4C3,03,00,00,01,00,00,00,00
4C3,03,00,00,01,00,00,00,00
4C3,03,00,00,01,00,00,00,00
4C3,03,00,00,01,00,00,00,00
4C3,03,00,00,01,00,00,00,00
4C3,03,00,00,01,00,00,00,00
4C3,03,00,00,01,00,00,00,00
4C3,03,00,00,01,00,00,00,00
4C3,03,00,00,01,00,00,00,00
4C3,03,00,00,01,00,00,00,00
4C3,03,00,00,01,00,00,00,00
4C3,03,00,00,01,00,00,00,00
4C3,03,00,00,01,00,00,00,00
4C3,03,00,00,01,00,00,00,00
4C3,03,00,00,01,00,00,00,00
4C3,03,00,00,01,00,00,00,00
4C3,03,00,00,01,00,00,00,00
4C3,03,00,00,01,00,00,00,00
4C3,03,00,00,01,00,00,00,00
4C3,03,00,00,01,00,00,00,00
4C3,03,00,00,01,00,00,00,00
4C3,03,00,00,01,00,00,00,00
4C3,03,00,00,01,00,00,00,00
4C3,03,00,00,01,00,00,00,00
4C3,03,00,00,01,00,00,00,00
4C3,03,00,00,01,00,00,00,00
4C3,03,00,00,01,00,00,00,00
4C3,03,00,00,01,00,00,00,00
4C3,03,00,00,01,00,00,00,00
4C3,03,00,00,01,00,00,00,00
4C3,03,00,00,01,00,00,00,00
4C3,03,00,00,01,00,00,00,00
4C3,03,00,00,01,00,00,00,00
4C3,03,00,00,01,00,00,00,00
4C3,03,00,00,01,00,00,00,00
4C3,03,00,00,01,00,00,00,00
4C3,03,00,00,01,00,00,00,00
4C3,03,00,00,01,00,00,00,00
4C3,03,00,00,01,00,00,00,00
4C3,03,00,00,01,00,00,00,00
4C3,03,00,00,01,00,00,00,00
4C3,03,00,00,01,00,00,00,00
4C3,03,00,00,01,00,00,00,00
4C3,03,00,00,01,00,00,00,00
4C3,03,00,00,01,00,00,00,00
4C3,03,00,00,01,00,00,00,00
4C3,03,00,00,01,00,00,00,00
4C3,03,00,00,01,00,00,00,00
4C3,03,00,00,01,00,00,00,00
4C3,03,00,00,01,00,00,00,00
4C3,03,00,00,01,00,00,00,00
4C3,03,00,00,01,00,00,00,00
4C3,03,00,00,01,00,00,00,00
4C3,03,00,00,01,00,00,00,00
4C3,03,00,00,01,00,00,00,00
4C3,03,00,00,01,00,00,00,00
4C3,03,00,00,01,00,00,00,00
4C3,03,00,00,01,00,00,00,00
4C3,03,00,00,01,00,00,00,00
4C3,03,00,00,01,00,00,00,00
4C3,03,00,00,01,00,00,00,00
4C3,03,00,00,01,00,00,00,00
4C3,03,00,00,01,00,00,00,00
4C3,03,00,00,01,00,00,00,00
4C3,03,00,00,01,00,00,00,00
4C3,03,00,00,01,00,00,00,00
4C3,03,00,00,01,00,00,00,00
4C3,03,00,00,01,00,00,00,00
4C3,03,00,00,01,00,00,00,00
4C3,03,00,00,01,00,00,00,00
4C3,03,00,00,01,00,00,00,00
4C3,03,00,00,01,00,00,00,00
4C3,03,00,00,01,00,00,00,00
4C3,03,00,00,01,00,00,00,00
4C3,03,00,00,01,00,00,00,00
4C3,03,00,00,01,00,00,00,00
4C3,03,00,00,01,00,00,00,00
4C3,03,00,00,01,00,00,00,00
4C3,03,00,00,01,00,00,00,00
4C3,03,00,00,01,00,00,00,00
4C3,03,00,00,01,00,00,00,00
4C3,03,00,00,01,00,00,00,00
4C3,03,00,00,01,00,00,00,00
4C3,03,00,00,01,00,00,00,00
4C3,03,00,00,01,00,00,00,00
4C3,03,00,00,01,00,00,00,00
4C3,03,00,00,01,00,00,00,00
4C3,03,00,00,01,00,00,00,00
4C3,03,00,00,01,00,00,00,00
4C3,03,00,00,01,00,00,00,00
4C3,03,00,00,01,00,00,00,00
4C3,03,00,00,01,00,00,00,00
4C3,03,00,00,01,00,00,00,00
4C3,03,00,00,01,00,00,00,00
4C3,03,00,00,01,00,00,00,00
4C3,03,00,00,01,00,00,00,00
4C3,03,00,00,01,00,00,00,00
4C3,03,00,00,01,00,00,00,00
4C3,03,00,00,01,00,00,00,00
4C3,03,00,00,01,00,00,00,00
4C3,03,00,00,01,00,00,00,00
4C3,03,00,00,01,00,00,00,00
4C3,03,00,00,01,00,00,00,00
4C3,03,00,00,01,00,00,00,00
4C3,03,00,00,01,00,00,00,00
4C3,03,00,00,01,00,00,00,00
4C3,03,00,00,01,00,00,00,00
4C3,03,00,00,01,00,00,00,00
4C3,03,00,00,01,00,00,00,00
4C3,03,00,00,01,00,00,00,00
4C3,03,00,00,01,00,00,00,00
4C3,03,00,00,01,00,00,00,00
4C3,03,00,00,01,00,00,00,00
4C3,03,00,00,01,00,00,00,00
4C3,03,00,00,01,00,00,00,00
4C3,03,00,00,01,00,00,00,00
4C3,03,00,00,01,00,00,00,00
4C3,03,00,00,01,00,00,00,00
4C3,03,00,00,01,00,00,00,00
4C3,03,00,00,01,00,00,00,00
4C3,03,00,00,01,00,00,00,00
4C3,03,00,00,01,00,00,00,00
4C3,03,00,00,01,00,00,00,00
4C3,03,00,00,01,00,00,00,00
4C3,03,00,00,01,00,00,00,00
4C3,03,00,00,01,00,00,00,00
4C3,03,00,00,01,00,00,00,00
4C3,03,00,00,01,00,00,00,00
4C3,03,00,00,01,00,00,00,00
4C3,03,00,00,01,00,00,00,00
4C3,03,00,00,01,00,00,00,00
4C3,03,00,00,01,00,00,00,00
4C3,03,00,00,01,00,00,00,00
4C3,03,00,00,01,00,00,00,00
4C3,03,00,00,01,00,00,00,00
4C3,03,00,00,01,00,00,00,00
4C3,03,00,00,01,00,00,00,00
4C3,03,00,00,01,00,00,00,00
4C3,03,00,00,01,00,00,00,00
4C3,03,00,00,01,00,00,00,00
4C3,03,00,00,01,00,00,00,00
4C3,03,00,00,01,00,00,00,00
4C3,03,00,00,01,00,00,00,00
4C3,03,00,00,01,00,00,00,00
4C3,03,00,00,01,00,00,00,00
4C3,03,00,00,01,00,00,00,00
4C3,03,00,00,01,00,00,00,00
4C3,03,00,00,01,00,00,00,00
4C3,03,00,00,01,00,00,00,00
4C3,03,00,00,01,00,00,00,00
4C3,03,00,00,01,00,00,00,00
4C3,03,00,00,01,00,00,00,00
4C3,03,00,00,01,00,00,00,00
4C3,03,00,00,01,00,00,00,00
4C3,03,00,00,01,00,00,00,00
4C3,03,00,00,01,00,00,00,00
4C3,03,00,00,01,00,00,00,00
4C3,03,00,00,01,00,00,00,00
4C3,03,00,00,01,00,00,00,00
4C3,03,00,00,01,00,00,00,00
4C3,03,00,00,01,00,00,00,00
4C3,03,00,00,01,00,00,00,00
4C3,03,00,00,01,00,00,00,00
4C3,03,00,00,01,00,00,00,00
4C3,03,00,00,01,00,00,00,00
4C3,03,00,00,01,00,00,00,00
4C3,03,00,00,01,00,00,00,00
4C3,03,00,00,01,00,00,00,00
4C3,03,00,00,01,00,00,00,00
4C3,03,00,00,01,00,00,00,00
4C3,03,00,00,01,00,00,00,00
4C3,03,00,00,01,00,00,00,00
4C3,03,00,00,01,00,00,00,00
4C3,03,00,00,01,00,00,00,00
4C3,03,00,00,01,00,00,00,00
4C3,03,00,00,01,00,00,00,00
4C3,03,00,00,01,00,00,00,00
4C3,03,00,00,01,00,00,00,00
4C3,03,00,00,01,00,00,00,00
4C3,03,00,00,01,00,00,00,00
4C3,03,00,00,01,00,00,00,00
4C3,03,00,00,01,00,00,00,00
4C3,03,00,00,01,00,00,00,00
4C3,03,00,00,01,00,00,00,00
4C3,03,00,00,01,00,00,00,00
4C3,03,00,00,01,00,00,00,00
4C3,03,00,00,01,00,00,00,00
4C3,03,00,00,01,00,00,00,00
4C3,03,00,00,01,00,00,00,00
4C3,03,00,00,01,00,00,00,00
4C3,03,00,00,01,00,00,00,00
4C3,03,00,00,01,00,00,00,00
4C3,03,00,00,01,00,00,00,00
4C3,03,00,00,01,00,00,00,00
4C3,03,00,00,01,00,00,00,00
4C3,03,00,00,01,00,00,00,00
4C3,03,00,00,01,00,00,00,00
4C3,03,00,00,01,00,00,00,00
4C3,03,00,00,01,00,00,00,00
4C3,03,00,00,01,00,00,00,00
4C3,03,00,00,01,00,00,00,00
4C3,03,00,00,01,00,00,00,00
4C3,03,00,00,01,00,00,00,00
4C3,03,00,00,01,00,00,00,00
4C3,03,00,00,01,00,00,00,00
4C3,03,00,00,01,00,00,00,00
4C3,03,00,00,01,00,00,00,00
4C3,03,00,00,01,00,00,00,00
4C3,03,00,00,01,00,00,00,00
4C3,03,00,00,01,00,00,00,00
4C3,03,00,00,01,00,00,00,00
4C3,03,00,00,01,00,00,00,00
4C3,03,00,00,01,00,00,00,00
4C3,03,00,00,01,00,00,00,00
4C3,03,00,00,01,00,00,00,00
4C3,03,00,00,01,00,00,00,00
4C3,03,00,00,01,00,00,00,00
4C3,03,00,00,01,00,00,00,00
4C3,03,00,00,01,00,00,00,00
4C3,03,00,00,01,00,00,00,00
4C3,03,00,00,01,00,00,00,00
4C3,03,00,00,01,00,00,00,00
4C3,03,00,00,01,00,00,00,00
4C3,03,00,00,01,00,00,00,00
4C3,03,00,00,01,00,00,00,00
4C3,03,00,00,01,00,00,00,00
4C3,03,00,00,01,00,00,00,00
4C3,03,00,00,01,00,00,00,00
4C3,03,00,00,01,00,00,00,00
4C3,03,00,00,01,00,00,00,00
4C3,03,00,00,01,00,00,00,00
4C3,03,00,00,01,00,00,00,00
4C3,03,00,00,01,00,00,00,00
4C3,03,00,00,01,00,00,00,00
4C3,03,00,00,01,00,00,00,00
4C3,03,00,00,01,00,00,00,00
4C3,03,00,00,01,00,00,00,00
4C3,03,00,00,01,00,00,00,00
4C3,03,00,00,01,00,00,00,00
4C3,03,00,00,01,00,00,00,00
4C3,03,00,00,01,00,00,00,00
4C3,03,00,00,01,00,00,00,00
4C3,03,00,00,01,00,00,00,00
4C3,03,00,00,01,00,00,00,00
4C3,03,00,00,01,00,00,00,00
4C3,03,00,00,01,00,00,00,00
4C3,03,00,00,01,00,00,00,00
4C3,03,00,00,01,00,00,00,00
4C3,03,00,00,01,00,00,00,00
4C3,03,00,00,01,00,00,00,00
4C3,03,00,00,01,00,00,00,00
4C3,03,00,00,01,00,00,00,00
4C3,03,00,00,01,00,00,00,00
4C3,03,00,00,01,00,00,00,00
4C3,03,00,00,01,00,00,00,00
4C3,03,00,00,01,00,00,00,00
4C3,03,00,00,01,00,00,00,00
4C3,03,00,00,01,00,00,00,00
4C3,03,00,00,01,00,00,00,00
4C3,03,00,00,01,00,00,00,00
4C3,03,00,00,01,00,00,00,00
4C3,03,00,00,01,00,00,00,00
4C3,03,00,00,01,00,00,00,00
4C3,03,00,00,01,00,00,00,00
4C3,03,00,00,01,00,00,00,00
4C3,03,00,00,01,00,00,00,00
4C3,03,00,00,01,00,00,00,00
4C3,03,00,00,01,00,00,00,00
4C3,03,00,00,01,00,00,00,00
4C3,03,00,00,01,00,00,00,00
4C3,03,00,00,01,00,00,00,00
4C3,03,00,00,01,00,00,00,00
4C3,03,00,00,01,00,00,00,00
4C3,03,00,00,01,00,00,00,00
4C3,03,00,00,01,00,00,00,00
4C3,03,00,00,01,00,00,00,00
4C3,03,00,00,01,00,00,00,00
4C3,03,00,00,01,00,00,00,00
4C3,03,00,00,01,00,00,00,00
4C3,03,00,00,01,00,00,00,00
4C3,03,00,00,01,00,00,00,00
4C3,03,00,00,01,00,00,00,00
4C3,03,00,00,01,00,00,00,00
4C3,03,00,00,01,00,00,00,00
4C3,03,00,00,01,00,00,00,00
4C3,03,00,00,01,00,00,00,00
4C3,03,00,00,01,00,00,00,00
4C3,03,00,00,01,00,00,00,00
4C3,03,00,00,01,00,00,00,00
4C3,03,00,00,01,00,00,00,00
4C3,03,00,00,01,00,00,00,00
4C3,03,00,00,01,00,00,00,00
4C3,03,00,00,01,00,00,00,00
4C3,03,00,00,01,00,00,00,00
4C3,03,00,00,01,00,00,00,00
4C3,03,00,00,01,00,00,00,00
4C3,03,00,00,01,00,00,00,00
4C3,03,00,00,01,00,00,00,00
4C3,03,00,00,01,00,00,00,00
4C3,03,00,00,01,00,00,00,00
4C3,03,00,00,01,00,00,00,00
4C3,03,00,00,01,00,00,00,00
4C3,03,00,00,01,00,00,00,00
4C3,03,00,00,01,00,00,00,00
4C3,03,00,00,01,00,00,00,00
4C3,03,00,00,01,00,00,00,00
4C3,03,00,00,01,00,00,00,00
4C3,03,00,00,01,00,00,00,00
4C3,03,00,00,01,00,00,00,00
4C3,03,00,00,01,00,00,00,00
4C3,03,00,00,01,00,00,00,00
4C3,03,00,00,01,00,00,00,00
4C3,03,00,00,01,00,00,00,00
4C3,03,00,00,01,00,00,00,00
4C3,03,00,00,01,00,00,00,00
4C3,03,00,00,01,00,00,00,00
4C3,03,00,00,01,00,00,00,00
4C3,03,00,00,01,00,00,00,00
4C3,03,00,00,01,00,00,00,00
4C3,03,00,00,01,00,00,00,00
4C3,03,00,00,01,00,00,00,00
4C3,03,00,00,01,00,00,00,00
4C3,03,00,00,01,00,00,00,00
4C3,03,00,00,01,00,00,00,00
4C3,03,00,00,01,00,00,00,00
4C3,03,00,00,01,00,00,00,00
4C3,03,00,00,01,00,00,00,00
4C3,03,00,00,01,00,00,00,00
4C3,03,00,00,01,00,00,00,00
4C3,03,00,00,01,00,00,00,00
4C3,03,00,00,01,00,00,00,00
4C3,03,00,00,01,00,00,00,00
4C3,03,00,00,01,00,00,00,00
4C3,03,00,00,01,00,00,00,00
4C3,03,00,00,01,00,00,00,00
4C3,03,00,00,01,00,00,00,00
4C3,03,00,00,01,00,00,00,00
4C3,03,00,00,01,00,00,00,00
4C3,03,00,00,01,00,00,00,00
4C3,03,00,00,01,00,00,00,00
4C3,03,00,00,01,00,00,00,00
4C3,03,00,00,01,00,00,00,00
4C3,03,00,00,01,00,00,00,00
4C3,03,00,00,01,00,00,00,00
4C3,03,00,00,01,00,00,00,00
4C3,03,00,00,01,00,00,00,00
4C3,03,00,00,01,00,00,00,00
4C3,03,00,00,01,00,00,00,00
4C3,03,00,00,01,00,00,00,00
4C3,03,00,00,01,00,00,00,00
4C3,03,00,00,01,00,00,00,00
4C3,03,00,00,01,00,00,00,00
4C3,03,00,00,01,00,00,00,00
4C3,03,00,00,01,00,00,00,00
4C3,03,00,00,01,00,00,00,00
4C3,03,00,00,01,00,00,00,00
4C3,03,00,00,01,00,00,00,00
4C3,03,00,00,01,00,00,00,00
4C3,03,00,00,01,00,00,00,00
4C3,03,00,00,01,00,00,00,00
4C3,03,00,00,01,00,00,00,00
4C3,03,00,00,01,00,00,00,00
4C3,03,00,00,01,00,00,00,00
4C3,03,00,00,01,00,00,00,00
4C3,03,00,00,01,00,00,00,00
4C3,03,00,00,01,00,00,00,00
4C3,03,00,00,01,00,00,00,00
4C3,03,00,00,01,00,00,00,00
4C3,03,00,00,01,00,00,00,00
4C3,03,00,00,01,00,00,00,00
4C3,03,00,00,01,00,00,00,00
4C3,03,00,00,01,00,00,00,00
4C3,03,00,00,01,00,00,00,00
4C3,03,00,00,01,00,00,00,00
4C3,03,00,00,01,00,00,00,00
4C3,03,00,00,01,00,00,00,00
4C3,03,00,00,01,00,00,00,00
4C3,03,00,00,01,00,00,00,00
4C3,03,00,00,01,00,00,00,00
4C3,03,00,00,01,00,00,00,00
4C3,03,00,00,01,00,00,00,00
4C3,03,00,00,01,00,00,00,00
4C3,03,00,00,01,00,00,00,00
4C3,03,00,00,01,00,00,00,00
4C3,03,00,00,01,00,00,00,00
4C3,03,00,00,01,00,00,00,00
4C3,03,00,00,01,00,00,00,00
4C3,03,00,00,01,00,00,00,00
4C3,03,00,00,01,00,00,00,00
4C3,03,00,00,01,00,00,00,00
4C3,03,00,00,01,00,00,00,00
4C3,03,00,00,01,00,00,00,00
4C3,03,00,00,01,00,00,00,00
4C3,03,00,00,01,00,00,00,00
4C3,03,00,00,01,00,00,00,00
4C3,03,00,00,01,00,00,00,00
4C3,03,00,00,01,00,00,00,00
4C3,03,00,00,01,00,00,00,00
4C3,03,00,00,01,00,00,00,00
4C3,03,00,00,01,00,00,00,00
4C3,03,00,00,01,00,00,00,00
4C3,03,00,00,01,00,00,00,00
4C3,03,00,00,01,00,00,00,00
4C3,03,00,00,01,00,00,00,00
4C3,03,00,00,01,00,00,00,00
4C3,03,00,00,01,00,00,00,00
4C3,03,00,00,01,00,00,00,00
4C3,03,00,00,01,00,00,00,00
4C3,03,00,00,01,00,00,00,00
4C3,03,00,00,01,00,00,00,00
4C3,03,00,00,01,00,00,00,00
4C3,03,00,00,01,00,00,00,00
4C3,03,00,00,01,00,00,00,00
4C3,03,00,00,01,00,00,00,00
4C3,03,00,00,01,00,00,00,00
4C3,03,00,00,01,00,00,00,00
4C3,03,00,00,01,00,00,00,00
4C3,03,00,00,01,00,00,00,00
4C3,03,00,00,01,00,00,00,00
4C3,03,00,00,01,00,00,00,00
4C3,03,00,00,01,00,00,00,00
4C3,03,00,00,01,00,00,00,00
4C3,03,00,00,01,00,00,00,00
4C3,03,00,00,01,00,00,00,00
4C3,03,00,00,01,00,00,00,00
4C3,03,00,00,01,00,00,00,00
4C3,03,00,00,01,00,00,00,00
4C3,03,00,00,01,00,00,00,00
4C3,03,00,00,01,00,00,00,00
4C3,03,00,00,01,00,00,00,00
4C3,03,00,00,01,00,00,00,00
4C3,03,00,00,01,00,00,00,00
4C3,03,00,00,01,00,00,00,00
4C3,03,00,00,01,00,00,00,00
4C3,03,00,00,01,00,00,00,00
4C3,03,00,00,01,00,00,00,00
4C3,03,00,00,01,00,00,00,00
4C3,03,00,00,01,00,00,00,00
4C3,03,00,00,01,00,00,00,00
4C3,03,00,00,01,00,00,00,00
4C3,03,00,00,01,00,00,00,00
4C3,03,00,00,01,00,00,00,00
4C3,03,00,00,01,00,00,00,00
4C3,03,00,00,01,00,00,00,00
4C3,03,00,00,01,00,00,00,00
4C3,03,00,00,01,00,00,00,00
4C3,03,00,00,01,00,00,00,00
4C3,03,00,00,01,00,00,00,00
4C3,03,00,00,01,00,00,00,00
4C3,03,00,00,01,00,00,00,00
4C3,03,00,00,01,00,00,00,00
4C3,03,00,00,01,00,00,00,00
4C3,03,00,00,01,00,00,00,00
4C3,03,00,00,01,00,00,00,00
4C3,03,00,00,01,00,00,00,00
4C3,03,00,00,01,00,00,00,00
4C3,03,00,00,01,00,00,00,00
4C3,03,00,00,01,00,00,00,00
4C3,03,00,00,01,00,00,00,00
4C3,03,00,00,01,00,00,00,00
4C3,03,00,00,01,00,00,00,00
4C3,03,00,00,01,00,00,00,00
4C3,03,00,00,01,00,00,00,00
4C3,03,00,00,01,00,00,00,00
4C3,03,00,00,01,00,00,00,00
4C3,03,00,00,01,00,00,00,00
4C3,03,00,00,01,00,00,00,00
4C3,03,00,00,01,00,00,00,00
4C3,03,00,00,01,00,00,00,00
4C3,03,00,00,01,00,00,00,00
4C3,03,00,00,01,00,00,00,00
4C3,03,00,00,01,00,00,00,00
4C3,03,00,00,01,00,00,00,00
4C3,03,00,00,01,00,00,00,00
4C3,03,00,00,01,00,00,00,00
4C3,03,00,00,01,00,00,00,00
4C3,03,00,00,01,00,00,00,00
4C3,03,00,00,01,00,00,00,00
4C3,03,00,00,01,00,00,00,00
4C3,03,00,00,01,00,00,00,00
4C3,03,00,00,01,00,00,00,00
4C3,03,00,00,01,00,00,00,00
4C3,03,00,00,01,00,00,00,00
4C3,03,00,00,01,00,00,00,00
4C3,03,00,00,01,00,00,00,00
4C3,03,00,00,01,00,00,00,00
4C3,03,00,00,01,00,00,00,00
4C3,03,00,00,01,00,00,00,00
4C3,03,00,00,01,00,00,00,00
4C3,03,00,00,01,00,00,00,00
4C3,03,00,00,01,00,00,00,00
4C3,03,00,00,01,00,00,00,00
4C3,03,00,00,01,00,00,00,00
4C3,03,00,00,01,00,00,00,00
4C3,03,00,00,01,00,00,00,00
4C3,03,00,00,01,00,00,00,00
4C3,03,00,00,01,00,00,00,00
4C3,03,00,00,01,00,00,00,00
4C3,03,00,00,01,00,00,00,00
4C3,03,00,00,01,00,00,00,00
4C3,03,00,00,01,00,00,00,00
4C3,03,00,00,01,00,00,00,00
4C3,03,00,00,01,00,00,00,00
4C3,03,00,00,01,00,00,00,00
4C3,03,00,00,01,00,00,00,00
4C3,03,00,00,01,00,00,00,00
4C3,03,00,00,01,00,00,00,00
4C3,03,00,00,01,00,00,00,00
4C3,03,00,00,01,00,00,00,00
4C3,03,00,00,01,00,00,00,00
4C3,03,00,00,01,00,00,00,00
4C3,03,00,00,01,00,00,00,00
4C3,03,00,00,01,00,00,00,00
4C3,03,00,00,01,00,00,00,00
4C3,03,00,00,01,00,00,00,00
4C3,03,00,00,01,00,00,00,00
4C3,03,00,00,01,00,00,00,00
4C3,03,00,00,01,00,00,00,00
4C3,03,00,00,01,00,00,00,00
4C3,03,00,00,01,00,00,00,00
4C3,03,00,00,01,00,00,00,00
4C3,03,00,00,01,00,00,00,00
4C3,03,00,00,01,00,00,00,00
4C3,03,00,00,01,00,00,00,00
4C3,03,00,00,01,00,00,00,00
4C3,03,00,00,01,00,00,00,00
4C3,03,00,00,01,00,00,00,00
4C3,03,00,00,01,00,00,00,00
4C3,03,00,00,01,00,00,00,00
4C3,03,00,00,01,00,00,00,00
4C3,03,00,00,01,00,00,00,00
4C3,03,00,00,01,00,00,00,00
4C3,03,00,00,01,00,00,00,00
4C3,03,00,00,01,00,00,00,00
4C3,03,00,00,01,00,00,00,00
4C3,03,00,00,01,00,00,00,00
4C3,03,00,00,01,00,00,00,00
4C3,03,00,00,01,00,00,00,00
4C3,03,00,00,01,00,00,00,00
4C3,03,00,00,01,00,00,00,00
4C3,03,00,00,01,00,00,00,00
4C3,03,00,00,01,00,00,00,00
4C3,03,00,00,01,00,00,00,00
4C3,03,00,00,01,00,00,00,00
4C3,03,00,00,01,00,00,00,00
4C3,03,00,00,01,00,00,00,00
4C3,03,00,00,01,00,00,00,00
4C3,03,00,00,01,00,00,00,00
4C3,03,00,00,01,00,00,00,00
4C3,03,00,00,01,00,00,00,00
4C3,03,00,00,01,00,00,00,00
4C3,03,00,00,01,00,00,00,00
4C3,03,00,00,01,00,00,00,00
4C3,03,00,00,01,00,00,00,00
4C3,03,00,00,01,00,00,00,00
4C3,03,00,00,01,00,00,00,00
4C3,03,00,00,01,00,00,00,00
4C3,03,00,00,01,00,00,00,00
4C3,03,00,00,01,00,00,00,00
4C3,03,00,00,01,00,00,00,00
4C3,03,00,00,01,00,00,00,00
4C3,03,00,00,01,00,00,00,00
4C3,03,00,00,01,00,00,00,00
4C3,03,00,00,01,00,00,00,00
4C3,03,00,00,01,00,00,00,00
4C3,03,00,00,01,00,00,00,00
4C3,03,00,00,01,00,00,00,00
4C3,03,00,00,01,00,00,00,00
4C3,03,00,00,01,00,00,00,00
4C3,03,00,00,01,00,00,00,00
4C3,03,00,00,01,00,00,00,00
4C3,03,00,00,01,00,00,00,00
4C3,03,00,00,01,00,00,00,00
4C3,03,00,00,01,00,00,00,00
4C3,03,00,00,01,00,00,00,00
4C3,03,00,00,01,00,00,00,00
4C3,03,00,00,01,00,00,00,00
4C3,03,00,00,01,00,00,00,00
4C3,03,00,00,01,00,00,00,00
4C3,03,00,00,01,00,00,00,00
4C3,03,00,00,01,00,00,00,00
4C3,03,00,00,01,00,00,00,00
4C3,03,00,00,01,00,00,00,00
4C3,03,00,00,01,00,00,00,00
4C3,03,00,00,01,00,00,00,00
4C3,03,00,00,01,00,00,00,00
4C3,03,00,00,01,00,00,00,00
4C3,03,00,00,01,00,00,00,00
4C3,03,00,00,01,00,00,00,00
4C3,03,00,00,01,00,00,00,00
4C3,03,00,00,01,00,00,00,00
4C3,03,00,00,01,00,00,00,00
4C3,03,00,00,01,00,00,00,00
4C3,03,00,00,01,00,00,00,00
4C3,03,00,00,01,00,00,00,00
4C3,03,00,00,01,00,00,00,00
4C3,03,00,00,01,00,00,00,00
4C3,03,00,00,01,00,00,00,00
4C3,03,00,00,01,00,00,00,00
4C3,03,00,00,01,00,00,00,00
4C3,03,00,00,01,00,00,00,00
4C3,03,00,00,01,00,00,00,00
4C3,03,00,00,01,00,00,00,00
4C3,03,00,00,01,00,00,00,00
4C3,03,00,00,01,00,00,00,00
4C3,03,00,00,01,00,00,00,00
4C3,03,00,00,01,00,00,00,00
4C3,03,00,00,01,00,00,00,00
4C3,03,00,00,01,00,00,00,00
4C3,03,00,00,01,00,00,00,00
4C3,03,00,00,01,00,00,00,00
4C3,03,00,00,01,00,00,00,00
4C3,03,00,00,01,00,00,00,00
4C3,03,00,00,01,00,00,00,00
4C3,03,00,00,01,00,00,00,00
4C3,03,00,00,01,00,00,00,00
4C3,03,00,00,01,00,00,00,00
4C3,03,00,00,01,00,00,00,00
4C3,03,00,00,01,00,00,00,00
4C3,03,00,00,01,00,00,00,00
4C3,03,00,00,01,00,00,00,00
4C3,03,00,00,01,00,00,00,00
4C3,03,00,00,01,00,00,00,00
4C3,03,00,00,01,00,00,00,00
4C3,03,00,00,01,00,00,00,00
4C3,03,00,00,01,00,00,00,00
4C3,03,00,00,01,00,00,00,00
4C3,03,00,00,01,00,00,00,00
4C3,03,00,00,01,00,00,00,00
4C3,03,00,00,01,00,00,00,00
4C3,03,00,00,01,00,00,00,00
4C3,03,00,00,01,00,00,00,00
4C3,03,00,00,01,00,00,00,00
4C3,03,00,00,01,00,00,00,00
4C3,03,00,00,01,00,00,00,00
4C3,03,00,00,01,00,00,00,00
4C3,03,00,00,01,00,00,00,00
4C3,03,00,00,01,00,00,00,00
4C3,03,00,00,01,00,00,00,00
4C3,03,00,00,01,00,00,00,00
4C3,03,00,00,01,00,00,00,00
4C3,03,00,00,01,00,00,00,00
4C3,03,00,00,01,00,00,00,00
4C3,03,00,00,01,00,00,00,00
4C3,03,00,00,01,00,00,00,00
4C3,03,00,00,01,00,00,00,00
4C3,03,00,00,01,00,00,00,00
4C3,03,00,00,01,00,00,00,00
4C3,03,00,00,01,00,00,00,00
4C3,03,00,00,01,00,00,00,00
4C3,03,00,00,01,00,00,00,00
4C3,03,00,00,01,00,00,00,00
4C3,03,00,00,01,00,00,00,00
4C3,03,00,00,01,00,00,00,00
4C3,03,00,00,01,00,00,00,00
4C3,03,00,00,01,00,00,00,00
4C3,03,00,00,01,00,00,00,00
4C3,03,00,00,01,00,00,00,00
4C3,03,00,00,01,00,00,00,00
4C3,03,00,00,01,00,00,00,00
4C3,03,00,00,01,00,00,00,00
4C3,03,00,00,01,00,00,00,00
4C3,03,00,00,01,00,00,00,00
4C3,03,00,00,01,00,00,00,00
4C3,03,00,00,01,00,00,00,00
4C3,03,00,00,01,00,00,00,00
4C3,03,00,00,01,00,00,00,00
4C3,03,00,00,01,00,00,00,00
4C3,03,00,00,01,00,00,00,00
4C3,03,00,00,01,00,00,00,00
4C3,03,00,00,01,00,00,00,00
4C3,03,00,00,01,00,00,00,00
4C3,03,00,00,01,00,00,00,00
4C3,03,00,00,01,00,00,00,00
4C3,03,00,00,01,00,00,00,00
4C3,03,00,00,01,00,00,00,00
4C3,03,00,00,01,00,00,00,00
4C3,03,00,00,01,00,00,00,00
4C3,03,00,00,01,00,00,00,00
4C3,03,00,00,01,00,00,00,00
4C3,03,00,00,01,00,00,00,00
4C3,03,00,00,01,00,00,00,00
4C3,03,00,00,01,00,00,00,00
4C3,03,00,00,01,00,00,00,00
4C3,03,00,00,01,00,00,00,00
4C3,03,00,00,01,00,00,00,00
4C3,03,00,00,01,00,00,00,00
4C3,03,00,00,01,00,00,00,00
4C3,03,00,00,01,00,00,00,00
4C3,03,00,00,01,00,00,00,00
4C3,03,00,00,01,00,00,00,00
4C3,03,00,00,01,00,00,00,00
4C3,03,00,00,01,00,00,00,00
4C3,03,00,00,01,00,00,00,00
4C3,03,00,00,01,00,00,00,00
4C3,03,00,00,01,00,00,00,00
4C3,03,00,00,01,00,00,00,00
4C3,03,00,00,01,00,00,00,00
4C3,03,00,00,01,00,00,00,00
4C3,03,00,00,01,00,00,00,00
4C3,03,00,00,01,00,00,00,00
4C3,03,00,00,01,00,00,00,00
4C3,03,00,00,01,00,00,00,00
4C3,03,00,00,01,00,00,00,00
4C3,03,00,00,01,00,00,00,00
4C3,03,00,00,01,00,00,00,00
4C3,03,00,00,01,00,00,00,00
4C3,03,00,00,01,00,00,00,00
4C3,03,00,00,01,00,00,00,00
4C3,03,00,00,01,00,00,00,00
4C3,03,00,00,01,00,00,00,00
4C3,03,00,00,01,00,00,00,00
4C3,03,00,00,01,00,00,00,00
4C3,03,00,00,01,00,00,00,00
4C3,03,00,00,01,00,00,00,00
4C3,03,00,00,01,00,00,00,00
4C3,03,00,00,01,00,00,00,00
4C3,03,00,00,01,00,00,00,00
4C3,03,00,00,01,00,00,00,00
4C3,03,00,00,01,00,00,00,00
4C3,03,00,00,01,00,00,00,00
4C3,03,00,00,01,00,00,00,00
4C3,03,00,00,01,00,00,00,00
4C3,03,00,00,01,00,00,00,00
4C3,03,00,00,01,00,00,00,00
4C3,03,00,00,01,00,00,00,00
4C3,03,00,00,01,00,00,00,00
4C3,03,00,00,01,00,00,00,00
4C3,03,00,00,01,00,00,00,00
4C3,03,00,00,01,00,00,00,00
4C3,03,00,00,01,00,00,00,00
4C3,03,00,00,01,00,00,00,00
4C3,03,00,00,01,00,00,00,00
4C3,03,00,00,01,00,00,00,00
4C3,03,00,00,01,00,00,00,00
4C3,03,00,00,01,00,00,00,00
4C3,03,00,00,01,00,00,00,00
4C3,03,00,00,01,00,00,00,00
4C3,03,00,00,01,00,00,00,00
4C3,03,00,00,01,00,00,00,00
4C3,03,00,00,01,00,00,00,00
4C3,03,00,00,01,00,00,00,00
4C3,03,00,00,01,00,00,00,00
4C3,03,00,00,01,00,00,00,00
4C3,03,00,00,01,00,00,00,00
4C3,03,00,00,01,00,00,00,00
4C3,03,00,00,01,00,00,00,00
4C3,03,00,00,01,00,00,00,00
4C3,03,00,00,01,00,00,00,00
4C3,03,00,00,01,00,00,00,00
4C3,03,00,00,01,00,00,00,00
4C3,03,00,00,01,00,00,00,00
4C3,03,00,00,01,00,00,00,00
4C3,03,00,00,01,00,00,00,00
4C3,03,00,00,01,00,00,00,00
4C3,03,00,00,01,00,00,00,00
4C3,03,00,00,01,00,00,00,00
4C3,03,00,00,01,00,00,00,00
4C3,03,00,00,01,00,00,00,00
4C3,03,00,00,01,00,00,00,00
4C3,03,00,00,01,00,00,00,00
4C3,03,00,00,01,00,00,00,00
4C3,03,00,00,01,00,00,00,00
4C3,03,00,00,01,00,00,00,00
